,PMV,PPD,SET,Clo,Met,Air temperature (¡C),Relative humidity (%),Air velocity (m/s),Thermal sensation,Thermal comfort,activity_10,activity_20,activity_30,activity_60,Air temperature (¡F),Ta_h (¡C),Ta_h (¡F),Ta_m (¡C),Ta_m (¡F),Ta_l (¡C),Ta_l (¡F),Tg_h (¡C),Tg_h (¡F),Tg_m (¡C),Tg_m (¡F),Tg_l (¡C),Tg_l (¡F),Air velocity (fpm),Velocity_h (m/s),Velocity_h (fpm),Velocity_m (m/s),Velocity_m (fpm),Velocity_l (m/s),Velocity_l (fpm),Blind (curtain),Fan,Window,Door,Heater,Outdoor monthly air temperature (¡F)
0,1.1,33.0,28.48,0.39,1.2,28.4,53.0,0.0,1.0,5.0,1.2,1.2,1.2,1.2,83.1,28.4,83.1,26.7,80.1,29.4,85.0,29.1,84.4,29.0,84.1,28.4,83.1,0.0,0.0,0.0,0.0,0.0,0.0,0.0,0.0,0.0,0.0,1.0,0.0,77.0
1,1.1,29.0,27.94,0.32,1.2,28.4,53.0,0.0,1.0,5.0,1.2,1.2,1.2,1.2,83.1,28.4,83.1,26.7,80.1,29.4,85.0,29.1,84.4,29.0,84.1,28.4,83.1,0.0,0.0,0.0,0.0,0.0,0.0,0.0,1.0,0.0,0.0,1.0,0.0,77.0
2,0.3,7.0,25.59,0.32,1.2,27.3,61.6,0.06,1.0,5.0,1.2,1.2,1.2,1.2,81.1,27.3,81.1,26.5,79.8,26.8,80.3,26.9,80.4,26.5,79.7,25.0,77.0,11.81,0.06,11.81,0.06,11.82,0.0,0.0,1.0,0.0,0.0,1.0,0.0,77.0
3,-0.1,5.0,24.27,0.38,1.1,25.7,58.7,0.04,0.0,5.0,1.0,1.0,1.0,1.0,78.2,25.7,78.2,24.9,76.7,25.9,78.6,25.6,78.1,25.7,78.2,24.7,76.5,7.87,0.04,7.87,0.02,3.94,0.0,0.0,0.0,0.0,1.0,0.0,0.0,77.0
4,-0.3,7.0,23.86,0.38,1.0,25.9,58.0,0.02,0.0,5.0,1.0,1.0,1.0,1.0,78.5,25.9,78.5,25.1,77.1,26.0,78.9,25.9,78.6,25.8,78.4,24.8,76.6,3.94,0.02,3.94,0.02,3.94,0.0,0.0,0.0,0.0,0.0,0.0,0.0,77.0
5,0.0,5.0,24.67,0.32,1.2,25.9,58.0,0.02,0.0,6.0,1.2,1.2,1.2,1.2,78.5,25.9,78.5,25.1,77.1,26.0,78.9,25.9,78.6,25.8,78.4,24.8,76.6,3.94,0.02,3.94,0.02,3.94,0.0,0.0,0.0,0.0,1.0,0.0,0.0,77.0
6,0.0,5.0,24.63,0.32,1.2,25.7,59.9,0.02,0.0,5.0,1.2,1.2,1.2,1.2,78.2,25.7,78.2,24.9,76.9,25.8,78.5,25.9,78.5,25.8,78.4,24.7,76.4,3.94,0.02,3.94,0.04,7.88,0.0,0.0,0.0,0.0,0.0,0.0,0.0,77.0
7,0.1,5.0,25.04,0.4,1.2,25.8,66.5,0.04,0.0,4.0,1.2,1.2,1.2,1.2,78.4,25.8,78.4,24.9,76.8,25.4,77.7,25.4,77.6,25.3,77.6,23.9,75.0,7.87,0.04,7.87,0.02,3.94,0.0,0.0,1.0,0.0,0.0,1.0,0.0,77.0
8,-0.2,6.0,23.95,0.45,1.1,25.3,51.2,0.0,1.0,5.0,1.0,1.0,1.0,1.2,77.5,25.3,77.5,24.2,75.6,25.0,76.9,24.8,76.6,24.7,76.5,23.5,74.3,0.0,0.0,0.0,0.0,0.0,0.0,0.0,1.0,0.0,0.0,1.0,0.0,77.0
9,0.0,5.0,24.62,0.4,1.2,25.7,58.8,0.04,1.0,5.0,1.2,1.2,1.2,1.2,78.2,25.7,78.2,24.7,76.5,25.3,77.5,25.3,77.5,25.2,77.3,23.8,74.9,7.87,0.04,7.87,0.02,3.94,0.0,0.0,1.0,0.0,0.0,1.0,0.0,77.0
10,-0.1,5.0,24.06,0.34,1.2,25.7,58.8,0.04,0.0,6.0,1.2,1.2,1.2,1.2,78.2,25.7,78.2,24.7,76.5,25.3,77.5,25.3,77.5,25.2,77.3,23.8,74.9,7.87,0.04,7.87,0.02,3.94,0.0,0.0,1.0,0.0,0.0,1.0,0.0,77.0
11,0.4,8.0,25.98,0.45,1.2,26.6,59.2,0.04,0.0,5.0,1.2,1.2,1.2,1.2,79.8,26.6,79.8,25.5,77.9,25.8,78.4,26.2,79.1,26.0,78.8,24.3,75.7,7.87,0.04,7.87,0.02,3.94,0.0,0.0,1.0,0.0,0.0,1.0,0.0,77.0
12,-0.2,6.0,23.8,0.37,1.2,25.1,50.4,0.0,0.0,5.0,1.2,1.2,1.2,1.2,77.1,25.1,77.1,24.2,75.6,24.9,76.7,24.6,76.3,24.6,76.3,23.4,74.1,0.0,0.0,0.0,0.0,0.0,0.0,0.0,1.0,0.0,0.0,0.0,0.0,77.0
13,0.6,13.0,27.37,0.44,1.7,25.1,51.8,0.08,0.0,5.0,1.0,1.2,2.0,2.0,77.2,25.1,77.2,24.6,76.3,24.9,76.8,24.8,76.6,24.8,76.6,23.5,74.4,15.75,0.08,15.75,0.04,7.88,0.0,0.0,1.0,1.0,0.0,0.0,0.0,77.0
14,0.1,5.0,24.69,0.38,1.2,26.4,47.3,0.06,0.0,6.0,1.2,1.2,1.2,1.2,79.5,26.4,79.5,25.6,78.2,25.6,78.1,26.1,78.9,25.9,78.5,24.2,75.6,11.81,0.06,11.81,0.02,3.94,0.0,0.0,1.0,0.0,0.0,1.0,0.0,77.0
15,0.2,6.0,25.23,0.43,1.2,26.4,47.4,0.04,1.0,4.0,1.2,2.0,1.0,1.0,79.5,26.4,79.5,25.7,78.3,25.6,78.0,26.2,79.1,25.9,78.6,24.2,75.5,7.87,0.04,7.87,0.02,3.94,0.0,0.0,1.0,0.0,0.0,1.0,0.0,77.0
16,0.5,11.0,26.02,0.38,1.2,27.9,42.7,0.02,1.0,5.0,1.2,1.2,1.2,1.2,82.3,27.9,82.3,27.1,80.7,26.6,79.8,27.4,81.4,27.0,80.6,25.1,77.2,3.94,0.02,3.94,0.0,0.0,0.0,0.0,1.0,0.0,0.0,0.0,0.0,77.0
17,-0.3,7.0,23.99,0.68,1.2,22.8,49.7,0.04,-2.0,6.0,1.2,1.2,1.2,1.2,73.0,22.8,73.0,22.1,71.8,22.8,73.0,22.6,72.6,22.7,72.8,21.5,70.6,7.87,0.04,7.87,0.04,7.88,0.0,0.0,1.0,0.0,0.0,1.0,0.0,77.0
18,-0.2,6.0,24.47,0.74,1.2,22.8,49.7,0.04,-2.0,5.0,1.2,1.2,1.2,1.2,73.0,22.8,73.0,22.1,71.8,22.8,73.0,22.6,72.6,22.7,72.8,21.5,70.6,7.87,0.04,7.87,0.04,7.88,0.0,0.0,1.0,0.0,0.0,1.0,0.0,77.0
19,-0.2,6.0,24.47,0.88,1.1,22.9,49.6,0.04,-1.0,5.0,1.2,1.2,1.0,1.0,73.2,22.9,73.2,22.3,72.1,22.9,73.3,22.7,72.8,22.8,73.0,21.6,70.9,7.87,0.04,7.87,0.02,3.94,0.0,0.0,1.0,0.0,0.0,1.0,0.0,77.0
20,0.9,23.0,30.61,0.8,2.0,22.9,49.6,0.04,0.0,5.0,2.0,2.0,2.0,2.0,73.2,22.9,73.2,22.3,72.1,22.9,73.3,22.7,72.8,22.8,73.0,21.6,70.9,7.87,0.04,7.87,0.02,3.94,0.0,0.0,0.0,0.0,0.0,1.0,0.0,77.0
21,0.0,5.0,25.26,0.88,1.2,23.3,27.3,0.02,0.0,5.0,1.2,1.2,1.2,1.2,74.0,23.3,74.0,22.0,71.7,23.0,73.5,22.8,73.0,22.7,72.9,21.8,71.2,3.94,0.02,3.94,0.07,13.79,0.1,19.7,0.0,1.0,0.0,1.0,1.0,41.0
22,-0.4,8.0,23.55,0.64,1.2,23.3,27.3,0.02,0.0,5.0,1.2,1.2,1.2,1.2,74.0,23.3,74.0,22.0,71.7,23.0,73.5,22.8,73.0,22.7,72.9,21.8,71.2,3.94,0.02,3.94,0.07,13.79,0.1,19.7,0.0,0.0,0.0,1.0,0.0,41.0
23,0.1,5.0,25.59,0.86,1.3,23.3,27.3,0.02,0.0,6.0,1.2,1.6,1.2,1.2,74.0,23.3,74.0,22.0,71.7,23.0,73.5,22.8,73.0,22.7,72.9,21.8,71.2,3.94,0.02,3.94,0.07,13.79,0.1,19.7,0.0,0.0,0.0,1.0,1.0,41.0
24,-0.4000000000000001,10.666666666666666,23.623333333333335,0.6,1.3333333333333333,23.9,28.1,0.26,1.0,6.0,1.0,1.1333333333333333,1.4000000000000001,1.4000000000000001,74.9,23.9,74.9,22.5,72.5,23.4,74.1,23.3,74.0,23.1,73.7,22.1,71.7,51.18,0.26,51.18,0.07,13.79,0.1,19.7,0.0,0.0,0.0,1.0,0.0,41.0
25,0.9,21.0,26.95,0.76,2.4,23.4,20.1,0.62,2.0,2.0,2.0,2.0,2.0,2.8,74.1,23.4,74.1,21.8,71.2,23.1,73.6,23.4,74.0,23.6,74.5,21.9,71.5,122.05,0.62,122.05,0.07,13.79,0.1,19.7,1.0,0.0,0.0,1.0,1.0,41.0
26,0.5,10.0,26.43,0.51,1.7,24.9,21.6,0.04,0.0,5.0,1.0,1.0,1.9,2.0,76.7,24.9,76.7,23.5,74.3,23.7,74.7,25.3,77.5,25.2,77.4,22.6,72.6,7.87,0.04,7.87,0.07,13.79,0.1,19.7,0.0,0.0,0.0,1.0,1.0,41.0
27,0.4,8.0,26.04,0.64,1.2,26.3,24.0,0.04,1.0,5.0,1.2,1.2,1.2,1.2,79.3,26.3,79.3,23.6,74.5,24.0,75.1,29.2,84.6,24.4,76.0,22.7,72.9,7.87,0.04,7.87,0.07,13.79,0.1,19.7,0.0,0.0,0.0,1.0,0.0,41.0
28,0.5,9.0,26.92,0.98,1.0,26.3,24.0,0.04,1.0,6.0,1.0,1.0,1.0,1.0,79.3,26.3,79.3,23.6,74.5,24.0,75.1,29.2,84.6,24.4,76.0,22.7,72.9,7.87,0.04,7.87,0.07,13.79,0.1,19.7,0.0,0.0,0.0,1.0,1.0,41.0
29,0.1,5.0,25.52,0.73,1.0,26.3,24.0,0.04,0.0,5.0,1.0,1.0,1.0,1.0,79.3,26.3,79.3,23.6,74.5,24.0,75.1,29.2,84.6,24.4,76.0,22.7,72.9,7.87,0.04,7.87,0.07,13.79,0.1,19.7,0.0,0.0,0.0,1.0,1.0,41.0
30,0.6,13.0,27.45,0.86,1.2,26.3,24.0,0.04,0.0,6.0,1.2,1.2,1.2,1.2,79.3,26.3,79.3,23.6,74.5,24.0,75.1,29.2,84.6,24.4,76.0,22.7,72.9,7.87,0.04,7.87,0.07,13.79,0.1,19.7,0.0,0.0,0.0,1.0,1.0,41.0
31,-0.2,6.0,23.76,0.62,1.3,25.8,24.5,0.3,0.0,4.0,1.6,1.2,1.2,1.2,78.4,25.8,78.4,23.4,74.1,23.9,75.1,27.6,81.7,24.1,75.3,22.6,72.7,59.06,0.3,59.06,0.07,13.79,0.1,19.7,0.0,0.0,0.0,1.0,0.0,41.0
32,-1.1,31.0,20.54,0.79,1.2,23.5,24.3,0.88,0.0,5.0,1.2,1.2,1.2,1.2,74.3,23.5,74.3,22.1,71.8,22.9,73.2,22.9,73.2,22.7,72.8,21.6,70.9,173.23,0.88,173.23,0.07,13.79,0.1,19.7,0.0,1.0,0.0,1.0,1.0,41.0
33,-0.5,10.0,22.84,1.06,1.2,23.5,24.3,0.88,0.0,6.0,1.2,1.2,1.2,1.2,74.3,23.5,74.3,22.1,71.8,22.9,73.2,22.9,73.2,22.7,72.8,21.6,70.9,173.23,0.88,173.23,0.07,13.79,0.1,19.7,0.0,1.0,0.0,1.0,1.0,41.0
34,0.2,6.0,25.98,0.97,1.2,24.1,18.6,0.04,0.0,6.0,1.2,1.2,1.2,1.2,75.4,24.1,75.4,22.4,72.4,23.3,74.0,23.5,74.3,23.2,73.8,22.0,71.6,7.87,0.04,7.87,0.07,13.79,0.1,19.7,0.0,1.0,0.0,1.0,1.0,41.0
35,-0.3,7.0,24.34,0.91,1.0,24.1,18.6,0.04,0.0,6.0,1.0,1.0,1.0,1.0,75.4,24.1,75.4,22.4,72.4,23.3,74.0,23.5,74.3,23.2,73.8,22.0,71.6,7.87,0.04,7.87,0.07,13.79,0.1,19.7,0.0,0.0,0.0,1.0,1.0,41.0
36,0.1,5.0,25.72,0.93,1.2,24.1,18.6,0.04,0.0,5.0,1.2,1.2,1.2,1.2,75.4,24.1,75.4,22.4,72.4,23.3,74.0,23.5,74.3,23.2,73.8,22.0,71.6,7.87,0.04,7.87,0.07,13.79,0.1,19.7,0.0,1.0,0.0,1.0,1.0,41.0
37,0.0,5.0,24.91,0.79,1.2,24.2,20.0,0.04,0.0,5.0,1.2,1.2,1.2,1.2,75.6,24.2,75.6,22.6,72.6,23.4,74.1,23.6,74.4,23.3,74.0,22.1,71.8,7.87,0.04,7.87,0.07,13.79,0.1,19.7,0.0,0.0,0.0,0.0,0.0,41.0
38,-0.5,10.0,23.34,0.83,1.2,21.6,25.4,0.02,0.0,5.0,1.2,1.2,1.2,1.2,71.0,21.6,71.0,20.3,68.6,21.3,70.3,20.9,69.7,20.9,69.6,19.9,67.9,3.94,0.02,3.94,0.07,13.79,0.1,19.7,0.0,0.0,0.0,1.0,0.0,41.0
39,-0.4,8.0,23.98,0.92,1.2,21.6,25.4,0.02,-1.0,6.0,1.2,1.2,1.2,1.2,71.0,21.6,71.0,20.3,68.6,21.3,70.3,20.9,69.7,20.9,69.6,19.9,67.9,3.94,0.02,3.94,0.07,13.79,0.1,19.7,0.0,0.0,0.0,1.0,1.0,41.0
40,-1.0,26.0,21.01,0.84,1.2,23.2,27.1,0.74,-1.0,5.0,1.2,1.2,1.2,1.2,73.7,23.2,73.7,21.8,71.2,22.5,72.4,22.5,72.6,22.4,72.3,21.2,70.1,145.67,0.74,145.67,0.07,13.79,0.1,19.7,0.0,0.0,0.0,1.0,1.0,41.0
41,-2.0,75.0,18.99,0.77,1.0,23.2,27.1,0.74,0.0,5.0,1.0,1.0,1.0,1.0,73.7,23.2,73.7,21.8,71.2,22.5,72.4,22.5,72.6,22.4,72.3,21.2,70.1,145.67,0.74,145.67,0.07,13.79,0.1,19.7,1.0,0.0,0.0,0.0,1.0,41.0
42,-0.5,10.0,23.23,0.62,1.2,23.4,24.6,0.02,0.0,4.0,1.2,1.2,1.2,1.2,74.0,23.4,74.0,22.0,71.6,22.5,72.6,22.9,73.2,22.5,72.5,21.2,70.2,3.94,0.02,3.94,0.07,13.79,0.1,19.7,0.0,0.0,0.0,1.0,1.0,41.0
43,-0.2,6.0,22.91,0.92,1.6,23.2,24.7,1.04,-1.0,6.0,1.2,1.2,1.2,1.9,73.8,23.2,73.8,21.9,71.4,22.4,72.3,22.7,72.9,22.3,72.2,21.0,69.9,204.72,1.04,204.72,0.09,17.73,0.1,19.7,1.0,0.0,0.0,1.0,1.0,41.0
44,-1.4,47.0,19.39,0.75,1.2,23.2,24.7,1.04,0.0,5.0,1.2,1.2,1.2,1.2,73.8,23.2,73.8,21.9,71.4,22.4,72.3,22.7,72.9,22.3,72.2,21.0,69.9,204.72,1.04,204.72,0.09,17.73,0.1,19.7,0.0,0.0,0.0,1.0,1.0,41.0
45,-1.0,27.0,20.9,0.83,1.2,23.0,27.6,0.62,0.0,5.0,1.2,1.2,1.2,1.2,73.4,23.0,73.4,22.0,71.7,22.2,72.0,22.3,72.1,22.0,71.7,20.9,69.7,122.05,0.62,122.05,0.07,13.79,0.1,19.7,0.0,1.0,0.0,0.0,1.0,41.0
46,-0.8,19.0,21.7,0.92,1.2,23.0,27.6,0.62,-1.0,6.0,1.2,1.2,1.2,1.2,73.4,23.0,73.4,22.0,71.7,22.2,72.0,22.3,72.1,22.0,71.7,20.9,69.7,122.05,0.62,122.05,0.07,13.79,0.1,19.7,0.0,1.0,0.0,0.0,1.0,41.0
47,-2.2,85.0,16.8,0.65,1.2,23.3,28.1,2.1,0.0,5.0,1.2,1.2,1.2,1.2,73.9,23.3,73.9,22.3,72.1,22.4,72.4,22.6,72.6,22.3,72.2,21.1,70.1,413.39,2.1,413.39,0.09,17.73,0.1,19.7,0.0,0.0,0.0,0.0,1.0,41.0
48,-3.0,99.0,15.15,0.64,1.0,23.3,28.1,2.1,-1.0,5.0,1.0,1.0,1.0,1.0,73.9,23.3,73.9,22.3,72.1,22.4,72.4,22.6,72.6,22.3,72.2,21.1,70.1,413.39,2.1,413.39,0.09,17.73,0.1,19.7,0.0,0.0,0.0,0.0,1.0,41.0
49,-1.2666666666666666,39.666666666666664,20.576666666666668,0.92,1.3666666666666665,24.2,27.6,0.7,-1.0,6.0,1.2,1.2,1.4666666666666668,1.4666666666666668,75.5,24.2,75.5,23.3,74.0,23.5,74.2,23.8,74.8,23.5,74.3,22.3,72.1,137.8,0.7,137.8,0.07,13.79,0.1,19.7,0.0,0.0,0.0,1.0,1.0,41.0
50,-0.8,18.0,21.73,0.77,1.2,24.2,27.6,0.7,0.0,5.0,1.2,1.2,1.2,1.2,75.5,24.2,75.5,23.3,74.0,23.5,74.2,23.8,74.8,23.5,74.3,22.3,72.1,137.8,0.7,137.8,0.07,13.79,0.1,19.7,1.0,1.0,0.0,0.0,1.0,41.0
51,-1.1,30.0,20.24,0.65,1.2,25.9,28.2,1.64,1.0,5.0,1.2,1.2,1.2,1.2,78.5,25.9,78.5,25.2,77.4,24.7,76.5,25.3,77.6,25.1,77.2,23.4,74.1,322.83,1.64,322.83,0.07,13.79,0.1,19.7,1.0,0.0,0.0,1.0,1.0,41.0
52,0.3,7.0,26.95,0.89,1.7,21.8,21.7,0.04,0.0,5.0,1.2,1.2,1.9,1.9,71.2,21.8,71.2,21.0,69.8,21.6,71.0,21.1,69.9,21.1,70.0,20.3,68.5,7.87,0.04,7.87,0.07,13.79,0.1,19.7,0.0,0.0,0.0,1.0,1.0,41.0
53,-0.9,23.0,21.57,1.03,1.2,21.9,22.0,0.68,0.0,5.0,1.0,1.2,1.2,1.2,71.4,21.9,71.4,21.1,70.0,21.7,71.1,21.2,70.2,21.3,70.3,20.4,68.7,133.86,0.68,133.86,0.07,13.79,0.1,19.7,0.0,0.0,0.0,1.0,1.0,41.0
54,-1.5,50.0,20.85,0.57,1.0,22.7,22.4,0.04,-1.0,5.0,1.0,1.0,1.0,1.0,72.8,22.7,72.8,21.8,71.3,22.2,72.0,22.1,71.7,22.0,71.6,21.0,69.8,7.87,0.04,7.87,0.07,13.79,0.1,19.7,0.0,0.0,0.0,1.0,1.0,41.0
55,-1.3,38.0,20.26,0.77,1.2,22.5,22.8,0.64,1.0,5.0,1.2,1.2,1.2,1.2,72.6,22.5,72.6,21.5,70.7,21.6,70.8,22.0,71.7,22.0,71.6,20.8,69.4,125.98,0.64,125.98,0.07,13.79,0.1,19.7,0.0,0.0,0.0,0.0,0.0,41.0
56,0.4,9.0,26.13,0.51,1.2,26.1,22.0,0.02,0.0,5.0,1.2,1.2,1.2,1.2,78.9,26.1,78.9,28.6,83.5,24.6,76.3,28.0,82.5,29.2,84.6,23.5,74.2,3.94,0.02,3.94,0.07,13.79,0.1,19.7,0.0,0.0,0.0,0.0,1.0,41.0
57,-1.2,38.0,19.92,0.82,1.2,23.1,24.7,1.04,0.0,5.0,1.2,1.2,1.2,1.2,73.7,23.1,73.7,22.2,72.0,22.4,72.3,22.4,72.4,22.2,72.0,21.1,69.9,204.72,1.04,204.72,0.07,13.79,0.1,19.7,0.0,1.0,0.0,0.0,1.0,41.0
58,-1.6,59.0,18.71,0.7,1.2,23.1,24.7,1.04,0.0,5.0,1.2,1.2,1.2,1.2,73.7,23.1,73.7,22.2,72.0,22.4,72.3,22.4,72.4,22.2,72.0,21.1,69.9,204.72,1.04,204.72,0.07,13.79,0.1,19.7,0.0,0.0,0.0,0.0,1.0,41.0
59,-0.8,20.0,20.9,0.83,1.3,23.1,24.7,1.04,-1.0,6.0,2.0,1.2,1.2,1.2,73.7,23.1,73.7,22.2,72.0,22.4,72.3,22.4,72.4,22.2,72.0,21.1,69.9,204.72,1.04,204.72,0.07,13.79,0.1,19.7,0.0,1.0,0.0,0.0,1.0,41.0
60,-1.2,34.0,20.98,0.25,1.2,24.2,28.9,0.04,0.0,6.0,1.2,1.2,1.2,1.2,75.6,24.2,75.6,23.3,73.9,23.2,73.7,23.7,74.7,23.5,74.4,22.0,71.6,7.87,0.04,7.87,0.07,13.79,0.1,19.7,0.0,1.0,0.0,1.0,1.0,41.0
61,-1.0,24.0,20.63,0.86,1.2,24.3,28.9,1.6,0.0,6.0,1.2,1.2,1.2,1.2,75.7,24.3,75.7,23.2,73.8,23.2,73.7,23.7,74.6,23.3,73.9,21.9,71.5,314.96,1.6,314.96,0.07,13.79,0.1,19.7,0.0,1.0,0.0,1.0,1.0,41.0
62,-1.7,63.0,18.36,0.64,1.2,24.3,28.9,1.6,0.0,5.0,1.2,1.2,1.2,1.2,75.7,24.3,75.7,23.2,73.8,23.2,73.7,23.7,74.6,23.3,73.9,21.9,71.5,314.96,1.6,314.96,0.07,13.79,0.1,19.7,0.0,0.0,0.0,1.0,1.0,41.0
63,-2.8,98.0,16.44,0.33,1.2,23.1,29.9,0.52,0.0,6.0,1.2,1.2,1.2,1.2,73.7,23.1,73.7,22.3,72.1,22.5,72.5,22.4,72.4,22.3,72.1,21.2,70.1,102.36,0.52,102.36,0.09,17.73,0.1,19.7,0.0,0.0,0.0,0.0,1.0,41.0
64,-1.1,32.0,20.65,0.74,1.2,23.2,29.6,0.56,0.0,5.0,1.2,1.2,1.2,1.2,73.7,23.2,73.7,22.4,72.2,22.5,72.6,22.5,72.5,22.3,72.2,21.2,70.2,110.24,0.56,110.24,0.07,13.79,0.1,19.7,0.0,1.0,0.0,1.0,1.0,41.0
65,-1.0,27.0,21.02,0.78,1.2,23.2,29.6,0.56,0.0,5.0,1.2,1.2,1.2,1.2,73.7,23.2,73.7,22.4,72.2,22.5,72.6,22.5,72.5,22.3,72.2,21.2,70.2,110.24,0.56,110.24,0.07,13.79,0.1,19.7,0.0,1.0,0.0,1.0,0.0,41.0
66,-0.8,19.0,21.73,0.86,1.2,23.2,29.6,0.56,0.0,6.0,1.2,1.2,1.2,1.2,73.7,23.2,73.7,22.4,72.2,22.5,72.6,22.5,72.5,22.3,72.2,21.2,70.2,110.24,0.56,110.24,0.07,13.79,0.1,19.7,0.0,1.0,0.0,1.0,1.0,41.0
67,-1.0,28.0,20.93,0.77,1.2,23.2,29.6,0.56,1.0,5.0,1.2,1.2,1.2,1.2,73.7,23.2,73.7,22.4,72.2,22.5,72.6,22.5,72.5,22.3,72.2,21.2,70.2,110.24,0.56,110.24,0.07,13.79,0.1,19.7,0.0,0.0,0.0,1.0,1.0,41.0
68,-0.7,14.0,22.33,0.93,1.2,23.2,29.6,0.56,1.0,5.0,1.2,1.2,1.2,1.2,73.7,23.2,73.7,22.4,72.2,22.5,72.6,22.5,72.5,22.3,72.2,21.2,70.2,110.24,0.56,110.24,0.07,13.79,0.1,19.7,0.0,0.0,0.0,1.0,1.0,41.0
69,-1.3,39.0,20.18,0.69,1.2,23.2,29.6,0.56,1.0,5.0,1.2,1.2,1.2,1.2,73.7,23.2,73.7,22.4,72.2,22.5,72.6,22.5,72.5,22.3,72.2,21.2,70.2,110.24,0.56,110.24,0.07,13.79,0.1,19.7,0.0,0.0,0.0,1.0,1.0,41.0
70,-0.4,8.0,22.7,0.82,1.4,23.2,29.6,0.56,1.0,5.0,1.2,1.9,1.9,1.2,73.7,23.2,73.7,22.4,72.2,22.5,72.6,22.5,72.5,22.3,72.2,21.2,70.2,110.24,0.56,110.24,0.07,13.79,0.1,19.7,1.0,1.0,0.0,1.0,1.0,41.0
71,-0.7666666666666667,19.666666666666668,21.853333333333335,0.85,1.2333333333333334,23.2,29.6,0.56,0.0,6.0,1.6,1.2,1.2,2.0,73.7,23.2,73.7,22.4,72.2,22.5,72.6,22.5,72.5,22.3,72.2,21.2,70.2,110.24,0.56,110.24,0.07,13.79,0.1,19.7,0.0,1.0,0.0,1.0,1.0,41.0
72,-0.4,8.0,23.18,0.99,1.3,23.2,29.6,0.56,0.0,5.0,1.6,1.2,1.2,1.2,73.7,23.2,73.7,22.4,72.2,22.5,72.6,22.5,72.5,22.3,72.2,21.2,70.2,110.24,0.56,110.24,0.07,13.79,0.1,19.7,0.0,0.0,0.0,1.0,1.0,41.0
73,0.4,9.0,25.96,0.93,1.9,23.2,29.6,0.56,1.0,5.0,1.6,2.0,1.6,2.0,73.7,23.2,73.7,22.4,72.2,22.5,72.6,22.5,72.5,22.3,72.2,21.2,70.2,110.24,0.56,110.24,0.07,13.79,0.1,19.7,0.0,0.0,0.0,1.0,1.0,41.0
74,-0.7,16.0,22.08,0.9,1.2,23.2,29.6,0.56,0.0,5.0,1.2,1.2,1.2,1.2,73.7,23.2,73.7,22.4,72.2,22.5,72.6,22.5,72.5,22.3,72.2,21.2,70.2,110.24,0.56,110.24,0.07,13.79,0.1,19.7,0.0,0.0,0.0,1.0,1.0,41.0
75,-1.2,36.0,20.14,0.64,1.3,23.2,29.6,0.56,0.0,4.0,1.6,2.0,1.0,1.0,73.7,23.2,73.7,22.4,72.2,22.5,72.6,22.5,72.5,22.3,72.2,21.2,70.2,110.24,0.56,110.24,0.07,13.79,0.1,19.7,0.0,0.0,0.0,1.0,1.0,41.0
76,-1.3,39.0,20.18,0.69,1.2,23.2,29.6,0.56,1.0,5.0,1.2,1.2,1.2,1.2,73.7,23.2,73.7,22.4,72.2,22.5,72.6,22.5,72.5,22.3,72.2,21.2,70.2,110.24,0.56,110.24,0.07,13.79,0.1,19.7,0.0,0.0,0.0,1.0,1.0,41.0
77,-0.8666666666666667,22.333333333333332,21.486666666666665,0.96,1.2,23.2,29.6,0.56,0.0,5.0,1.2,1.2,1.2,1.2,73.7,23.2,73.7,22.4,72.2,22.5,72.6,22.5,72.5,22.3,72.2,21.2,70.2,110.24,0.56,110.24,0.07,13.79,0.1,19.7,0.0,1.0,0.0,1.0,1.0,41.0
78,-1.1,32.0,20.65,0.74,1.2,23.2,29.6,0.56,2.0,5.0,1.2,1.2,1.2,1.2,73.7,23.2,73.7,22.4,72.2,22.5,72.6,22.5,72.5,22.3,72.2,21.2,70.2,110.24,0.56,110.24,0.07,13.79,0.1,19.7,0.0,0.0,0.0,1.0,1.0,41.0
79,-0.033333333333333326,7.333333333333333,24.733333333333334,0.38,1.2,25.8,50.53333333333333,0.060000000000000005,0.0,5.0,1.2,1.2,1.2,1.2,78.43333333333332,25.8,78.43333333333332,25.266666666666666,77.46666666666667,25.666666666666668,78.13333333333334,26.166666666666668,79.03333333333333,25.733333333333334,78.3,24.833333333333332,76.7,12.013333333333334,0.060000000000000005,12.013333333333334,0.053333333333333344,10.886666666666668,0.023333333333333334,4.32,1.0,0.0,0.0,1.0,0.0,77.0
80,-0.03333333333333333,5.0,24.406666666666666,0.32,1.2,25.766666666666666,50.36666666666667,0.05666666666666667,0.0,6.0,1.6,1.2,1.0,1.2,78.36666666666666,25.766666666666666,78.36666666666666,25.133333333333336,77.26666666666667,25.566666666666666,78.0,25.76666666666667,78.3,25.566666666666663,77.96666666666667,24.433333333333334,76.03333333333333,11.25,0.05666666666666667,11.25,0.036666666666666674,7.406666666666666,0.013333333333333334,2.6633333333333336,1.0,0.0,0.0,1.0,0.0,77.0
81,0.46666666666666673,13.666666666666666,26.05,0.43,1.2,27.13333333333333,57.800000000000004,0.03333333333333333,1.0,5.0,1.2,1.2,1.2,1.2,80.8,27.13333333333333,80.8,25.96666666666667,78.8,27.166666666666668,80.93333333333334,27.100000000000005,80.76666666666667,26.900000000000002,80.36666666666666,25.733333333333334,78.33333333333333,6.56,0.03333333333333333,6.56,0.02666666666666667,5.253333333333333,0.0,0.0,1.0,0.0,0.0,1.0,0.0,77.0
82,-0.9,21.0,22.18,0.54,1.2,23.3,41.3,0.18,0.0,5.0,1.2,1.2,1.2,1.2,74.0,23.3,74.0,22.6,72.6,23.2,73.8,23.0,73.3,22.9,73.2,21.9,71.3,35.43,0.18,35.43,0.04,7.88,0.1,19.7,0.0,0.0,0.0,0.0,0.0,55.4
83,-0.1,5.0,24.93,0.89,1.2,23.3,41.3,0.18,0.0,5.0,1.2,1.2,1.2,1.2,74.0,23.3,74.0,22.6,72.6,23.2,73.8,23.0,73.3,22.9,73.2,21.9,71.3,35.43,0.18,35.43,0.04,7.88,0.1,19.7,0.0,0.0,0.0,0.0,0.0,55.4
84,-0.3,7.0,24.02,0.77,1.2,23.3,41.3,0.18,-1.0,5.0,1.2,1.2,1.2,1.2,74.0,23.3,74.0,22.6,72.6,23.2,73.8,23.0,73.3,22.9,73.2,21.9,71.3,35.43,0.18,35.43,0.04,7.88,0.1,19.7,0.0,0.0,0.0,0.0,0.0,55.4
85,-0.7,15.0,20.75,0.51,1.6,23.5,40.8,0.79,0.0,5.0,1.6,1.6,1.6,1.6,74.3,23.5,74.3,22.8,73.0,23.3,73.9,23.2,73.8,23.1,73.5,21.9,71.5,155.51,0.79,155.51,0.08,15.76,0.1,19.7,0.0,0.0,0.0,0.0,0.0,55.4
86,-1.1,31.0,20.62,0.69,1.2,23.5,40.8,0.79,0.0,5.0,1.2,1.2,1.2,1.2,74.3,23.5,74.3,22.8,73.0,23.3,73.9,23.2,73.8,23.1,73.5,21.9,71.5,155.51,0.79,155.51,0.08,15.76,0.1,19.7,0.0,0.0,0.0,0.0,0.0,55.4
87,-1.3,40.0,20.13,0.64,1.2,23.5,40.8,0.79,0.0,4.0,1.2,1.2,1.2,1.2,74.3,23.5,74.3,22.8,73.0,23.3,73.9,23.2,73.8,23.1,73.5,21.9,71.5,155.51,0.79,155.51,0.08,15.76,0.1,19.7,0.0,0.0,0.0,0.0,0.0,55.4
88,-0.8,19.0,22.46,0.49,1.2,23.5,39.7,0.14,0.0,5.0,1.2,1.2,1.2,1.2,74.3,23.5,74.3,22.8,73.1,23.3,73.9,23.3,74.0,23.1,73.5,21.8,71.3,27.56,0.14,27.56,0.14,27.58,0.1,19.7,0.0,0.0,0.0,1.0,0.0,55.4
89,-0.5,9.0,23.75,0.65,1.2,23.5,39.7,0.14,0.0,5.0,1.2,1.2,1.2,1.2,74.3,23.5,74.3,22.8,73.1,23.3,73.9,23.3,74.0,23.1,73.5,21.8,71.3,27.56,0.14,27.56,0.14,27.58,0.1,19.7,0.0,0.0,0.0,0.0,0.0,55.4
90,-0.8,18.0,22.38,0.43,1.3,23.5,39.7,0.14,0.0,5.0,1.2,1.6,1.2,1.2,74.3,23.5,74.3,22.8,73.1,23.3,73.9,23.3,74.0,23.1,73.5,21.8,71.3,27.56,0.14,27.56,0.14,27.58,0.1,19.7,0.0,1.0,0.0,1.0,0.0,55.4
91,0.3,7.0,23.92,0.86,1.9,23.7,39.0,2.52,0.0,5.0,1.6,2.0,2.0,2.0,74.6,23.7,74.6,23.0,73.3,23.4,74.1,23.4,74.1,23.2,73.8,22.1,71.7,496.06,2.52,496.06,0.18,35.46,0.1,19.7,0.0,0.0,0.0,0.0,0.0,55.4
92,-1.1,30.0,18.62,0.51,1.7,23.7,39.0,2.52,0.0,5.0,1.0,1.0,2.0,2.0,74.6,23.7,74.6,23.0,73.3,23.4,74.1,23.4,74.1,23.2,73.8,22.1,71.7,496.06,2.52,496.06,0.18,35.46,0.1,19.7,0.0,0.0,0.0,1.0,0.0,55.4
93,-1.2,36.0,19.64,0.57,1.3,24.3,34.8,1.29,0.0,5.0,2.0,1.2,1.2,1.2,75.7,24.3,75.7,23.9,74.9,24.0,75.2,23.8,74.8,23.7,74.6,22.7,72.8,253.94,1.29,253.94,0.22,43.34,0.1,19.7,0.0,0.0,0.0,1.0,0.0,55.4
94,-0.5,10.0,22.46,0.92,1.2,24.5,33.0,1.8,1.0,3.0,1.2,1.2,1.2,1.2,76.1,24.5,76.1,23.6,74.5,24.3,75.8,24.3,75.7,24.1,75.5,23.2,73.7,354.33,1.8,354.33,0.18,35.46,0.1,19.7,1.0,0.0,0.0,1.0,0.0,55.4
95,-0.8666666666666667,21.333333333333332,20.61,0.5,1.7,23.566666666666666,39.833333333333336,1.1500000000000001,1.0,5.0,1.2,1.2,1.9,1.9,74.39999999999999,23.566666666666666,74.39999999999999,22.866666666666664,73.13333333333333,23.333333333333332,73.96666666666667,23.3,73.96666666666665,23.133333333333336,73.60000000000001,21.933333333333337,71.5,226.37666666666667,1.1500000000000001,226.37666666666667,0.13333333333333333,26.266666666666666,0.10000000000000002,19.7,0.0,0.0,0.0,1.0,0.0,55.4
96,-0.9333333333333332,24.333333333333332,21.493333333333336,0.71,1.3,23.766666666666666,38.06666666666667,0.5233333333333334,2.0,5.0,1.2,1.6,1.2,1.2,74.76666666666667,23.766666666666666,74.76666666666667,23.166666666666668,73.7,23.53333333333333,74.33333333333334,23.46666666666667,74.26666666666667,23.3,73.86666666666666,22.099999999999998,71.8,103.02,0.5233333333333334,103.02,0.16666666666666666,32.833333333333336,0.10000000000000002,19.7,0.0,0.0,0.0,1.0,0.0,55.4
97,-0.9666666666666667,25.333333333333332,21.426666666666666,0.35,1.2,23.7,38.6,0.5366666666666667,0.0,5.0,1.0,1.2,1.2,1.2,74.66666666666667,23.7,74.66666666666667,23.100000000000005,73.53333333333333,23.5,74.30000000000001,23.366666666666664,74.03333333333335,23.23333333333333,73.76666666666667,22.133333333333336,71.8,105.64333333333333,0.5366666666666667,105.64333333333333,0.13333333333333333,26.266666666666666,0.10000000000000002,19.7,1.0,0.0,0.0,1.0,1.0,55.4
98,-0.5,19.0,22.17,0.43,1.9,23.900000000000002,37.6,1.7033333333333331,1.0,3.0,1.2,2.0,2.0,2.0,74.99999999999999,23.900000000000002,74.99999999999999,23.133333333333336,73.60000000000001,23.666666666666668,74.6,23.633333333333336,74.53333333333333,23.46666666666667,74.26666666666667,22.399999999999995,72.3,335.3,1.7033333333333331,335.3,0.14666666666666667,28.893333333333334,0.10000000000000002,19.7,0.0,0.0,0.0,0.0,0.0,55.4
99,-0.9666666666666667,25.333333333333332,21.426666666666666,0.43,1.2,23.7,38.6,0.5366666666666667,0.0,5.0,1.0,1.2,1.2,1.2,74.66666666666667,23.7,74.66666666666667,23.100000000000005,73.53333333333333,23.5,74.30000000000001,23.366666666666664,74.03333333333335,23.23333333333333,73.76666666666667,22.133333333333336,71.8,105.64333333333333,0.5366666666666667,105.64333333333333,0.13333333333333333,26.266666666666666,0.10000000000000002,19.7,0.0,0.0,0.0,1.0,0.0,55.4
100,-0.9333333333333332,24.333333333333332,21.493333333333336,0.62,1.2,23.766666666666666,38.06666666666667,0.5233333333333333,0.0,5.0,1.2,1.2,1.2,1.2,74.76666666666667,23.766666666666666,74.76666666666667,23.166666666666668,73.7,23.53333333333333,74.33333333333333,23.46666666666667,74.26666666666667,23.3,73.86666666666666,22.099999999999998,71.8,103.02,0.5233333333333333,103.02,0.16666666666666666,32.833333333333336,0.10000000000000002,19.7,0.0,1.0,0.0,1.0,0.0,55.4
101,-0.9666666666666668,27.0,21.070000000000004,0.68,1.1,23.833333333333332,38.199999999999996,1.1266666666666667,1.0,1.0,1.0,1.0,1.0,1.2,74.89999999999999,23.833333333333332,74.89999999999999,23.066666666666666,73.5,23.633333333333336,74.53333333333333,23.566666666666666,74.43333333333334,23.433333333333337,74.16666666666667,22.333333333333332,72.23333333333333,221.7833333333333,1.1266666666666667,221.7833333333333,0.11333333333333334,22.326666666666668,0.10000000000000002,19.7,0.0,0.0,0.0,0.0,0.0,55.4
102,-0.8333333333333334,20.333333333333332,22.183333333333334,0.54,1.2,23.433333333333334,40.6,0.37000000000000005,1.0,5.0,1.2,1.2,1.2,1.2,74.2,23.433333333333334,74.2,22.733333333333334,72.89999999999999,23.266666666666666,73.86666666666666,23.166666666666668,73.7,23.03333333333333,73.39999999999999,21.866666666666664,71.36666666666666,72.83333333333333,0.37000000000000005,72.83333333333333,0.08666666666666667,17.073333333333334,0.10000000000000002,19.7,0.0,0.0,0.0,0.0,0.0,55.4
103,-0.9,23.666666666666668,21.590000000000003,0.56,1.1,23.766666666666666,38.36666666666667,0.9233333333333333,1.0,2.0,1.2,1.2,1.2,1.0,74.8,23.766666666666666,74.8,23.0,73.36666666666666,23.599999999999998,74.5,23.5,74.26666666666667,23.366666666666664,74.06666666666666,22.333333333333332,72.16666666666667,181.75666666666666,0.9233333333333333,181.75666666666666,0.09999999999999999,19.7,0.10000000000000002,19.7,0.0,0.0,0.0,0.0,1.0,55.4
104,-0.5666666666666668,15.0,23.099999999999998,0.95,1.0,23.433333333333334,40.6,0.36999999999999994,2.0,5.0,1.0,1.0,1.0,1.0,74.2,23.433333333333334,74.2,22.733333333333334,72.89999999999999,23.266666666666666,73.86666666666666,23.166666666666668,73.7,23.03333333333333,73.39999999999999,21.866666666666664,71.36666666666667,72.83333333333333,0.36999999999999994,72.83333333333333,0.08666666666666667,17.073333333333334,0.10000000000000002,19.7,0.0,0.0,0.0,0.0,0.0,55.4
105,-0.5,17.333333333333332,21.096666666666668,0.69,1.7,23.633333333333336,39.6,1.9433333333333334,0.0,5.0,1.0,1.0,2.0,2.0,74.49999999999999,23.633333333333336,74.49999999999999,22.933333333333334,73.2,23.366666666666664,74.03333333333333,23.333333333333332,73.99999999999999,23.166666666666668,73.7,22.03333333333333,71.63333333333333,382.5433333333333,1.9433333333333334,382.5433333333333,0.14666666666666667,28.893333333333334,0.10000000000000002,19.7,0.0,0.0,0.0,0.0,0.0,55.4
106,-0.9,23.333333333333332,22.02,0.5,1.0,23.433333333333334,40.6,0.36999999999999994,0.0,4.0,1.0,1.0,1.0,1.0,74.2,23.433333333333334,74.2,22.733333333333334,72.89999999999999,23.266666666666666,73.86666666666666,23.166666666666668,73.7,23.03333333333333,73.39999999999999,21.866666666666664,71.36666666666667,72.83333333333333,0.36999999999999994,72.83333333333333,0.08666666666666667,17.073333333333334,0.10000000000000002,19.7,0.0,0.0,0.0,0.0,0.0,55.4
107,-1.0333333333333334,28.333333333333332,20.24,0.55,1.5,23.833333333333332,37.833333333333336,1.3166666666666667,0.0,5.0,1.0,1.0,1.0,1.9,74.86666666666666,23.833333333333332,74.86666666666666,23.23333333333333,73.76666666666667,23.566666666666666,74.39999999999999,23.5,74.3,23.333333333333332,73.96666666666667,22.200000000000003,71.93333333333334,259.18666666666667,1.3166666666666667,259.18666666666667,0.18000000000000002,35.46,0.10000000000000002,19.7,0.0,0.0,0.0,1.0,1.0,55.4
108,-0.46666666666666673,29.333333333333332,22.636666666666667,0.73,1.3,26.400000000000002,23.866666666666664,1.8999999999999997,0.0,5.0,1.6,1.2,1.6,1.2,79.53333333333333,26.400000000000002,79.53333333333333,23.233333333333334,73.8,23.933333333333337,75.06666666666666,24.066666666666663,75.36666666666666,23.766666666666666,74.8,23.400000000000002,74.1,374.01666666666665,1.8999999999999997,374.01666666666665,0.0,0.0,0.0,0.0,0.0,0.0,0.0,1.0,1.0,50.0
109,0.03333333333333336,21.666666666666668,24.78333333333333,0.62,1.4000000000000001,26.933333333333334,27.266666666666666,1.1566666666666665,0.0,4.0,1.0,1.0,1.9,1.4666666666666668,80.46666666666667,26.933333333333334,80.46666666666667,22.833333333333332,73.16666666666667,23.0,73.36666666666666,23.03333333333333,73.5,23.166666666666668,73.63333333333334,22.366666666666664,72.26666666666667,227.6933333333333,1.1566666666666665,227.6933333333333,0.02,3.94,0.03333333333333333,6.566666666666666,0.0,1.0,0.0,0.0,1.0,50.0
110,-0.06666666666666667,11.0,23.653333333333332,0.67,1.3,26.866666666666664,32.63333333333333,1.1533333333333333,1.0,5.0,1.6,2.0,1.0,1.0,80.33333333333333,26.866666666666664,80.33333333333333,22.666666666666668,72.86666666666666,23.666666666666668,74.60000000000001,23.46666666666667,74.3,23.433333333333334,74.16666666666667,25.53333333333333,77.96666666666667,227.03666666666672,1.1533333333333333,227.03666666666672,0.006666666666666667,1.3133333333333332,0.0,0.0,0.0,1.0,0.0,0.0,1.0,50.0
111,-1.1333333333333335,57.666666666666664,20.34,0.75,1.2,25.533333333333335,20.466666666666665,2.92,1.0,5.0,1.2,1.2,1.2,1.2,78.0,25.533333333333335,78.0,23.233333333333334,73.8,23.7,74.66666666666667,23.766666666666666,74.83333333333333,23.599999999999998,74.53333333333333,23.366666666666664,74.1,574.8066666666667,2.92,574.8066666666667,0.5333333333333333,105.06666666666666,0.03333333333333333,6.566666666666666,0.0,0.0,0.0,1.0,1.0,50.0
112,-0.43333333333333335,23.666666666666668,22.163333333333338,0.89,1.0,27.0,30.666666666666668,1.9266666666666665,1.0,5.0,1.0,1.0,1.0,1.0,80.63333333333333,27.0,80.63333333333333,23.133333333333336,73.60000000000001,24.0,75.16666666666667,23.933333333333337,75.10000000000001,23.8,74.89999999999999,25.266666666666666,77.46666666666667,379.2666666666667,1.9266666666666665,379.2666666666667,0.013333333333333334,2.6266666666666665,0.0,0.0,0.0,0.0,0.0,0.0,1.0,50.0
113,-0.16666666666666666,21.0,24.103333333333335,0.79,1.2,27.733333333333334,33.93333333333333,0.3433333333333333,0.0,5.0,1.2,1.2,1.2,1.2,81.89999999999999,27.733333333333334,81.89999999999999,22.53333333333333,72.53333333333335,23.03333333333333,73.46666666666665,22.633333333333336,72.66666666666667,22.8,73.03333333333333,22.900000000000002,73.2,67.58666666666666,0.3433333333333333,67.58666666666666,0.030000000000000002,5.91,0.06666666666666667,13.133333333333333,0.0,1.0,0.0,1.0,0.0,50.0
114,-2.033333333333333,74.0,17.273333333333333,0.31,1.2,25.266666666666666,22.5,2.016666666666667,0.0,5.0,1.0,1.2,1.2,1.2,77.46666666666667,25.266666666666666,77.46666666666667,22.900000000000002,73.23333333333333,23.599999999999998,74.49999999999999,23.333333333333332,73.96666666666665,23.3,74.0,23.53333333333333,74.36666666666666,396.98333333333335,2.016666666666667,396.98333333333335,1.68,330.96000000000004,0.06666666666666667,13.133333333333333,0.0,1.0,0.0,1.0,1.0,50.0
115,-0.46666666666666673,29.333333333333332,22.636666666666667,0.74,1.2,26.400000000000002,23.866666666666664,1.8999999999999997,0.0,5.0,1.2,1.2,1.2,1.2,79.53333333333333,26.400000000000002,79.53333333333333,23.233333333333334,73.8,23.933333333333337,75.06666666666666,24.066666666666663,75.36666666666666,23.766666666666666,74.8,24.03333333333333,75.23333333333333,374.01666666666665,1.8999999999999997,374.01666666666665,0.0,0.0,0.0,0.0,0.0,0.0,0.0,1.0,1.0,50.0
116,-1.1333333333333335,57.666666666666664,20.34,0.92,1.2,25.533333333333335,20.466666666666665,2.92,1.0,5.0,1.2,1.2,1.2,1.2,78.0,25.533333333333335,78.0,23.233333333333334,73.8,23.7,74.66666666666667,23.766666666666666,74.83333333333333,23.599999999999998,74.53333333333333,23.366666666666664,74.1,574.8066666666667,2.92,574.8066666666667,0.5333333333333333,105.06666666666666,0.03333333333333333,6.566666666666666,0.0,0.0,0.0,1.0,1.0,50.0
117,-0.46666666666666656,26.0,23.0,0.54,1.0,25.8,20.333333333333332,2.15,1.0,4.0,1.0,1.0,1.0,1.0,78.46666666666668,25.8,78.46666666666668,23.399999999999995,74.06666666666666,23.833333333333332,74.86666666666666,23.933333333333337,75.16666666666667,23.76666666666667,74.83333333333333,23.46666666666667,74.23333333333333,423.23,2.15,423.23,0.30333333333333334,59.75666666666667,0.03333333333333333,6.566666666666666,0.0,0.0,0.0,1.0,1.0,50.0
118,-1.2666666666666666,37.333333333333336,18.44333333333333,0.52,1.5,24.866666666666664,17.36666666666667,3.8733333333333335,0.0,3.0,1.2,1.6,1.2,1.6,76.76666666666667,24.866666666666664,76.76666666666667,23.166666666666668,73.76666666666667,22.5,72.5,23.333333333333332,74.0,23.333333333333332,73.96666666666665,24.066666666666666,75.26666666666667,762.4699999999999,3.8733333333333335,762.4699999999999,0.0,0.0,0.0,0.0,0.0,0.0,0.0,1.0,1.0,50.0
119,-0.3666666666666667,30.666666666666668,23.38,0.84,1.2,26.600000000000005,27.066666666666663,1.8933333333333329,0.0,5.0,1.2,1.2,1.2,1.2,79.89999999999999,26.600000000000005,79.89999999999999,22.900000000000002,73.16666666666667,23.233333333333334,73.8,23.23333333333333,73.83333333333333,23.166666666666668,73.73333333333333,22.96666666666667,73.3,372.7066666666667,1.8933333333333329,372.7066666666667,0.01,1.97,0.03333333333333333,6.566666666666666,0.0,0.0,0.0,1.0,1.0,50.0
120,-1.1666666666666667,48.666666666666664,21.433333333333334,0.79,1.0,26.3,23.833333333333332,0.5333333333333333,0.0,5.0,1.0,1.0,1.0,1.0,79.33333333333334,26.3,79.33333333333334,23.2,73.7,23.7,74.63333333333333,23.3,73.96666666666665,23.400000000000002,74.2,22.46666666666667,72.36666666666666,104.98666666666666,0.5333333333333333,104.98666666666666,0.6166666666666667,121.48333333333335,0.10000000000000002,19.7,0.0,0.0,0.0,1.0,0.0,50.0
121,-1.2,55.333333333333336,19.713333333333335,0.55,1.6,25.433333333333334,22.0,2.98,2.0,5.0,1.2,1.2,1.2,1.9,77.83333333333333,25.433333333333334,77.83333333333333,23.100000000000005,73.6,23.133333333333336,73.66666666666667,23.400000000000002,74.10000000000001,23.400000000000002,74.10000000000001,24.433333333333337,76.0,586.6166666666667,2.98,586.6166666666667,0.5333333333333333,105.06666666666666,0.03333333333333333,6.566666666666666,0.0,0.0,0.0,1.0,1.0,50.0
122,0.3333333333333333,15.333333333333334,23.956666666666667,0.8,2.0,24.666666666666668,25.333333333333332,1.5466666666666669,2.0,3.0,2.0,2.0,2.0,2.0,76.39999999999999,24.666666666666668,76.39999999999999,22.566666666666666,72.56666666666666,23.766666666666666,74.76666666666667,23.233333333333334,73.83333333333333,23.2,73.76666666666667,23.366666666666664,74.10000000000001,304.4633333333333,1.5466666666666669,304.4633333333333,0.02,3.94,0.0,0.0,1.0,0.0,0.0,1.0,1.0,50.0
123,0.3333333333333333,15.333333333333334,23.956666666666667,0.83,2.0,24.666666666666668,25.333333333333332,1.5466666666666669,2.0,3.0,2.0,2.0,2.0,2.0,76.39999999999999,24.666666666666668,76.39999999999999,22.566666666666666,72.56666666666666,23.766666666666666,74.76666666666667,23.233333333333334,73.83333333333333,23.2,73.76666666666667,23.366666666666664,74.10000000000001,304.4633333333333,1.5466666666666669,304.4633333333333,0.02,3.94,0.0,0.0,1.0,0.0,0.0,1.0,1.0,50.0
124,-0.7999999999999999,28.333333333333332,20.683333333333334,0.69,1.9,25.3,22.2,2.793333333333333,1.0,3.0,1.6,2.0,2.0,2.0,77.56666666666666,25.3,77.56666666666666,23.133333333333336,73.66666666666667,22.733333333333334,72.93333333333334,23.433333333333337,74.13333333333334,23.400000000000002,74.06666666666666,23.46666666666667,74.26666666666667,549.87,2.793333333333333,549.87,0.0,0.0,0.0,0.0,0.0,0.0,0.0,0.0,1.0,50.0
125,0.5,11.0,25.48,0.99,2.0,23.6,21.1,1.82,2.0,5.0,2.0,2.0,2.0,2.0,74.5,23.6,74.5,22.6,72.6,23.9,75.0,23.1,73.6,23.1,73.6,22.2,72.0,358.27,1.82,358.27,0.02,3.94,0.0,0.0,1.0,0.0,0.0,1.0,1.0,50.0
126,0.1,5.0,23.71,0.93,1.7,23.6,21.1,1.82,2.0,3.0,2.0,1.2,1.2,2.0,74.5,23.6,74.5,22.6,72.6,23.9,75.0,23.1,73.6,23.1,73.6,22.2,72.0,358.27,1.82,358.27,0.02,3.94,0.0,0.0,1.0,0.0,0.0,1.0,1.0,50.0
127,-0.3,7.0,20.66,0.57,2.0,23.6,21.1,1.82,2.0,4.0,2.0,2.0,2.0,2.0,74.5,23.6,74.5,22.6,72.6,23.9,75.0,23.1,73.6,23.1,73.6,22.2,72.0,358.27,1.82,358.27,0.02,3.94,0.0,0.0,1.0,0.0,0.0,1.0,1.0,50.0
128,1.4,44.0,31.43,0.9,1.6,29.6,21.8,0.06,0.0,6.0,1.2,1.0,1.9,1.9,85.2,29.6,85.2,27.7,81.9,28.2,82.7,27.9,82.2,28.1,82.6,26.1,78.9,11.81,0.06,11.81,0.0,0.0,0.0,0.0,0.0,0.0,0.0,1.0,1.0,50.0
129,0.8,20.0,28.97,0.74,1.9,27.2,29.5,0.06,1.0,5.0,1.2,2.0,2.0,2.0,81.0,27.2,81.0,21.9,71.4,23.6,74.4,23.0,73.5,23.0,73.4,22.8,73.0,11.81,0.06,11.81,0.0,0.0,0.0,0.0,0.0,0.0,0.0,1.0,1.0,50.0
130,0.3,6.0,25.49,0.64,1.3,27.2,28.7,0.04,1.0,5.0,1.2,2.0,1.2,1.2,80.9,27.2,80.9,22.5,72.5,24.0,75.2,23.8,74.8,23.6,74.4,22.8,73.1,7.87,0.04,7.87,0.0,0.0,0.0,0.0,0.0,0.0,0.0,1.0,1.0,50.0
131,0.4,8.0,26.27,0.81,1.2,27.2,28.3,0.04,1.0,5.0,1.6,1.0,1.6,1.0,81.0,27.2,81.0,23.1,73.5,24.4,76.0,23.9,75.1,23.9,74.9,24.1,75.3,7.87,0.04,7.87,0.0,0.0,0.0,0.0,1.0,0.0,0.0,1.0,1.0,50.0
132,0.3,7.0,25.59,0.65,1.2,27.3,27.7,0.04,0.0,5.0,1.6,1.6,1.2,1.0,81.1,27.3,81.1,23.2,73.8,24.6,76.3,24.4,75.9,24.0,75.2,24.4,75.9,7.87,0.04,7.87,0.0,0.0,0.0,0.0,1.0,0.0,0.0,1.0,1.0,50.0
133,0.2,5.0,25.02,0.6,1.2,27.3,27.7,0.04,0.0,5.0,1.2,1.2,1.2,1.2,81.1,27.3,81.1,23.2,73.8,24.6,76.3,24.4,75.9,24.0,75.2,24.4,75.9,7.87,0.04,7.87,0.0,0.0,0.0,0.0,0.0,0.0,0.0,1.0,1.0,50.0
134,0.4,8.0,26.19,0.71,1.2,27.1,27.7,0.02,0.0,5.0,1.2,1.2,1.2,1.2,80.8,27.1,80.8,23.4,74.0,24.7,76.4,24.6,76.4,24.1,75.5,24.6,76.3,3.94,0.02,3.94,0.0,0.0,0.0,0.0,0.0,0.0,0.0,1.0,1.0,50.0
135,0.7,17.0,28.19,1.02,1.2,27.1,27.7,0.02,1.0,5.0,1.2,1.2,1.2,1.2,80.8,27.1,80.8,23.4,74.0,24.7,76.4,24.6,76.4,24.1,75.5,24.6,76.3,3.94,0.02,3.94,0.0,0.0,0.0,0.0,0.0,0.0,0.0,1.0,1.0,50.0
136,1.3,41.0,26.94,0.76,2.8,26.6,31.6,1.52,0.0,6.0,2.8,2.8,2.8,2.8,79.9,26.6,79.9,22.6,72.7,23.9,75.0,23.6,74.5,23.5,74.3,25.3,77.5,299.21,1.52,299.21,0.02,3.94,0.0,0.0,0.0,0.0,0.0,1.0,1.0,50.0
137,0.3,7.0,25.81,0.67,1.2,26.8,33.5,0.02,0.0,5.0,1.2,1.2,1.2,1.2,80.2,26.8,80.2,22.5,72.6,23.5,74.3,23.4,74.2,23.3,73.9,25.6,78.1,3.94,0.02,3.94,0.0,0.0,0.0,0.0,0.0,1.0,0.0,0.0,1.0,50.0
138,0.3,7.0,25.61,0.57,1.3,26.8,33.5,0.02,1.0,4.0,1.2,1.9,1.0,1.2,80.2,26.8,80.2,22.5,72.6,23.5,74.3,23.4,74.2,23.3,73.9,25.6,78.1,3.94,0.02,3.94,0.0,0.0,0.0,0.0,0.0,1.0,0.0,1.0,1.0,50.0
139,-1.4,44.0,18.78,0.52,1.3,26.8,33.8,1.0,0.0,5.0,1.9,1.0,1.0,1.2,80.2,26.8,80.2,22.5,72.5,23.5,74.3,23.5,74.3,23.4,74.1,25.7,78.3,196.85,1.0,196.85,0.02,3.94,0.0,0.0,0.0,1.0,0.0,1.0,1.0,50.0
140,1.2,34.0,27.5,0.79,2.5,26.8,33.8,1.0,2.0,3.0,2.8,2.8,1.2,2.8,80.2,26.8,80.2,22.5,72.5,23.5,74.3,23.5,74.3,23.4,74.1,25.7,78.3,196.85,1.0,196.85,0.02,3.94,0.0,0.0,0.0,0.0,0.0,1.0,1.0,50.0
141,1.0,24.0,30.54,1.33,1.5,26.8,32.3,0.2,0.0,5.0,1.0,1.0,1.2,1.9,80.3,26.8,80.3,23.0,73.4,23.0,73.4,23.5,74.2,23.5,74.2,26.0,78.8,39.37,0.2,39.37,0.0,0.0,0.0,0.0,0.0,0.0,0.0,0.0,1.0,50.0
142,0.2,6.0,25.31,0.69,1.4,26.8,32.3,0.2,0.0,3.0,1.6,1.9,1.9,1.0,80.3,26.8,80.3,23.0,73.4,23.0,73.4,23.5,74.2,23.5,74.2,26.0,78.8,39.37,0.2,39.37,0.0,0.0,0.0,0.0,0.0,0.0,0.0,0.0,1.0,50.0
143,0.5,10.0,26.31,0.63,1.7,26.8,32.3,0.2,2.0,5.0,1.9,1.2,1.2,1.9,80.3,26.8,80.3,23.0,73.4,23.0,73.4,23.5,74.2,23.5,74.2,26.0,78.8,39.37,0.2,39.37,0.0,0.0,0.0,0.0,0.0,0.0,0.0,0.0,1.0,50.0
144,1.2,36.0,32.9,1.44,1.8,26.8,32.3,0.2,0.0,6.0,1.0,1.9,1.9,1.9,80.3,26.8,80.3,23.0,73.4,23.0,73.4,23.5,74.2,23.5,74.2,26.0,78.8,39.37,0.2,39.37,0.0,0.0,0.0,0.0,0.0,0.0,0.0,0.0,1.0,50.0
145,0.0,5.0,24.9,0.85,1.2,26.8,32.3,0.2,0.0,6.0,1.9,1.0,1.0,1.0,80.3,26.8,80.3,23.0,73.4,23.0,73.4,23.5,74.2,23.5,74.2,26.0,78.8,39.37,0.2,39.37,0.0,0.0,0.0,0.0,0.0,1.0,0.0,0.0,0.0,50.0
146,-1.2,35.0,18.76,0.73,1.2,26.9,33.4,2.34,0.0,5.0,1.2,1.2,1.2,1.2,80.5,26.9,80.5,23.0,73.4,23.3,73.9,23.6,74.4,23.6,74.5,25.8,78.4,460.63,2.34,460.63,0.02,3.94,0.0,0.0,0.0,0.0,0.0,0.0,1.0,50.0
147,-0.8,19.0,19.54,0.89,1.2,27.0,30.9,3.42,1.0,5.0,1.0,1.6,1.2,1.2,80.6,27.0,80.6,23.0,73.4,24.0,75.2,23.6,74.5,23.7,74.7,25.4,77.7,673.23,3.42,673.23,0.02,3.94,0.0,0.0,0.0,0.0,0.0,0.0,1.0,50.0
148,-1.4000000000000001,55.333333333333336,18.33,0.77,1.6,28.8,16.666666666666668,5.38,2.0,5.0,1.2,2.0,1.6,1.6,83.9,28.8,83.9,26.6,80.0,26.4,79.5,29.4,84.9,27.6,81.6,23.0,73.4,1059.06,5.38,1059.06,0.0,0.0,0.0,0.0,1.0,0.0,0.0,1.0,1.0,50.0
149,-1.4000000000000001,55.333333333333336,18.33,0.71,1.5,28.8,16.666666666666668,5.38,1.0,5.0,1.2,1.2,1.0,1.9,83.9,28.8,83.9,26.6,80.0,26.4,79.5,29.4,84.9,27.6,81.6,23.0,73.4,1059.06,5.38,1059.06,0.0,0.0,0.0,0.0,1.0,0.0,0.0,1.0,1.0,50.0
150,-0.6666666666666666,19.0,20.23,0.64,1.3,27.1,22.100000000000005,4.26,1.0,5.0,1.9,1.2,1.2,1.2,80.7,27.1,80.7,25.4,77.7,25.7,78.3,27.0,80.6,26.5,79.7,22.2,72.0,838.58,4.26,838.58,0.0,0.0,0.0,0.0,1.0,0.0,0.0,1.0,1.0,50.0
151,-0.26666666666666666,17.666666666666668,21.74666666666667,0.58,1.3666666666666665,25.3,17.2,1.92,1.0,5.0,1.9,1.2,1.1333333333333335,1.4333333333333333,77.6,25.3,77.6,20.5,68.9,21.9,71.4,22.2,71.9,21.6,71.0,22.0,71.7,377.95,1.92,377.95,0.0,0.0,0.0,0.0,1.0,0.0,0.0,1.0,1.0,50.0
152,-1.2,37.0,16.82,0.62,1.7,25.3,17.2,1.92,-1.0,5.0,1.6,1.6,1.0,1.9,77.6,25.3,77.6,20.5,68.9,21.9,71.4,22.2,71.9,21.6,71.0,22.0,71.7,377.95,1.92,377.95,0.0,0.0,0.0,0.0,1.0,0.0,0.0,1.0,1.0,50.0
153,-0.7,14.0,21.58,0.82,1.4,24.0,14.0,0.46,0.0,5.0,1.0,1.2,1.2,1.6,75.3,24.0,75.3,22.7,72.9,22.9,73.2,22.5,72.5,22.9,73.2,19.4,66.9,90.55,0.46,90.55,0.0,0.0,0.0,0.0,0.0,0.0,0.0,1.0,1.0,50.0
154,-0.5,11.0,23.06,0.77,1.1,24.2,14.0,0.04,0.0,4.0,1.0,1.0,1.2,1.2,75.6,24.2,75.6,22.5,72.6,22.9,73.2,22.2,72.0,22.7,72.8,19.6,67.3,7.87,0.04,7.87,0.0,0.0,0.0,0.0,1.0,1.0,0.0,1.0,1.0,50.0
155,0.3,6.0,25.72,0.55,2.0,21.8,21.6,0.06,0.0,6.0,2.0,2.0,2.0,2.0,71.3,21.8,71.3,19.8,67.6,20.4,68.8,19.8,67.6,20.4,68.7,22.0,71.6,11.81,0.06,11.81,0.02,3.94,0.0,0.0,0.0,0.0,0.0,1.0,0.0,50.0
156,-0.9,24.0,20.35,0.65,1.3,25.8,20.7,2.22,2.0,5.0,1.9,1.0,1.2,1.2,78.4,25.8,78.4,23.5,74.4,24.0,75.3,25.6,78.2,23.8,74.9,22.96666666666667,73.39999999999999,437.01,2.22,437.01,0.0,0.0,0.0,0.0,1.0,0.0,0.0,1.0,1.0,50.0
157,-0.1,5.0,22.94,0.82,1.4,25.4,19.5,1.84,2.0,5.0,2.0,2.0,1.6,1.0,77.8,25.4,77.8,23.8,74.8,24.0,75.1,25.4,77.7,23.9,75.1,22.2,72.0,362.2,1.84,362.2,0.0,0.0,0.0,0.0,1.0,0.0,0.0,1.0,1.0,50.0
158,-1.2,35.0,19.32,0.59,1.4,24.9,16.7,2.94,2.0,5.0,1.6,1.9,1.2,1.2,76.7,24.9,76.7,23.8,74.8,23.9,75.1,24.4,76.0,23.9,75.0,23.2,73.7,578.74,2.94,578.74,0.0,0.0,0.0,0.0,1.0,0.0,0.0,1.0,1.0,50.0
159,-1.4333333333333333,47.0,18.59,0.59,1.2,24.9,16.7,2.94,1.0,4.0,1.0,1.6,1.6,1.1333333333333335,76.7,24.9,76.7,23.8,74.8,23.9,75.1,24.4,76.0,23.9,75.0,23.2,73.7,578.74,2.94,578.74,0.0,0.0,0.0,0.0,1.0,0.0,0.0,1.0,1.0,50.0
160,-3.0,99.0,12.65,0.46,1.0,24.4,16.2,6.54,0.0,5.0,1.0,1.0,1.0,1.0,76.0,24.4,76.0,23.4,74.1,23.4,74.1,23.7,74.7,23.5,74.4,22.733333333333334,72.93333333333334,1287.4,6.54,1287.4,0.02,3.94,0.0,0.0,1.0,0.0,0.0,1.0,1.0,50.0
161,-3.0,99.0,14.49,0.57,1.0,24.4,16.2,6.54,0.0,5.0,1.0,1.0,1.0,1.0,76.0,24.4,76.0,23.4,74.1,23.4,74.1,23.7,74.7,23.5,74.4,22.733333333333334,72.93333333333334,1287.4,6.54,1287.4,0.02,3.94,0.0,0.0,1.0,0.0,0.0,1.0,1.0,50.0
162,-2.0,75.0,16.7,0.75,1.2,24.8,16.2,5.64,0.0,5.0,1.2,1.2,1.2,1.2,76.7,24.8,76.7,23.1,73.6,22.5,72.5,23.2,73.8,23.2,73.7,22.733333333333334,72.93333333333334,1110.24,5.64,1110.24,0.0,0.0,0.0,0.0,0.0,0.0,0.0,1.0,1.0,50.0
163,-1.4,44.0,18.44,0.9,1.2,24.8,16.2,5.64,1.0,3.0,1.2,1.2,1.2,1.2,76.7,24.8,76.7,23.1,73.6,22.5,72.5,23.2,73.8,23.2,73.7,22.733333333333334,72.93333333333334,1110.24,5.64,1110.24,0.0,0.0,0.0,0.0,0.0,0.0,0.0,1.0,1.0,50.0
164,-2.2,86.0,15.73,0.64,1.3,24.8,16.2,5.64,1.0,5.0,1.2,1.2,1.6,1.2,76.7,24.8,76.7,23.1,73.6,22.5,72.5,23.2,73.8,23.2,73.7,22.733333333333334,72.93333333333334,1110.24,5.64,1110.24,0.0,0.0,0.0,0.0,0.0,0.0,0.0,1.0,1.0,50.0
165,0.0,5.0,22.56,1.02,1.6,24.7,17.6,5.28,0.0,5.0,1.6,1.6,1.6,1.6,76.5,24.7,76.5,23.2,73.8,21.9,71.3,23.5,74.3,23.4,74.2,22.733333333333334,72.93333333333334,1039.37,5.28,1039.37,0.02,3.94,0.0,0.0,0.0,0.0,0.0,1.0,1.0,50.0
166,-1.2,33.0,18.59,0.83,1.3,25.5,17.8,3.44,0.0,4.0,1.0,1.6,1.6,1.2,77.9,25.5,77.9,23.1,73.7,22.3,72.1,23.2,73.8,23.3,73.9,23.23333333333333,73.8,677.17,3.44,677.17,0.0,0.0,0.0,0.0,0.0,0.0,0.0,1.0,1.0,50.0
167,-1.2,35.0,18.3,0.45,1.7,24.3,18.1,2.54,0.0,4.0,1.0,1.9,1.2,2.0,75.7,24.3,75.7,23.3,74.0,22.7,72.9,23.6,74.4,23.5,74.3,23.333333333333332,73.93333333333334,500.0,2.54,500.0,0.0,0.0,0.0,0.0,0.0,0.0,0.0,1.0,1.0,50.0
168,-0.9,22.0,19.32,0.53,1.7,24.3,18.1,2.54,-1.0,4.0,1.0,1.0,2.0,2.0,75.7,24.3,75.7,23.3,74.0,22.7,72.9,23.6,74.4,23.5,74.3,23.333333333333332,73.93333333333334,500.0,2.54,500.0,0.0,0.0,0.0,0.0,0.0,0.0,0.0,1.0,1.0,50.0
169,-2.1,82.0,17.93,0.65,1.1,24.3,18.1,2.54,0.0,5.0,1.0,1.0,1.0,1.2,75.7,24.3,75.7,23.3,74.0,22.7,72.9,23.6,74.4,23.5,74.3,23.333333333333332,73.93333333333334,500.0,2.54,500.0,0.0,0.0,0.0,0.0,0.0,0.0,0.0,1.0,1.0,50.0
170,-2.9,99.0,16.72,0.6,1.0,24.3,18.1,2.54,0.0,5.0,1.0,1.0,1.0,1.0,75.7,24.3,75.7,23.3,74.0,22.7,72.9,23.6,74.4,23.5,74.3,23.333333333333332,73.93333333333334,500.0,2.54,500.0,0.0,0.0,0.0,0.0,0.0,0.0,0.0,1.0,1.0,50.0
171,-1.9,71.0,18.15,0.61,1.2,24.3,18.1,2.54,0.0,5.0,1.0,1.6,1.6,1.0,75.7,24.3,75.7,23.3,74.0,22.7,72.9,23.6,74.4,23.5,74.3,23.333333333333332,73.93333333333334,500.0,2.54,500.0,0.0,0.0,0.0,0.0,0.0,0.0,0.0,1.0,1.0,50.0
172,-1.9,70.0,17.1,0.61,1.3,24.7,17.5,3.1,1.0,5.0,1.0,1.0,1.0,1.6,76.5,24.7,76.5,23.2,73.8,23.9,75.1,23.5,74.3,23.5,74.4,22.7,72.9,610.24,3.1,610.24,1.6,315.2,0.1,19.7,0.0,0.0,0.0,1.0,1.0,50.0
173,-2.3,87.0,16.61,0.64,1.2,24.7,17.5,3.1,0.0,5.0,1.0,1.2,1.2,1.2,76.5,24.7,76.5,23.2,73.8,23.9,75.1,23.5,74.3,23.5,74.4,22.7,72.9,610.24,3.1,610.24,1.6,315.2,0.1,19.7,0.0,0.0,0.0,1.0,1.0,50.0
174,-3.0,99.0,14.38,0.57,1.0,24.7,17.5,3.1,0.0,5.0,1.0,1.0,1.0,1.0,76.5,24.7,76.5,23.2,73.8,23.9,75.1,23.5,74.3,23.5,74.4,22.7,72.9,610.24,3.1,610.24,1.6,315.2,0.1,19.7,0.0,0.0,0.0,1.0,1.0,50.0
175,0.6,12.0,25.89,0.96,1.8,25.5,17.1,0.79,0.0,5.0,1.0,2.0,2.0,2.0,77.9,25.5,77.9,23.7,74.6,24.3,75.7,24.0,75.3,24.0,75.3,23.1,73.5,155.51,0.79,155.51,0.91,179.27,0.1,19.7,0.0,0.0,0.0,1.0,1.0,50.0
176,-0.7,17.0,22.37,1.05,1.0,25.5,17.1,0.79,0.0,4.0,1.0,1.0,1.0,1.0,77.9,25.5,77.9,23.7,74.6,24.3,75.7,24.0,75.3,24.0,75.3,23.1,73.5,155.51,0.79,155.51,0.91,179.27,0.1,19.7,0.0,0.0,0.0,1.0,1.0,50.0
177,-0.9,23.0,21.03,0.76,1.2,25.5,17.1,0.79,0.0,5.0,1.0,1.2,1.2,1.2,77.9,25.5,77.9,23.7,74.6,24.3,75.7,24.0,75.3,24.0,75.3,23.1,73.5,155.51,0.79,155.51,0.91,179.27,0.1,19.7,0.0,0.0,0.0,1.0,1.0,50.0
178,-0.4,9.0,21.06,0.53,1.7,25.5,17.1,0.79,-1.0,4.0,1.0,1.0,2.0,2.0,77.9,25.5,77.9,23.7,74.6,24.3,75.7,24.0,75.3,24.0,75.3,23.1,73.5,155.51,0.79,155.51,0.91,179.27,0.1,19.7,0.0,0.0,0.0,1.0,1.0,50.0
179,-2.2,83.0,18.42,0.6,1.0,25.5,17.1,0.79,0.0,5.0,1.0,1.0,1.0,1.0,77.9,25.5,77.9,23.7,74.6,24.3,75.7,24.0,75.3,24.0,75.3,23.1,73.5,155.51,0.79,155.51,0.91,179.27,0.1,19.7,0.0,0.0,0.0,1.0,1.0,50.0
180,0.3,7.0,26.0,1.33,1.3,25.5,17.1,0.79,-2.0,4.0,1.0,1.2,2.0,1.2,77.9,25.5,77.9,23.7,74.6,24.3,75.7,24.0,75.3,24.0,75.3,23.1,73.5,155.51,0.79,155.51,0.91,179.27,0.1,19.7,0.0,0.0,0.0,1.0,1.0,50.0
181,-1.6,56.0,19.79,0.74,1.0,25.5,17.1,0.79,0.0,5.0,1.0,1.0,1.0,1.0,77.9,25.5,77.9,23.7,74.6,24.3,75.7,24.0,75.3,24.0,75.3,23.1,73.5,155.51,0.79,155.51,0.91,179.27,0.1,19.7,0.0,0.0,0.0,1.0,1.0,50.0
182,-1.2,37.0,20.5,1.11,1.0,24.3,16.2,1.95,0.0,4.0,1.0,1.0,1.0,1.0,75.7,24.3,75.7,23.0,73.4,23.4,74.1,23.0,73.3,23.0,73.5,22.2,71.9,383.86,1.95,383.86,3.42,673.74,0.1,19.7,0.0,0.0,0.0,1.0,0.0,50.0
183,-2.4,91.0,16.43,0.6,1.2,24.3,16.2,1.95,0.0,5.0,1.0,1.2,1.2,1.2,75.7,24.3,75.7,23.0,73.4,23.4,74.1,23.0,73.3,23.0,73.5,22.2,71.9,383.86,1.95,383.86,3.42,673.74,0.1,19.7,0.0,0.0,0.0,1.0,1.0,50.0
184,0.2,6.0,26.34,1.17,1.1,24.3,17.7,0.02,-1.0,4.0,1.0,1.6,1.0,1.0,75.8,24.3,75.8,22.6,72.7,22.9,73.1,23.0,73.4,23.0,73.4,21.8,71.2,3.94,0.02,3.94,0.02,3.94,0.0,0.0,0.0,0.0,0.0,1.0,1.0,77.0
185,0.8,19.0,27.78,0.39,1.5,26.3,50.6,0.08,1.0,5.0,2.0,2.0,1.2,1.2,79.3,26.3,79.3,26.7,80.1,27.2,80.9,26.9,80.3,26.7,80.1,26.4,79.6,16.58,0.08,16.58,0.08,16.59,0.05,10.66,1.0,0.0,1.0,1.0,0.0,77.0
186,0.2,6.0,25.51,0.39,1.1,26.6,45.8,0.09,0.0,5.0,1.6,1.0,1.0,1.0,80.0,26.6,80.0,26.3,79.3,26.7,80.0,27.2,81.0,26.8,80.2,26.3,79.3,18.54,0.09,18.54,0.09,17.16,0.06,11.51,1.0,0.0,1.0,1.0,0.0,77.0
187,0.7,14.0,27.12,0.39,1.4,26.5,45.7,0.1,1.0,5.0,1.2,1.9,1.9,1.2,79.6,26.5,79.6,26.0,78.8,26.3,79.4,27.0,80.6,26.4,79.6,25.9,78.6,19.58,0.1,19.58,0.1,20.27,0.06,12.17,0.0,0.0,1.0,1.0,0.0,77.0
188,-0.1,5.0,24.3,0.28,1.1,26.5,45.7,0.1,2.0,2.0,1.0,1.0,1.0,1.2,79.6,26.5,79.6,26.0,78.8,26.3,79.4,27.0,80.6,26.4,79.6,25.9,78.6,19.58,0.1,19.58,0.1,20.27,0.06,12.17,0.0,0.0,0.0,1.0,0.0,77.0
189,-0.1,5.0,24.72,0.34,1.0,26.8,47.3,0.1,0.0,5.0,1.0,1.0,1.0,1.0,80.2,26.8,80.2,26.4,79.5,26.7,80.1,27.3,81.2,26.8,80.2,26.3,79.3,18.78,0.1,18.78,0.09,18.04,0.04,7.99,0.0,0.0,1.0,1.0,0.0,77.0
190,0.7,15.0,27.27,0.39,1.5,26.2,47.9,0.09,0.0,4.0,1.0,1.0,1.0,1.9,79.2,26.2,79.2,26.0,78.9,26.6,79.9,26.6,79.9,26.4,79.6,26.1,79.0,18.62,0.09,18.62,0.09,18.19,0.05,9.65,1.0,0.0,1.0,1.0,0.0,77.0
191,-0.1,5.0,24.53,0.42,1.5,22.0,52.6,0.08,0.0,3.0,1.0,1.2,1.0,2.0,71.6,22.0,71.6,22.5,72.5,23.3,73.9,22.4,72.4,22.9,73.1,22.9,73.3,16.04,0.08,16.04,0.08,16.04,0.05,9.89,1.0,1.0,0.0,1.0,0.0,77.0
192,-0.4,8.0,23.58,0.44,1.3,22.1,52.4,0.08,0.0,5.0,1.2,1.2,2.0,1.2,71.9,22.1,71.9,22.6,72.6,23.3,74.0,22.6,72.7,23.0,73.4,23.0,73.4,16.01,0.08,16.01,0.08,15.87,0.04,8.06,1.0,1.0,0.0,1.0,0.0,77.0
193,-0.5,11.0,23.13,0.44,1.3,22.1,52.4,0.08,0.0,4.0,1.0,1.0,2.0,1.2,71.9,22.1,71.9,22.6,72.6,23.3,74.0,22.6,72.7,23.0,73.4,23.0,73.4,16.01,0.08,16.01,0.08,15.87,0.04,8.06,1.0,1.0,0.0,1.0,0.0,77.0
194,-0.2,6.0,24.45,0.42,1.0,25.9,48.1,0.07,0.0,5.0,1.0,1.0,1.0,1.0,78.5,25.9,78.5,25.6,78.2,25.9,78.6,26.4,79.5,26.0,78.8,25.5,78.0,13.65,0.07,13.65,0.07,14.14,0.03,5.63,1.0,0.0,0.0,1.0,0.0,77.0
195,0.5,11.0,26.37,0.43,1.5,26.1,23.7,0.09,0.0,4.0,1.0,1.0,1.0,1.9,78.9,26.1,78.9,25.8,78.5,26.3,79.4,26.5,79.6,26.2,79.2,25.9,78.6,17.68,0.09,17.68,0.08,16.07,0.06,11.16,1.0,0.0,1.0,1.0,0.0,77.0
196,0.0,5.0,24.92,0.47,1.1,26.1,23.7,0.09,1.0,4.0,1.0,1.0,1.0,1.2,78.9,26.1,78.9,25.8,78.5,26.3,79.4,26.5,79.6,26.2,79.2,25.9,78.6,17.68,0.09,17.68,0.08,16.07,0.06,11.16,1.0,0.0,1.0,1.0,0.0,77.0
197,-0.4,8.0,24.13,0.4,1.0,26.1,23.7,0.09,1.0,5.0,1.0,1.0,1.0,1.0,78.9,26.1,78.9,25.8,78.5,26.3,79.4,26.5,79.6,26.2,79.2,25.9,78.6,17.68,0.09,17.68,0.08,16.07,0.06,11.16,1.0,0.0,1.0,1.0,0.0,77.0
198,0.4,9.0,25.72,0.39,1.2,27.2,27.1,0.08,1.0,5.0,1.2,1.2,1.2,1.2,81.0,27.2,81.0,26.9,80.4,26.9,80.4,27.7,81.8,27.1,80.8,26.4,79.4,15.52,0.08,15.52,0.08,15.08,0.03,5.84,1.0,0.0,1.0,1.0,0.0,77.0
199,0.4,8.0,26.03,0.38,1.4,25.8,43.4,0.1,2.0,4.0,1.0,1.2,1.2,1.6,78.5,25.8,78.5,25.6,78.0,26.0,78.7,26.3,79.4,25.9,78.6,25.5,77.9,19.06,0.1,19.06,0.08,16.26,0.03,6.74,1.0,0.0,1.0,1.0,0.0,77.0
200,-0.1,5.0,24.78,0.4,1.1,25.7,40.5,0.1,0.0,5.0,1.0,1.0,1.0,1.2,78.3,25.7,78.3,25.6,78.1,26.1,79.0,26.4,79.6,26.1,79.0,25.8,78.4,20.36,0.1,20.36,0.09,18.12,0.08,16.0,1.0,0.0,1.0,1.0,0.0,77.0
201,0.4,9.0,26.15,0.45,1.2,26.4,49.4,0.07,0.0,4.0,1.2,1.2,1.2,1.2,79.6,26.4,79.6,25.9,78.6,25.8,78.4,27.0,80.6,26.2,79.1,25.4,77.7,13.77,0.07,13.77,0.07,14.34,0.02,4.2,1.0,0.0,1.0,1.0,0.0,77.0
202,0.3,7.0,25.18,0.42,1.5,25.1,57.4,0.32,1.0,4.0,1.0,1.0,1.2,2.0,77.1,25.1,77.1,25.0,76.9,25.4,77.8,25.7,78.3,25.4,77.7,25.2,77.4,62.32,0.32,62.32,0.12,24.06,0.28,54.94,0.0,0.0,1.0,1.0,0.0,77.0
203,-1.0,27.0,22.27,0.39,1.0,23.5,63.2,0.09,0.0,5.0,1.0,1.0,1.0,1.0,74.3,23.5,74.3,23.6,74.4,24.4,76.0,23.8,74.8,24.0,75.2,24.0,75.2,17.28,0.09,17.28,0.08,15.17,0.03,5.69,0.0,0.0,0.0,1.0,0.0,77.0
204,-0.8,18.0,22.88,0.47,1.0,23.5,63.2,0.09,0.0,4.0,1.0,1.0,1.0,1.0,74.3,23.5,74.3,23.6,74.4,24.4,76.0,23.8,74.8,24.0,75.2,24.0,75.2,17.28,0.09,17.28,0.08,15.17,0.03,5.69,0.0,0.0,0.0,1.0,0.0,77.0
205,-1.1,31.0,22.69,0.37,1.0,24.4,40.2,0.14,0.0,5.0,1.0,1.0,1.0,1.0,76.0,24.4,76.0,24.5,76.1,25.0,77.0,24.9,76.8,24.8,76.6,24.6,76.3,28.2,0.14,28.2,0.08,16.07,0.09,17.05,1.0,0.0,0.0,1.0,0.0,77.0
206,-1.1,30.0,22.77,0.38,1.0,24.4,40.2,0.14,-2.0,5.0,1.0,1.0,1.0,1.0,76.0,24.4,76.0,24.5,76.1,25.0,77.0,24.9,76.8,24.8,76.6,24.6,76.3,28.2,0.14,28.2,0.08,16.07,0.09,17.05,0.0,0.0,1.0,1.0,0.0,77.0
207,-0.5,9.0,23.67,0.37,1.0,25.6,47.4,0.07,0.0,5.0,1.0,1.0,1.0,1.0,78.1,25.6,78.1,25.2,77.4,25.4,77.6,26.4,79.5,25.6,78.0,24.9,76.8,14.1,0.07,14.1,0.07,14.38,0.03,4.97,0.0,0.0,0.0,1.0,0.0,77.0
208,-0.4,9.0,23.75,0.38,1.0,25.6,47.4,0.07,0.0,5.0,1.0,1.0,1.0,1.0,78.1,25.6,78.1,25.2,77.4,25.4,77.6,26.4,79.5,25.6,78.0,24.9,76.8,14.1,0.07,14.1,0.07,14.38,0.03,4.97,1.0,0.0,0.0,1.0,0.0,77.0
209,-0.1,5.0,24.55,0.45,1.1,25.6,47.4,0.07,0.0,4.0,1.2,1.0,1.2,1.0,78.1,25.6,78.1,25.2,77.4,25.4,77.6,26.4,79.5,25.6,78.0,24.9,76.8,14.1,0.07,14.1,0.07,14.38,0.03,4.97,1.0,0.0,0.0,1.0,0.0,77.0
210,0.7,15.0,26.87,0.24,1.7,25.9,52.6,0.09,2.0,5.0,1.0,1.0,2.0,2.0,78.6,25.9,78.6,25.6,78.0,26.0,78.9,26.3,79.4,26.0,78.9,25.7,78.3,17.16,0.09,17.16,0.11,22.22,0.06,11.62,1.0,0.0,1.0,1.0,0.0,77.0
211,-0.7,14.0,23.21,0.26,1.0,25.8,46.1,0.07,0.0,4.0,1.0,1.0,1.0,1.0,78.5,25.8,78.5,25.6,78.0,26.0,78.8,26.2,79.2,26.0,78.8,25.6,78.1,14.6,0.07,14.6,0.09,18.26,0.07,14.05,0.0,0.0,1.0,1.0,0.0,77.0
212,-0.1,5.0,24.47,0.34,1.2,25.2,45.0,0.07,0.0,5.0,1.2,1.2,1.2,1.2,77.4,25.2,77.4,25.1,77.1,25.8,78.4,25.9,78.5,25.6,78.1,25.3,77.6,14.07,0.07,14.07,0.07,14.34,0.04,7.99,1.0,0.0,0.0,1.0,0.0,77.0
213,0.1,5.0,25.08,0.39,1.0,26.7,51.6,0.08,2.0,4.0,1.0,1.0,1.0,1.0,80.0,26.7,80.0,26.3,79.3,26.4,79.6,27.2,80.9,26.9,80.4,26.0,78.7,16.0,0.08,16.0,0.09,18.17,0.04,7.53,1.0,0.0,1.0,1.0,0.0,77.0
214,0.0,5.0,25.42,0.47,1.0,26.1,54.9,0.12,0.0,4.0,1.0,1.0,1.0,1.0,79.1,26.1,79.1,26.0,78.8,26.4,79.6,26.6,79.9,26.4,79.5,26.0,78.8,23.63,0.12,23.63,0.09,17.69,0.06,10.99,0.0,0.0,1.0,1.0,0.0,77.0
215,0.6,13.0,26.83,0.24,1.6,26.6,51.2,0.15,0.0,5.0,1.6,1.6,1.6,1.6,79.9,26.6,79.9,26.5,79.7,26.9,80.5,27.0,80.6,26.8,80.3,26.5,79.7,30.47,0.15,30.47,0.11,20.71,0.08,15.13,0.0,0.0,0.0,1.0,0.0,77.0
216,0.6,12.0,26.8,0.45,1.2,26.7,54.6,0.08,0.0,4.0,1.2,1.0,1.2,1.2,80.1,26.7,80.1,26.5,79.7,26.7,80.1,27.2,81.0,26.8,80.3,26.3,79.4,15.33,0.08,15.33,0.08,15.98,0.04,8.54,0.0,0.0,1.0,1.0,0.0,77.0
217,1.1,31.0,29.25,0.34,1.8,26.7,54.6,0.08,0.0,5.0,1.0,1.9,1.9,1.9,80.1,26.7,80.1,26.5,79.7,26.7,80.1,27.2,81.0,26.8,80.3,26.3,79.4,15.33,0.08,15.33,0.08,15.98,0.04,8.54,0.0,0.0,1.0,1.0,0.0,77.0
218,-0.5,11.0,23.53,0.45,1.0,24.5,58.1,0.07,0.0,4.0,1.0,1.0,1.0,1.0,76.1,24.5,76.1,24.4,75.8,25.2,77.4,24.8,76.6,24.8,76.6,24.7,76.5,14.06,0.07,14.06,0.08,15.02,0.05,9.81,0.0,0.0,0.0,1.0,0.0,77.0
219,0.4,8.0,26.16,0.34,1.6,24.5,58.1,0.07,0.0,5.0,1.0,1.0,1.6,1.9,76.1,24.5,76.1,24.4,75.8,25.2,77.4,24.8,76.6,24.8,76.6,24.7,76.5,14.06,0.07,14.06,0.08,15.02,0.05,9.81,0.0,0.0,0.0,1.0,0.0,77.0
220,1.0,27.0,29.14,0.38,1.9,25.2,53.7,0.07,0.0,5.0,1.9,1.6,2.0,2.0,77.4,25.2,77.4,25.0,76.9,25.7,78.3,25.9,78.6,25.5,77.9,25.2,77.4,14.06,0.07,14.06,0.07,14.58,0.05,9.52,0.0,0.0,0.0,1.0,0.0,77.0
221,-0.4,8.0,23.8,0.6,1.2,22.0,47.7,0.1,0.0,5.0,1.2,1.2,1.2,1.2,71.6,22.0,71.6,22.3,72.2,23.3,73.9,22.4,72.3,22.8,73.1,22.9,73.2,19.53,0.1,19.53,0.09,17.16,0.02,3.46,0.0,0.0,0.0,1.0,0.0,77.0
222,0.26666666666666666,7.0,25.313333333333333,0.31,1.1333333333333333,28.2,51.4,0.02,2.0,2.0,2.0,1.0,1.0,1.0666666666666667,82.8,28.2,82.8,27.0,80.5,27.6,81.6,27.4,81.3,27.4,81.3,26.5,79.8,3.94,0.02,3.94,0.02,3.94,0.05,9.85,1.0,0.0,0.0,1.0,0.0,77.0
223,0.4,9.0,25.81,0.22,1.4,27.9,46.6,0.12,2.0,5.0,1.2,1.6,1.9,1.2,82.3,27.9,82.3,26.0,78.8,27.6,81.7,27.3,81.1,27.2,81.0,26.4,79.6,23.62,0.12,23.62,0.2,39.4,0.05,9.85,1.0,0.0,0.0,1.0,0.0,77.0
224,0.0,5.0,24.513333333333335,0.43,1.2,26.0,48.4,0.04,0.0,4.0,1.2,1.0,1.2,1.2,78.8,26.0,78.8,25.1,77.2,26.1,78.9,25.4,77.8,25.8,78.5,25.1,77.2,7.87,0.04,7.87,0.02,3.94,0.05,9.85,1.0,1.0,0.0,1.0,0.0,77.0
225,0.4,9.0,26.11,0.29,1.3,27.9,44.5,0.13,2.0,4.0,2.0,1.2,1.2,1.2,82.2,27.9,82.2,25.9,78.6,27.7,81.8,27.3,81.1,27.3,81.2,26.5,79.7,25.59,0.13,25.59,0.21,41.37,0.05,9.85,1.0,1.0,0.0,1.0,0.0,77.0
226,1.1,31.0,29.11,0.43,1.6,28.3,45.4,0.08,0.0,5.0,1.2,1.2,1.2,2.0,82.9,28.3,82.9,26.7,80.1,27.9,82.2,27.4,81.3,27.5,81.5,26.5,79.8,15.75,0.08,15.75,0.03,5.91,0.05,9.85,1.0,1.0,0.0,1.0,0.0,77.0
227,0.5666666666666668,13.333333333333334,26.41333333333333,0.43,1.3,27.4,40.7,0.03,1.0,5.0,1.3333333333333333,1.2,1.1333333333333333,1.2,81.3,27.4,81.3,26.0,78.8,27.2,80.9,26.5,79.7,26.7,80.1,25.8,78.5,5.91,0.03,5.91,0.02,3.94,0.05,9.85,1.0,0.0,0.0,0.0,0.0,77.0
228,0.9,23.0,27.9,0.39,1.5,27.7,43.0,0.05,2.0,5.0,1.6,2.0,2.0,1.2,81.8,27.7,81.8,26.2,79.1,27.4,81.3,26.9,80.5,27.0,80.6,26.1,79.1,9.84,0.05,9.84,0.03,5.91,0.05,9.85,1.0,0.0,0.0,1.0,0.0,77.0
229,0.2,6.0,25.53,0.38,1.2,27.5,39.5,0.12,1.0,5.0,1.2,1.2,1.2,1.2,81.5,27.5,81.5,25.5,77.8,27.4,81.4,26.8,80.3,26.9,80.5,26.2,79.1,23.62,0.12,23.62,0.14,27.58,0.05,9.85,1.0,1.0,0.0,1.0,0.0,77.0
230,0.8,17.0,27.54,0.43,1.5,27.4,43.9,0.09,1.0,5.0,2.0,1.2,2.0,1.2,81.3,27.4,81.3,25.5,77.9,27.2,81.0,26.6,79.9,26.7,80.1,25.9,78.7,17.72,0.09,17.72,0.11,21.67,0.05,9.85,1.0,0.0,0.0,0.0,0.0,77.0
231,0.4,8.0,25.54,0.34,1.2,27.8,41.6,0.09,1.0,5.0,1.2,1.2,1.2,1.2,82.1,27.8,82.1,25.9,78.7,27.5,81.5,27.0,80.7,27.1,80.8,26.3,79.3,17.72,0.09,17.72,0.1,19.7,0.05,9.85,1.0,0.0,0.0,0.0,0.0,77.0
232,0.3,7.333333333333333,25.313333333333333,0.37,1.1333333333333333,28.0,40.2,0.02,2.0,3.0,1.2,1.9,1.2,1.0666666666666667,82.4,28.0,82.4,26.5,79.8,27.5,81.5,27.2,80.9,27.2,81.0,26.3,79.3,3.94,0.02,3.94,0.01,1.97,0.05,9.85,0.0,0.0,0.0,1.0,0.0,77.0
233,0.5,10.0,25.71,0.26,1.2,28.8,35.4,0.09,1.0,4.0,1.2,1.2,1.2,1.2,83.9,28.8,83.9,26.6,79.9,28.6,83.5,28.0,82.5,28.1,82.6,27.3,81.1,17.72,0.09,17.72,0.11,21.67,0.05,9.85,1.0,0.0,0.0,1.0,0.0,77.0
234,0.5,11.0,25.95,0.35,1.2,29.1,37.1,0.17,2.0,1.0,1.2,1.2,1.2,1.2,84.3,29.1,84.3,26.9,80.4,29.0,84.1,28.2,82.7,28.4,83.0,27.5,81.6,33.46,0.17,33.46,0.18,35.46,0.05,9.85,1.0,0.0,0.0,1.0,0.0,77.0
235,1.0,25.0,27.22,0.38,1.2,29.8,35.8,0.06,2.0,2.0,1.0,1.2,1.2,1.2,85.6,29.8,85.6,27.9,82.2,29.2,84.6,28.8,83.8,28.8,83.9,27.8,82.1,11.81,0.06,11.81,0.03,5.91,0.05,9.85,0.0,0.0,0.0,1.0,0.0,77.0
236,0.7,16.0,26.72,0.22,1.3,28.4,53.5,0.09,2.0,4.0,1.2,1.2,2.0,1.2,83.1,28.4,83.1,27.1,80.7,28.4,83.1,27.6,81.8,28.0,82.3,27.2,80.9,17.72,0.09,17.72,0.05,9.85,0.05,9.85,1.0,0.0,0.0,0.0,0.0,77.0
237,0.0,5.0,24.37,0.37,1.2,26.3,52.3,0.05,0.0,5.0,1.2,1.2,1.2,1.2,79.3,26.3,79.3,25.3,77.5,25.6,78.0,25.3,77.5,25.3,77.6,24.3,75.7,9.84,0.05,9.84,0.02,3.94,0.05,9.85,0.0,0.0,0.0,1.0,0.0,77.0
238,0.5,10.0,26.53,0.46,1.4,26.3,52.3,0.05,0.0,5.0,1.2,1.6,2.0,1.2,79.3,26.3,79.3,25.3,77.5,25.6,78.0,25.3,77.5,25.3,77.6,24.3,75.7,9.84,0.05,9.84,0.02,3.94,0.05,9.85,0.0,0.0,0.0,0.0,0.0,77.0
239,0.1,5.0,25.0,0.47,1.2,26.3,52.3,0.05,0.0,3.0,1.2,1.2,1.0,1.2,79.3,26.3,79.3,25.3,77.5,25.6,78.0,25.3,77.5,25.3,77.6,24.3,75.7,9.84,0.05,9.84,0.02,3.94,0.05,9.85,0.0,0.0,0.0,1.0,0.0,77.0
240,1.0,26.0,28.82,0.34,2.0,26.3,52.3,0.05,0.0,2.0,1.2,1.2,1.2,2.8,79.3,26.3,79.3,25.3,77.5,25.6,78.0,25.3,77.5,25.3,77.6,24.3,75.7,9.84,0.05,9.84,0.02,3.94,0.05,9.85,0.0,0.0,0.0,1.0,0.0,77.0
241,-0.1,5.0,24.17,0.34,1.2,26.3,52.4,0.04,-1.0,5.0,1.2,1.2,1.2,1.2,79.3,26.3,79.3,25.3,77.5,25.5,78.0,25.3,77.5,25.3,77.6,24.3,75.7,7.87,0.04,7.87,0.01,1.97,0.05,9.85,0.0,0.0,0.0,1.0,0.0,77.0
242,0.6,12.0,26.61,0.45,1.2,27.3,55.1,0.03,0.0,5.0,1.2,1.2,1.2,1.2,81.2,27.3,81.2,26.5,79.6,26.9,80.5,26.3,79.3,26.5,79.6,25.6,78.0,5.91,0.03,5.91,0.01,1.97,0.05,9.85,0.0,0.0,0.0,1.0,0.0,77.0
243,0.3,7.0,25.58,0.4,1.0,27.8,57.2,0.03,2.0,2.0,1.0,1.0,1.0,1.0,82.1,27.8,82.1,26.9,80.4,27.4,81.4,26.8,80.3,27.0,80.6,26.1,79.0,5.91,0.03,5.91,0.02,3.94,0.05,9.85,0.0,0.0,0.0,1.0,0.0,77.0
244,0.2,6.0,24.98,0.36,1.2,26.6,51.6,0.06,0.0,4.0,1.2,1.2,1.2,1.2,80.0,26.6,80.0,25.9,78.5,26.6,79.8,25.7,78.3,26.1,78.9,25.3,77.5,11.81,0.06,11.81,0.02,3.94,0.05,9.85,0.0,0.0,0.0,1.0,0.0,77.0
245,0.1,5.0,24.6,0.28,1.1,28.0,46.0,0.02,1.0,2.0,1.0,1.2,1.2,1.0,82.4,28.0,82.4,26.9,80.5,27.3,81.1,26.9,80.3,27.0,80.5,26.0,78.7,3.94,0.02,3.94,0.01,1.97,0.05,9.85,0.0,0.0,0.0,1.0,0.0,77.0
246,0.4,9.0,25.76,0.4,1.1,28.0,46.0,0.02,2.0,4.0,1.2,1.2,1.2,1.0,82.4,28.0,82.4,26.9,80.5,27.3,81.1,26.9,80.3,27.0,80.5,26.0,78.7,3.94,0.02,3.94,0.01,1.97,0.05,9.85,1.0,0.0,0.0,0.0,0.0,77.0
247,0.4,8.0,25.58,0.38,1.2,28.0,40.3,0.04,0.0,5.0,1.2,1.2,1.0,1.2,82.3,28.0,82.3,26.9,80.4,27.2,81.0,26.8,80.3,26.9,80.3,25.9,78.6,7.87,0.04,7.87,0.03,5.91,0.05,9.85,0.0,0.0,0.0,1.0,0.0,77.0
248,0.3,6.0,25.03,0.34,1.2,27.6,35.3,0.06,0.0,5.0,1.2,1.2,1.2,1.2,81.8,27.6,81.8,26.8,80.2,27.2,80.9,26.6,79.9,26.8,80.2,25.8,78.5,11.81,0.06,11.81,0.02,3.94,0.05,9.85,0.0,0.0,0.0,1.0,0.0,77.0
249,0.2,6.0,24.72,0.33,1.2,27.6,33.9,0.06,0.0,5.0,1.2,1.2,1.0,1.2,81.7,27.6,81.7,26.7,80.0,27.2,81.0,26.6,79.8,26.8,80.2,25.8,78.5,11.81,0.06,11.81,0.05,9.85,0.05,9.85,0.0,0.0,1.0,1.0,0.0,77.0
250,1.1,32.0,30.34,1.0,1.3,27.6,33.9,0.06,0.0,3.0,1.2,2.0,1.2,1.2,81.7,27.6,81.7,26.7,80.0,27.2,81.0,26.6,79.8,26.8,80.2,25.8,78.5,11.81,0.06,11.81,0.05,9.85,0.05,9.85,0.0,0.0,0.0,1.0,0.0,77.0
251,-0.19999999999999998,12.333333333333334,23.83,0.83,1.7,26.566666666666663,24.366666666666664,0.25666666666666665,-2.0,5.0,1.2,1.2,2.0,2.0,79.8,26.566666666666663,79.8,22.700000000000003,72.83333333333333,23.233333333333334,73.83333333333333,22.633333333333336,72.83333333333333,22.933333333333334,73.26666666666667,22.066666666666663,71.66666666666667,50.526666666666664,0.25666666666666665,50.526666666666664,0.030000000000000002,5.91,0.10000000000000002,19.7,0.0,0.0,0.0,1.0,0.0,41.0
252,-0.033333333333333326,8.333333333333334,24.763333333333335,0.98,1.3,26.8,22.1,0.01,0.0,5.0,1.2,1.1333333333333335,1.2,1.4000000000000001,80.3,26.8,80.3,23.2,73.7,23.6,74.5,22.8,73.0,23.2,73.8,22.5,72.6,1.97,0.01,1.97,0.01,1.97,0.1,19.7,0.0,0.0,0.0,1.0,0.0,41.0
253,0.1,5.0,25.23,0.77,1.2,26.9,32.0,0.01,2.0,1.0,1.2,1.2,1.2,1.2,80.4,26.9,80.4,23.0,73.4,22.5,72.6,22.8,73.1,22.6,72.7,19.9,67.9,1.97,0.01,1.97,0.01,1.97,0.1,19.7,0.0,0.0,0.0,1.0,1.0,41.0
254,-0.1,5.0,24.55,0.76,1.0,27.2,30.4,0.01,2.0,5.0,1.0,1.0,1.0,1.0,80.9,27.2,80.9,23.3,73.9,23.5,74.2,23.1,73.5,23.4,74.0,22.3,72.1,1.97,0.01,1.97,0.01,1.97,0.1,19.7,1.0,0.0,0.0,0.0,0.0,41.0
255,1.0,25.0,29.88,0.88,1.7,27.2,30.4,0.01,1.0,4.0,1.2,1.2,2.0,1.9,80.9,27.2,80.9,23.3,73.9,23.5,74.2,23.1,73.5,23.4,74.0,22.3,72.1,1.97,0.01,1.97,0.01,1.97,0.1,19.7,1.0,1.0,0.0,1.0,1.0,41.0
256,-0.6,13.0,22.9,0.68,1.0,26.0,28.4,0.01,0.0,5.0,1.0,1.0,1.0,1.0,78.7,26.0,78.7,22.1,71.8,22.6,72.8,21.9,71.5,22.2,71.9,21.3,70.3,1.97,0.01,1.97,0.0,0.0,0.1,19.7,0.0,0.0,0.0,1.0,1.0,41.0
257,-0.6,12.0,23.17,0.65,1.0,26.3,24.8,0.01,-1.0,5.0,1.0,1.0,1.0,1.0,79.4,26.3,79.4,22.6,72.7,23.3,73.9,22.3,72.1,22.8,73.0,22.2,71.9,1.97,0.01,1.97,0.01,1.97,0.1,19.7,0.0,0.0,0.0,0.0,0.0,41.0
258,0.4,9.0,26.3,0.77,1.2,27.6,28.4,0.01,2.0,2.0,1.2,1.2,1.2,1.2,81.6,27.6,81.6,23.9,75.1,24.2,75.5,23.5,74.2,23.8,74.9,23.0,73.3,1.97,0.01,1.97,0.03,5.91,0.1,19.7,0.0,0.0,0.0,1.0,1.0,41.0
259,0.0,5.0,24.42,0.68,1.2,27.4,28.8,0.06,0.0,5.0,1.2,1.2,1.2,1.2,81.3,27.4,81.3,23.7,74.7,23.9,75.1,23.3,74.0,23.6,74.5,22.7,72.9,11.81,0.06,11.81,0.1,19.7,0.1,19.7,1.0,0.0,0.0,0.0,0.0,41.0
260,0.3,7.0,26.11,0.78,1.3,27.4,28.8,0.06,1.0,5.0,1.2,1.2,2.0,1.2,81.3,27.4,81.3,23.7,74.7,23.9,75.1,23.3,74.0,23.6,74.5,22.7,72.9,11.81,0.06,11.81,0.1,19.7,0.1,19.7,0.0,0.0,0.0,1.0,1.0,41.0
261,-0.6,11.0,22.21,0.4,1.2,27.4,28.8,0.06,0.0,3.0,1.2,1.2,1.2,1.2,81.3,27.4,81.3,23.7,74.7,23.9,75.1,23.3,74.0,23.6,74.5,22.7,72.9,11.81,0.06,11.81,0.1,19.7,0.1,19.7,0.0,1.0,0.0,1.0,1.0,41.0
262,0.1,5.0,24.59,0.52,1.3,27.2,28.1,0.01,2.0,5.0,1.2,1.6,1.2,1.2,80.9,27.2,80.9,23.4,74.2,23.9,75.0,23.1,73.6,23.5,74.3,22.8,73.0,1.97,0.01,1.97,0.07,13.79,0.1,19.7,0.0,0.0,0.0,1.0,1.0,41.0
263,0.0,5.0,24.45,0.57,1.3,28.2,29.1,0.05,2.0,5.0,1.2,1.2,1.6,1.2,82.8,28.2,82.8,23.9,75.0,24.2,75.5,23.5,74.2,23.8,74.9,23.0,73.4,9.84,0.05,9.84,0.09,17.73,0.1,19.7,0.0,1.0,0.0,1.0,0.0,41.0
264,0.3,8.0,26.29,0.88,1.2,28.2,29.1,0.05,1.0,5.0,1.2,1.2,1.2,1.2,82.8,28.2,82.8,23.9,75.0,24.2,75.5,23.5,74.2,23.8,74.9,23.0,73.4,9.84,0.05,9.84,0.09,17.73,0.1,19.7,0.0,0.0,0.0,1.0,1.0,41.0
265,-0.16666666666666666,7.333333333333333,24.373333333333335,0.91,1.3,27.2,22.4,0.01,0.0,5.0,1.1333333333333335,1.1333333333333335,1.4000000000000001,1.4000000000000001,81.0,27.2,81.0,22.1,71.8,22.6,72.7,21.8,71.2,22.2,72.0,21.4,70.5,1.97,0.01,1.97,0.01,1.97,0.1,19.7,0.0,0.0,0.0,0.0,0.0,41.0
266,0.1,5.0,24.77,0.64,1.2,28.3,22.8,0.02,-1.0,5.0,1.2,1.2,1.2,1.2,82.9,28.3,82.9,23.3,73.9,23.8,74.9,22.9,73.2,23.4,74.1,22.7,72.9,3.94,0.02,3.94,0.01,1.97,0.1,19.7,0.0,0.0,0.0,1.0,1.0,41.0
267,0.0,5.0,24.41,0.59,1.2,28.3,22.8,0.02,0.0,5.0,1.2,1.2,1.2,1.2,82.9,28.3,82.9,23.3,73.9,23.8,74.9,22.9,73.2,23.4,74.1,22.7,72.9,3.94,0.02,3.94,0.01,1.97,0.1,19.7,0.0,1.0,0.0,1.0,1.0,41.0
268,0.16666666666666666,6.333333333333333,25.216666666666665,0.86,1.3666666666666665,28.6,22.6,0.02,-1.0,5.0,1.2,1.2,1.4666666666666668,1.4666666666666668,83.5,28.6,83.5,23.6,74.5,24.0,75.3,23.1,73.7,23.6,74.5,22.9,73.2,3.94,0.02,3.94,0.02,3.94,0.1,19.7,0.0,0.0,0.0,0.0,0.0,41.0
269,0.4,9.0,26.47,0.86,1.2,28.6,22.6,0.02,-1.0,3.0,1.2,1.2,1.2,1.2,83.5,28.6,83.5,23.6,74.5,24.0,75.3,23.1,73.7,23.6,74.5,22.9,73.2,3.94,0.02,3.94,0.02,3.94,0.1,19.7,0.0,0.0,0.0,1.0,1.0,41.0
270,0.1,5.0,24.84,0.68,1.2,27.6,22.6,0.01,-1.0,3.0,1.2,1.2,1.2,1.2,81.8,27.6,81.8,22.6,72.7,23.3,73.9,22.2,71.9,22.7,72.9,22.1,71.9,1.97,0.01,1.97,0.01,1.97,0.1,19.7,0.0,1.0,1.0,1.0,0.0,41.0
271,0.0,5.0,25.11,0.93,1.0,27.7,23.4,0.01,-1.0,3.0,1.0,1.0,1.0,1.0,81.8,27.7,81.8,22.5,72.4,23.0,73.4,22.1,71.8,22.6,72.6,21.9,71.4,1.97,0.01,1.97,0.0,0.0,0.1,19.7,0.0,1.0,0.0,1.0,0.0,41.0
272,0.3,6.0,25.71,0.79,1.2,27.9,23.4,0.01,-2.0,5.0,1.2,1.2,1.2,1.2,82.2,27.9,82.2,22.7,72.8,23.2,73.8,22.3,72.2,22.8,73.0,22.1,71.7,1.97,0.01,1.97,0.0,0.0,0.1,19.7,0.0,1.0,0.0,1.0,1.0,41.0
273,0.4,8.0,26.28,0.86,1.2,28.0,23.0,0.01,-1.0,3.0,1.2,1.2,1.2,1.2,82.4,28.0,82.4,22.9,73.2,23.4,74.1,22.5,72.4,22.9,73.3,22.2,72.0,1.97,0.01,1.97,0.01,1.97,0.1,19.7,0.0,0.0,0.0,1.0,1.0,41.0
274,0.4,8.0,26.42,0.87,1.2,27.8,37.4,0.01,-1.0,5.0,1.2,1.2,1.2,1.2,82.1,27.8,82.1,22.1,71.8,22.5,72.4,21.8,71.3,22.2,71.9,21.2,70.1,1.97,0.01,1.97,0.02,3.94,0.1,19.7,0.0,1.0,0.0,1.0,1.0,50.0
275,0.3,7.0,26.09,0.88,1.2,27.9,37.3,0.02,0.0,5.0,1.2,1.2,1.2,1.2,82.2,27.9,82.2,22.2,71.9,22.5,72.5,21.9,71.3,22.2,72.0,21.2,70.1,3.94,0.02,3.94,0.03,5.91,0.1,19.7,0.0,0.0,0.0,1.0,0.0,50.0
276,0.6,14.0,27.54,0.6,1.7,27.9,37.3,0.02,0.0,5.0,1.2,2.0,1.2,2.0,82.2,27.9,82.2,22.2,71.9,22.5,72.5,21.9,71.3,22.2,72.0,21.2,70.1,3.94,0.02,3.94,0.03,5.91,0.1,19.7,0.0,1.0,0.0,1.0,1.0,50.0
277,0.5,9.0,27.25,1.04,1.2,27.9,37.3,0.02,0.0,5.0,1.2,1.2,1.2,1.2,82.2,27.9,82.2,22.2,71.9,22.5,72.5,21.9,71.3,22.2,72.0,21.2,70.1,3.94,0.02,3.94,0.03,5.91,0.1,19.7,0.0,0.0,0.0,1.0,1.0,50.0
278,0.2,6.0,25.41,0.73,1.2,28.0,31.9,0.01,-2.0,4.0,1.2,1.2,1.2,1.2,82.4,28.0,82.4,22.5,72.4,22.9,73.3,22.0,71.7,22.5,72.4,21.7,71.0,1.97,0.01,1.97,0.09,17.73,0.1,19.7,0.0,1.0,0.0,1.0,0.0,50.0
279,1.0,25.0,29.95,0.83,1.7,28.5,30.5,0.01,0.0,5.0,1.2,1.2,2.0,2.0,83.3,28.5,83.3,22.9,73.2,23.2,73.7,22.5,72.5,22.9,73.1,21.9,71.4,1.97,0.01,1.97,0.06,11.82,0.1,19.7,0.0,1.0,0.0,1.0,1.0,50.0
280,0.6,12.0,27.44,0.84,1.3,28.5,30.7,0.01,0.0,5.0,1.2,1.2,2.0,1.2,83.3,28.5,83.3,22.9,73.2,23.1,73.6,22.5,72.4,22.8,73.0,21.8,71.2,1.97,0.01,1.97,0.04,7.88,0.1,19.7,0.0,0.0,0.0,1.0,0.0,50.0
281,0.1,5.0,24.72,0.6,1.2,28.5,30.7,0.01,-1.0,5.0,1.2,1.2,1.2,1.2,83.3,28.5,83.3,22.9,73.2,23.1,73.6,22.5,72.4,22.8,73.0,21.8,71.2,1.97,0.01,1.97,0.04,7.88,0.1,19.7,0.0,0.0,0.0,1.0,0.0,50.0
