,PMV,PPD,SET,Clo,Met,Air temperature (¡C),Relative humidity (%),Air velocity (m/s),Thermal sensation,Air temperature (¡F),Radiant temperature (¡C),Radiant temperature (¡F),Globe temperature (¡C),Globe temperature (¡F),Humidity sensation,Air velocity (fpm),Outdoor monthly air temperature (¡F)
0,1.3,39.0,30.48,0.45,2.3,25.0,43.4,0.0,1.0,77.0,25.0,77.0,25.0,77.0,-1.0,0.0,70.7
1,0.4,9.0,26.36,0.58,1.2,25.6,41.8,0.0,2.0,78.1,25.9,78.6,25.8,78.4,2.0,0.0,70.7
2,0.5,10.0,26.76,0.6,1.2,25.7,41.8,0.0,1.0,78.3,26.3,79.3,26.2,79.2,-1.0,0.0,69.66666666666667
3,0.6,12.0,27.0,0.63,1.2,25.8,40.1,0.0,0.0,78.4,26.4,79.5,26.3,79.3,0.0,0.0,70.7
4,0.6,12.0,26.9,0.57,1.2,26.0,39.8,0.0,1.0,78.8,27.0,80.6,26.8,80.2,1.0,0.0,70.7
5,0.3,6.0,25.59,0.44,1.2,25.7,41.0,0.0,2.0,78.3,26.5,79.7,26.3,79.3,3.0,0.0,70.7
6,0.7,15.0,27.44,0.51,1.4,25.7,41.7,0.0,2.0,78.3,26.9,80.4,26.5,79.7,-1.0,0.0,63.366666666666674
7,0.8,20.0,28.3,0.53,1.6,25.5,41.2,0.0,2.0,77.9,26.1,79.0,26.0,78.8,-2.0,0.0,63.36666666666667
8,0.3,7.0,26.14,0.61,1.2,25.0,39.8,0.0,0.0,77.0,25.9,78.6,25.6,78.1,3.0,0.0,70.7
9,0.0,5.0,24.68,0.44,1.2,24.7,39.4,0.0,-1.0,76.5,25.9,78.6,25.5,77.9,0.0,0.0,70.7
10,0.8,19.0,28.15,0.52,1.6,25.4,39.8,0.0,1.0,77.7,26.3,79.3,26.1,79.0,2.0,0.0,70.7
11,0.1,5.0,25.26,0.43,1.2,25.3,39.9,0.0,2.0,77.5,26.5,79.7,26.2,79.2,-2.0,0.0,69.66666666666667
12,0.8,18.0,28.38,0.76,1.3,25.4,40.6,0.0,0.0,77.7,26.0,78.8,25.9,78.6,0.0,0.0,69.66666666666667
13,1.0,28.0,28.79,0.35,2.0,25.4,43.4,0.0,1.0,77.7,26.1,79.0,26.0,78.8,1.0,0.0,70.7
14,0.4,9.0,26.55,0.59,1.2,25.4,41.7,0.0,1.0,77.7,26.5,79.7,26.2,79.2,-2.0,0.0,70.7
15,0.9,20.0,28.47,0.56,1.6,25.4,41.5,0.0,1.0,77.7,26.0,78.8,25.9,78.6,0.0,0.0,63.36666666666667
16,0.5,10.0,26.51,0.57,1.2,26.0,38.9,0.0,2.0,78.8,26.2,79.2,26.1,79.0,1.0,0.0,70.7
17,0.4,8.0,26.18,0.55,1.2,25.5,38.3,0.0,2.0,77.9,26.5,79.7,26.2,79.2,-2.0,0.0,69.66666666666667
18,0.6,12.0,27.66,0.43,1.9,22.8,56.5,0.0,0.0,73.0,24.3,75.7,24.0,75.2,0.0,0.0,62.70000000000001
19,0.6,14.0,28.1,0.48,1.9,22.7,56.0,0.0,0.0,72.9,24.2,75.6,24.0,75.2,-2.0,0.0,70.7
20,0.5,10.0,27.22,0.77,1.2,24.3,54.0,0.0,1.0,75.7,25.1,77.2,25.0,77.0,0.0,0.0,63.36666666666667
21,0.8,20.0,28.22,0.35,1.9,24.7,53.2,0.0,1.0,76.5,25.4,77.7,25.3,77.5,0.0,0.0,64.39999999999999
22,0.2,6.0,25.84,0.63,1.2,24.1,52.5,0.0,0.0,75.4,24.9,76.8,24.7,76.5,1.0,0.0,70.7
23,0.7,16.0,28.3,0.51,1.8,23.9,54.0,0.0,0.0,75.0,24.3,75.7,24.3,75.7,0.0,0.0,62.699999999999996
24,0.0,5.0,25.24,0.63,1.2,22.9,57.4,0.0,0.0,73.2,24.7,76.5,24.4,75.9,0.0,0.0,70.7
25,1.0,25.0,30.44,0.7,1.9,23.7,54.9,0.0,0.0,74.7,24.3,75.7,24.2,75.6,-1.0,0.0,69.66666666666667
26,-0.1,5.0,25.05,0.72,1.2,22.4,53.2,0.0,0.0,72.3,23.8,74.8,23.4,74.1,0.0,0.0,69.66666666666667
27,1.3,39.0,31.07,0.49,2.4,23.6,49.4,0.0,0.0,74.5,24.1,75.4,24.0,75.2,2.0,0.0,70.7
28,0.8,18.0,28.68,0.53,1.9,23.3,49.6,0.0,0.0,73.9,24.8,76.6,24.3,75.7,0.0,0.0,63.73333333333333
29,0.4,8.0,26.98,0.63,1.6,22.5,52.2,0.0,0.0,72.5,24.6,76.3,23.8,74.8,2.0,0.0,70.7
30,0.3,7.0,26.51,0.69,1.2,23.8,51.6,0.1,1.0,74.8,25.0,77.0,24.6,76.3,2.0,19.69,63.5
31,0.7,15.0,28.2,0.53,1.8,23.2,51.3,0.0,1.0,73.8,25.3,77.5,24.7,76.5,-1.0,0.0,62.53333333333334
32,0.1,5.0,25.7,0.63,1.2,22.6,50.9,0.1,0.0,72.7,25.1,77.2,24.2,75.6,2.0,19.69,61.666666666666664
33,0.1,5.0,25.71,0.69,1.2,23.2,50.6,0.0,-2.0,73.8,24.8,76.6,24.5,76.1,0.0,0.0,67.8
34,0.1,5.0,25.98,0.68,1.2,22.2,53.5,0.1,-1.0,72.0,25.6,78.1,24.0,75.2,0.0,19.69,61.666666666666664
35,0.2,6.0,25.96,0.63,1.2,24.7,47.9,0.1,1.0,76.5,24.8,76.6,24.7,76.5,0.0,19.69,62.333333333333336
36,0.9,20.0,28.84,0.65,1.6,25.4,45.8,0.0,1.0,77.7,25.1,77.2,25.2,77.4,0.0,0.0,63.36666666666667
37,0.4,8.0,26.48,0.63,1.2,25.1,48.1,0.0,2.0,77.2,25.4,77.7,25.3,77.5,1.0,0.0,70.7
38,0.4,9.0,26.79,0.59,1.4,24.0,47.9,0.0,1.0,75.2,25.6,78.1,25.2,77.4,0.0,0.0,63.36666666666667
39,-0.1,5.0,25.3,0.6,1.2,22.0,54.4,0.1,-2.0,71.6,25.5,77.9,23.9,75.0,0.0,19.69,61.666666666666664
40,0.1,5.0,25.84,0.58,1.6,22.0,61.5,0.0,0.0,71.6,22.3,72.1,22.2,72.0,0.0,0.0,65.1
41,-0.4,8.0,23.78,0.58,1.2,22.4,55.2,0.0,-2.0,72.3,23.4,74.1,23.1,73.6,0.0,0.0,65.1
42,-0.2,6.0,24.52,0.58,1.2,23.1,52.8,0.0,1.0,73.6,24.2,75.6,23.9,75.0,-1.0,0.0,65.1
43,0.4,9.0,26.88,0.51,1.6,23.7,51.3,0.0,-2.0,74.7,25.0,77.0,24.7,76.5,1.0,0.0,65.1
44,0.3,6.0,26.06,0.53,1.4,23.7,54.9,0.0,0.0,74.7,23.8,74.8,23.8,74.8,0.0,0.0,65.1
45,0.1,5.0,25.6,0.65,1.2,23.6,54.6,0.0,0.0,74.5,24.6,76.3,24.3,75.7,0.0,0.0,65.1
46,1.3,40.0,31.47,0.53,2.3,24.3,53.2,0.0,1.0,75.7,24.9,76.8,24.8,76.6,0.0,0.0,65.1
47,0.4,9.0,26.48,0.57,1.2,25.3,50.5,0.0,2.0,77.5,25.9,78.6,25.8,78.4,2.0,0.0,65.1
48,0.4,9.0,26.64,0.57,1.3,25.0,51.4,0.0,1.0,77.0,25.8,78.4,25.6,78.1,0.0,0.0,65.1
49,0.7,15.0,28.4,0.69,1.6,23.7,51.3,0.0,0.0,74.7,24.9,76.8,24.6,76.3,0.0,0.0,65.1
50,1.0,24.0,29.78,0.57,1.8,23.5,50.8,0.1,0.0,74.3,25.9,78.6,24.9,76.8,0.0,19.69,65.1
51,0.1,5.0,25.31,0.57,1.2,24.2,49.4,0.0,0.0,75.6,25.0,77.0,24.7,76.5,0.0,0.0,65.1
52,0.3,7.0,26.37,0.65,1.2,24.4,48.4,0.0,0.0,75.9,25.6,78.1,25.4,77.7,0.0,0.0,65.1
53,0.3,7.0,26.26,0.56,1.3,23.9,50.5,0.0,-1.0,75.0,25.9,78.6,25.4,77.7,0.0,0.0,65.1
54,0.9,20.0,29.36,0.67,1.7,23.9,51.3,0.0,1.0,75.0,25.9,78.6,25.2,77.4,0.0,0.0,65.1
55,0.3,7.0,26.82,0.83,1.2,23.2,51.0,0.0,-2.0,73.8,25.1,77.2,24.6,76.3,1.0,0.0,65.1
56,1.1,29.0,30.58,0.55,2.3,22.6,51.7,0.1,0.0,72.7,23.9,75.0,23.4,74.1,1.0,19.69,65.1
57,0.8,18.0,28.17,0.39,1.9,24.5,48.5,0.1,2.0,76.1,25.0,77.0,24.8,76.6,2.0,19.69,65.1
58,0.5,9.0,26.66,0.44,1.6,24.3,50.0,0.0,2.0,75.7,25.3,77.5,25.1,77.2,0.0,0.0,65.1
59,-0.1,5.0,24.64,0.68,1.2,23.2,37.1,0.0,1.0,73.8,23.3,73.9,23.3,73.9,0.0,0.0,70.7
60,0.3,7.0,26.63,0.93,1.2,23.4,35.1,0.0,0.0,74.1,23.8,74.8,23.7,74.7,0.0,0.0,70.7
61,-0.1,5.0,24.87,0.68,1.2,23.3,36.1,0.0,0.0,73.9,23.8,74.8,23.7,74.7,0.0,0.0,70.7
62,0.2,6.0,25.74,0.61,1.4,23.5,33.6,0.0,0.0,74.3,24.2,75.6,24.2,75.6,0.0,0.0,70.7
63,0.5,11.0,27.21,0.63,1.6,23.7,32.3,0.0,-2.0,74.7,24.6,76.3,24.4,75.9,0.0,0.0,70.7
64,0.0,5.0,25.08,0.64,1.2,23.8,31.8,0.0,1.0,74.8,24.7,76.5,24.5,76.1,-1.0,0.0,70.7
65,0.0,5.0,25.14,0.64,1.2,23.8,32.2,0.0,0.0,74.8,24.8,76.6,24.6,76.3,-1.0,0.0,70.7
66,0.3,7.0,26.11,0.6,1.4,24.2,31.3,0.0,0.0,75.6,24.7,76.5,24.7,76.5,2.0,0.0,70.7
67,0.4000000000000001,10.333333333333334,26.50333333333333,0.78,1.2,24.53333333333333,37.36666666666667,0.0,1.0,76.13333333333334,25.066666666666666,77.13333333333334,25.0,77.03333333333333,2.0,0.0,70.7
68,0.43333333333333335,9.0,26.450000000000003,0.77,1.2,25.566666666666666,42.93333333333334,0.0,2.0,78.03333333333335,25.833333333333332,78.5,25.733333333333334,78.3,2.0,0.0,70.7
69,0.4000000000000001,10.333333333333334,26.50333333333333,0.62,1.2,24.53333333333333,37.36666666666667,0.0,1.0,76.13333333333334,25.066666666666666,77.13333333333334,25.0,77.03333333333333,2.0,0.0,70.7
70,0.43333333333333335,9.0,26.450000000000003,0.63,1.2,25.566666666666666,42.93333333333334,0.0,2.0,78.03333333333335,25.833333333333332,78.5,25.733333333333334,78.3,2.0,0.0,70.7
71,0.3,7.333333333333333,26.73,0.93,1.2,23.600000000000005,47.86666666666667,0.0,0.0,74.43333333333334,23.8,74.83333333333333,23.766666666666666,74.76666666666667,0.0,0.0,70.7
72,0.3333333333333333,8.666666666666666,26.453333333333333,0.88,1.2,24.700000000000003,42.199999999999996,0.0,1.0,76.46666666666665,25.2,77.36666666666667,25.099999999999998,77.23333333333333,-1.0,0.0,70.7
73,0.19999999999999998,7.0,25.866666666666664,0.68,1.2,23.866666666666664,40.76666666666667,0.0,-2.0,75.0,25.100000000000005,77.16666666666666,24.8,76.63333333333334,-1.0,0.0,70.7
74,0.6999999999999998,15.333333333333334,28.213333333333335,0.52,2.4,23.333333333333332,37.5,0.0,0.0,73.96666666666667,24.46666666666667,76.0,24.733333333333334,76.53333333333335,0.0,0.0,70.7
75,0.7000000000000001,15.333333333333334,28.213333333333335,0.71,2.0,23.333333333333332,45.199999999999996,0.0,0.0,73.96666666666667,24.46666666666667,76.0,24.433333333333334,75.96666666666665,0.0,0.0,70.7
76,0.13333333333333333,7.666666666666667,25.536666666666665,0.6,1.2,23.833333333333332,50.53333333333333,0.0,0.0,74.9,24.8,76.63333333333334,24.63333333333333,76.33333333333333,0.0,0.0,70.7
77,0.06666666666666667,5.333333333333333,25.319999999999997,0.56,2.0,23.7,32.0,0.0,0.0,74.63333333333333,24.566666666666666,76.23333333333333,24.7,76.5,0.0,0.0,70.7
78,0.16666666666666666,6.0,25.66333333333333,0.63,1.2,23.833333333333332,32.8,0.0,0.0,74.89999999999999,24.566666666666666,76.23333333333333,24.7,76.5,1.0,0.0,70.7
79,0.09999999999999999,5.666666666666667,25.44333333333333,0.59,1.6,23.933333333333334,30.1,0.0,1.0,75.06666666666666,24.733333333333334,76.53333333333333,25.1,77.2,0.0,0.0,70.7
80,0.06666666666666667,5.333333333333333,25.319999999999997,0.71,1.5,23.7,33.5,0.0,0.0,74.63333333333333,24.566666666666666,76.23333333333333,25.0,77.0,0.0,0.0,70.7
81,0.09999999999999999,5.666666666666667,25.44333333333333,0.55,2.4,23.933333333333334,30.9,0.0,0.0,75.06666666666666,24.733333333333334,76.53333333333333,25.2,77.4,0.0,0.0,70.7
82,-0.10000000000000002,5.333333333333333,25.096666666666664,0.46,2.3,22.3,28.233333333333334,5.0,0.0,72.13333333333334,22.866666666666664,73.16666666666666,22.566666666666666,72.63333333333334,0.0,984.25,70.7
83,0.16666666666666666,7.333333333333333,25.689999999999998,0.63,1.2,23.96666666666667,49.93333333333334,0.0,0.0,75.13333333333334,24.933333333333334,76.89999999999999,24.8,76.6,0.0,0.0,70.7
84,0.16666666666666666,7.333333333333333,25.689999999999998,0.63,1.2,23.96666666666667,49.93333333333334,0.0,0.0,75.13333333333334,24.933333333333334,76.89999999999999,24.8,76.6,0.0,0.0,70.7
85,0.2333333333333333,6.666666666666667,26.396666666666665,0.82,1.2,23.5,53.76666666666667,0.0,0.0,74.3,23.766666666666666,74.8,23.766666666666666,74.76666666666667,0.0,0.0,70.7
86,0.03333333333333333,5.333333333333333,25.236666666666668,0.62,1.2,23.566666666666666,47.56666666666666,0.0,0.0,74.4,24.13333333333333,75.43333333333334,24.333333333333332,75.86666666666666,1.0,0.0,70.7
87,0.6999999999999998,15.333333333333334,28.213333333333335,0.48,2.0,23.333333333333332,46.03333333333333,0.0,0.0,73.96666666666667,24.46666666666667,76.0,24.333333333333332,75.8,0.0,0.0,70.7
88,0.03333333333333333,5.333333333333333,25.236666666666668,0.57,1.2,23.566666666666666,47.56666666666666,0.0,0.0,74.4,24.13333333333333,75.43333333333334,24.333333333333332,75.86666666666666,1.0,0.0,70.7
89,0.0,5.333333333333333,25.276666666666667,0.69,1.2,23.2,43.53333333333334,0.0,0.0,73.73333333333333,24.0,75.16666666666667,23.833333333333332,74.93333333333334,0.0,0.0,70.7
90,0.16666666666666666,6.0,25.823333333333334,1.08,1.2,23.600000000000005,47.56666666666666,0.0,0.0,74.46666666666667,24.13333333333333,75.43333333333334,24.333333333333332,75.86666666666666,1.0,0.0,70.7
91,0.8000000000000002,20.0,27.97,0.56,2.0,25.366666666666664,37.76666666666666,0.0,1.0,77.66666666666667,26.166666666666668,79.10000000000001,25.96666666666667,78.73333333333333,1.0,0.0,70.7
92,-0.4,9.0,23.61,0.67,1.2,21.9,49.1,0.0,0.0,71.4,22.1,71.8,22.1,71.8,0.0,0.0,65.9
93,0.2,6.0,26.36,0.77,1.4,21.9,49.1,0.0,0.0,71.4,22.5,72.5,22.4,72.3,1.0,0.0,65.9
94,0.0,5.0,25.27,0.71,1.3,22.3,48.1,0.0,0.0,72.1,22.8,73.0,22.7,72.9,0.0,0.0,65.9
95,0.0,5.0,25.13,0.7,1.3,22.3,47.9,0.0,1.0,72.1,22.7,72.9,22.6,72.7,0.0,0.0,65.9
96,-0.6,13.0,22.9,0.47,1.2,22.4,48.3,0.0,0.0,72.3,23.6,74.5,23.4,74.1,0.0,0.0,65.9
97,-0.3,7.0,24.05,0.58,1.2,22.8,45.7,0.0,-1.0,73.0,23.7,74.7,23.6,74.5,0.0,0.0,65.9
98,-0.4,8.0,23.85,0.56,1.2,22.7,46.1,0.0,1.0,72.9,23.7,74.7,23.6,74.5,0.0,0.0,65.9
99,0.0,5.0,25.15,0.73,1.2,22.6,46.5,0.0,-1.0,72.7,23.8,74.8,23.6,74.5,0.0,0.0,65.9
100,0.2,6.0,25.89,0.64,1.4,22.9,45.2,0.0,-1.0,73.2,24.0,75.2,23.8,74.8,0.0,0.0,65.9
101,0.6,12.0,27.73,0.56,1.8,22.9,45.0,0.0,-1.0,73.2,24.4,75.9,24.0,75.2,0.0,0.0,65.9
102,0.1,5.0,25.92,0.82,1.2,22.8,45.0,0.0,0.0,73.0,23.8,74.8,23.7,74.7,0.0,0.0,65.9
103,-0.2,6.0,24.53,0.57,1.3,22.9,44.3,0.0,0.0,73.2,24.3,75.7,23.9,75.0,0.0,0.0,65.9
104,0.2,6.0,26.23,0.88,1.2,22.7,42.6,0.0,0.0,72.9,23.9,75.0,23.7,74.7,0.0,0.0,65.9
105,0.1,5.0,25.63,0.79,1.2,22.5,43.6,0.0,0.0,72.5,24.1,75.4,23.9,75.0,0.0,0.0,65.9
106,1.6,54.0,32.84,0.64,2.7,23.3,41.6,0.0,0.0,73.9,24.0,75.2,23.9,75.0,0.0,0.0,65.9
107,0.8,17.0,28.63,0.57,2.0,22.6,42.3,0.0,0.0,72.7,23.9,75.0,23.7,74.7,0.0,0.0,65.9
108,1.3,39.0,32.61,0.88,2.3,22.7,41.5,0.0,1.0,72.9,23.7,74.7,23.4,74.1,0.0,0.0,65.9
109,-0.2,6.0,24.32,0.63,1.2,22.7,42.0,0.0,0.0,72.9,23.9,75.0,23.6,74.5,0.0,0.0,65.9
110,0.9,22.0,29.65,0.66,2.0,22.8,40.6,0.0,0.0,73.0,24.4,75.9,24.2,75.6,0.0,0.0,65.9
111,0.5,9.0,26.88,0.54,1.7,23.1,39.8,0.0,0.0,73.6,24.4,75.9,24.2,75.6,0.0,0.0,65.9
112,0.5,10.0,27.28,0.7,1.6,23.3,39.7,0.0,0.0,73.9,23.5,74.3,23.5,74.3,0.0,0.0,65.9
113,-0.3,7.0,24.21,0.63,1.2,22.0,60.9,0.1,0.0,71.6,23.0,73.4,22.6,72.7,0.0,19.69,67.6
114,0.2,6.0,25.97,0.53,1.6,22.9,55.3,0.0,-1.0,73.2,23.1,73.6,23.0,73.4,1.0,0.0,67.6
115,1.3,41.0,31.86,0.57,2.5,22.5,54.9,0.0,-1.0,72.5,23.9,75.0,23.4,74.1,0.0,0.0,67.6
116,0.3,7.0,27.15,0.73,1.4,22.0,59.2,0.1,1.0,71.6,23.6,74.5,22.9,73.2,0.0,19.69,67.6
117,0.4,9.0,27.66,0.83,1.4,22.3,58.4,0.0,-1.0,72.1,24.4,75.9,23.8,74.8,1.0,0.0,67.6
118,0.4,9.0,27.0,0.56,1.6,23.5,52.8,0.0,0.0,74.3,24.2,75.6,24.1,75.4,0.0,0.0,67.6
119,0.1,5.0,25.67,0.76,1.2,22.4,54.3,0.0,0.0,72.3,24.5,76.1,23.9,75.0,0.0,0.0,67.6
120,0.5,9.0,27.02,0.56,1.6,23.6,52.2,0.0,1.0,74.5,24.3,75.7,24.1,75.4,0.0,0.0,67.6
121,0.7,17.0,28.7,0.54,1.8,23.1,54.8,0.0,0.0,73.6,24.9,76.8,24.4,75.9,0.0,0.0,67.6
122,0.4,8.0,27.27,0.88,1.2,22.5,60.5,0.1,0.0,72.5,24.2,75.6,23.6,74.5,0.0,19.69,67.6
123,0.0,5.0,25.68,0.58,1.2,22.2,58.5,0.1,0.0,72.0,25.9,78.6,24.3,75.7,1.0,19.69,67.6
124,1.0,25.0,30.78,0.88,1.7,23.5,56.0,0.0,1.0,74.3,24.5,76.1,24.4,75.9,-1.0,0.0,67.6
125,0.2,6.0,26.24,0.69,1.2,23.7,56.0,0.0,0.0,74.7,25.0,77.0,24.7,76.5,1.0,0.0,67.6
126,0.3,7.0,26.71,0.73,1.2,23.3,56.9,0.1,-1.0,73.9,24.9,76.8,24.3,75.7,0.0,19.69,67.6
127,0.4,8.0,26.85,0.59,1.4,23.6,56.2,0.0,0.0,74.5,24.4,75.9,24.3,75.7,0.0,0.0,67.6
128,0.3,6.0,26.47,0.57,1.4,22.7,59.5,0.1,0.0,72.9,24.2,75.6,23.6,74.5,0.0,19.69,67.6
129,0.6,13.0,27.84,0.58,1.6,23.8,55.3,0.0,0.0,74.8,25.0,77.0,24.9,76.8,0.0,0.0,67.6
130,0.3,7.0,26.24,0.64,1.2,24.3,54.2,0.0,0.0,75.7,25.1,77.2,25.0,77.0,0.0,0.0,67.6
131,0.6,12.0,27.42,0.61,1.4,24.8,53.1,0.0,0.0,76.6,24.9,76.8,24.9,76.8,0.0,0.0,67.6
132,0.1,5.0,25.57,0.58,1.2,23.9,50.7,0.0,0.0,75.0,25.4,77.7,25.2,77.4,0.0,0.0,67.6
133,0.3,7.0,26.34,0.68,1.2,23.9,52.2,0.0,0.0,75.0,25.6,78.1,25.1,77.2,0.0,0.0,67.6
134,0.9,20.0,29.1,0.67,1.6,24.5,49.5,0.0,1.0,76.1,26.4,79.5,25.9,78.6,0.0,0.0,67.6
135,0.5,10.0,27.44,0.82,1.2,23.8,53.8,0.0,0.0,74.8,25.6,78.1,25.2,77.4,-1.0,0.0,67.6
136,0.5,11.0,27.71,0.66,1.6,23.3,54.1,0.0,1.0,73.9,24.0,75.2,23.8,74.8,0.0,0.0,67.6
137,0.5,11.0,27.72,0.84,1.3,24.2,52.8,0.0,0.0,75.6,24.4,75.9,24.3,75.7,1.0,0.0,67.6
138,0.7,16.0,28.45,0.64,1.6,24.0,53.3,0.0,1.0,75.2,25.3,77.5,25.1,77.2,1.0,0.0,67.6
139,0.16666666666666666,5.666666666666667,25.816666666666666,0.74,1.2,23.599999999999998,45.4,0.0033333333333333335,0.0,74.5,24.066666666666663,75.33333333333333,24.03333333333333,75.3,0.0,0.6566666666666666,67.6
140,0.6,14.0,28.0,0.47,1.7,23.5,53.86666666666667,0.0,0.0,74.3,24.46666666666667,76.03333333333333,24.26666666666667,75.66666666666667,0.0,0.0,67.6
141,0.3,7.333333333333333,26.649999999999995,0.86,1.2,23.233333333333334,52.300000000000004,0.03666666666666667,1.0,73.8,24.2,75.56666666666666,23.899999999999995,75.03333333333335,0.0,7.22,67.6
142,0.9,23.0,30.01,0.7,1.8,24.0,53.1,0.0,1.0,75.2,24.2,75.6,24.2,75.6,-1.0,0.0,67.6
143,0.2,6.0,26.28,0.72,1.6,22.0,46.7,0.0,0.0,71.6,21.6,70.9,21.6,70.9,2.0,0.0,47.2
144,0.1,5.0,25.93,0.97,1.3,21.2,48.2,0.0,0.0,70.2,21.8,71.2,21.8,71.2,0.0,0.0,47.2
145,0.0,5.0,25.26,0.88,1.2,21.9,49.2,0.0,0.0,71.4,22.1,71.8,22.1,71.8,0.0,0.0,47.2
146,0.9,23.0,31.25,0.96,2.0,21.3,50.2,0.0,0.0,70.3,22.1,71.8,22.0,71.6,0.0,0.0,47.2
147,-0.6,11.0,23.15,0.63,1.2,21.7,46.2,0.0,0.0,71.1,22.2,72.0,22.1,71.8,0.0,0.0,46.0
148,-0.2,6.0,24.67,0.78,1.2,22.2,44.2,0.0,0.0,72.0,22.5,72.5,22.4,72.3,1.0,0.0,46.0
149,-0.3,7.0,24.03,0.67,1.2,22.3,44.4,0.0,1.0,72.1,22.7,72.9,22.7,72.9,1.0,0.0,45.2
150,0.1,5.0,25.88,0.95,1.2,21.9,43.8,0.0,0.0,71.4,22.7,72.9,22.6,72.7,0.0,0.0,45.2
151,0.2,6.0,26.36,0.95,1.2,22.9,40.9,0.0,0.0,73.2,22.9,73.2,22.9,73.2,0.0,0.0,45.2
152,0.0,5.0,25.42,0.83,1.2,22.5,41.8,0.0,-1.0,72.5,23.1,73.6,23.0,73.4,0.0,0.0,44.5
153,-0.2,5.0,24.69,0.76,1.2,22.4,43.4,0.0,0.0,72.3,22.7,72.9,22.6,72.7,2.0,0.0,44.5
154,0.0,5.0,25.29,0.72,1.3,22.0,46.9,0.0,-1.0,71.6,23.3,73.9,22.9,73.2,1.0,0.0,44.5
155,0.4,8.0,27.25,0.81,1.5,21.9,46.2,0.0,1.0,71.4,23.3,73.9,23.0,73.4,2.0,0.0,44.1
156,0.1,5.0,25.95,0.95,1.2,21.9,44.5,0.0,0.0,71.4,22.7,72.9,22.7,72.9,0.0,0.0,44.1
157,0.4,8.0,27.18,0.68,1.7,22.1,46.7,0.0,0.0,71.8,22.5,72.5,22.4,72.3,0.0,0.0,44.1
158,0.8,18.0,29.63,0.78,1.9,22.4,46.8,0.0,0.0,72.3,23.0,73.4,23.0,73.4,1.0,0.0,43.5
159,0.3,7.0,26.72,0.66,1.6,21.9,47.2,0.0,1.0,71.4,23.1,73.6,23.0,73.4,-2.0,0.0,43.3
160,-0.3,7.0,24.14,0.73,1.2,21.4,48.8,0.0,0.0,70.5,23.1,73.6,22.6,72.7,0.0,0.0,43.3
161,-0.1,5.0,24.88,0.73,1.2,22.6,48.4,0.0,0.0,72.7,23.0,73.4,23.0,73.4,0.0,0.0,43.3
162,-0.2,5.0,24.67,0.68,1.2,22.6,49.3,0.0,0.0,72.7,23.3,73.9,23.3,73.9,0.0,0.0,43.3
163,-0.5,9.0,23.52,0.68,1.2,21.5,52.3,0.0,-1.0,70.7,22.0,71.6,22.0,71.6,0.0,0.0,43.6
164,-0.2,6.0,24.31,0.56,1.3,22.5,52.6,0.0,0.0,72.5,22.9,73.2,22.9,73.2,0.0,0.0,43.3
165,0.9,21.0,29.92,0.67,2.0,22.5,53.1,0.0,0.0,72.5,23.2,73.8,23.2,73.8,0.0,0.0,43.4
166,0.2,6.0,26.6,0.93,1.2,22.4,51.9,0.0,1.0,72.3,23.7,74.7,23.4,74.1,1.0,0.0,43.4
167,0.7,16.0,29.35,0.81,1.7,22.4,52.6,0.0,0.0,72.3,23.3,73.9,23.1,73.6,1.0,0.0,43.4
168,0.4,8.0,27.32,0.63,1.7,21.5,54.5,0.0,0.0,70.7,23.0,73.4,22.7,72.9,0.0,0.0,43.6
169,0.6,14.0,29.42,0.93,1.7,21.2,56.1,0.0,-1.0,70.2,22.7,72.9,22.2,72.0,0.0,0.0,43.6
170,0.5,11.0,28.62,0.91,1.6,21.2,56.9,0.0,0.0,70.2,22.1,71.8,22.0,71.6,0.0,0.0,43.7
171,1.0,28.0,30.34,0.62,2.3,22.8,43.4,0.0,0.0,73.0,22.7,72.9,22.8,73.0,0.0,0.0,53.0
172,-0.1,5.0,24.77,0.67,1.2,23.2,43.3,0.0,0.0,73.8,23.4,74.1,23.4,74.1,0.0,0.0,53.0
173,1.1,29.0,30.27,0.58,2.3,23.1,43.5,0.0,0.0,73.6,23.3,73.9,23.3,73.9,0.0,0.0,53.0
174,0.0,5.0,25.26,0.82,1.2,22.1,45.1,0.0,0.0,71.8,23.1,73.6,23.0,73.4,0.0,0.0,53.0
175,0.1,5.0,25.91,0.79,1.4,21.6,47.0,0.0,-1.0,70.9,22.5,72.5,22.4,72.3,0.0,0.0,53.0
176,0.8,20.0,30.06,0.9,1.7,22.6,45.2,0.0,0.0,72.7,23.8,74.8,23.6,74.5,0.0,0.0,53.0
177,0.3,7.0,26.08,0.55,1.6,23.1,42.9,0.0,0.0,73.6,23.6,74.5,23.6,74.5,0.0,0.0,53.0
178,0.0,5.0,25.41,0.73,1.2,23.2,44.3,0.0,0.0,73.8,23.9,75.0,23.7,74.7,0.0,0.0,53.0
179,0.5,10.0,27.16,0.61,1.6,23.4,45.1,0.0,1.0,74.1,24.6,76.3,24.3,75.7,1.0,0.0,53.0
180,0.8,20.0,29.94,0.98,1.6,23.2,45.3,0.0,0.0,73.8,24.4,75.9,24.2,75.6,1.0,0.0,53.0
181,0.3,6.0,26.5,0.86,1.2,23.0,46.8,0.0,0.0,73.4,24.2,75.6,24.0,75.2,0.0,0.0,53.0
182,-0.4,8.0,23.75,0.63,1.2,22.4,47.2,0.0,0.0,72.3,22.6,72.7,22.6,72.7,0.0,0.0,53.0
183,0.5,11.0,27.66,0.7,1.6,23.0,46.3,0.0,0.0,73.4,23.3,73.9,23.3,73.9,0.0,0.0,53.0
184,0.7,16.0,28.87,0.84,1.6,23.6,43.8,0.0,0.0,74.5,24.0,75.2,23.9,75.0,0.0,0.0,53.0
185,-0.3,7.0,24.22,0.73,1.2,21.6,48.1,0.0,0.0,70.9,22.9,73.2,22.6,72.7,0.0,0.0,53.0
186,-0.1,5.0,24.81,0.63,1.2,23.4,43.2,0.0,1.0,74.1,24.0,75.2,23.9,75.0,-1.0,0.0,53.0
187,1.2,37.0,30.48,0.46,2.5,22.9,45.1,0.0,1.0,73.2,23.8,74.8,23.8,74.8,1.0,0.0,53.0
188,0.2,6.0,26.04,0.66,1.3,23.5,44.1,0.0,0.0,74.3,24.3,75.7,24.2,75.6,0.0,0.0,53.0
189,0.7,14.0,28.5,0.75,1.6,23.2,44.9,0.0,0.0,73.8,24.3,75.7,24.2,75.6,0.0,0.0,53.0
190,0.8,20.0,28.78,0.52,2.0,23.4,43.0,0.0,-1.0,74.1,24.4,75.9,24.2,75.6,1.0,0.0,53.0
191,0.6,13.0,28.43,0.88,1.5,23.1,45.2,0.0,0.0,73.6,23.8,74.8,23.7,74.7,0.0,0.0,53.0
192,-0.2,6.0,24.45,0.64,1.3,21.0,50.0,0.1,0.0,69.8,22.7,72.9,22.1,71.8,0.0,19.69,53.0
193,0.5,10.0,27.79,0.94,1.3,23.3,43.6,0.0,0.0,73.9,23.9,75.0,23.7,74.7,3.0,0.0,53.0
194,0.7,15.0,28.27,0.64,1.7,23.6,44.5,0.0,1.0,74.5,24.6,76.3,24.4,75.9,0.0,0.0,53.0
195,0.9,21.0,30.01,0.81,1.8,22.9,45.9,0.0,0.0,73.2,24.4,75.9,24.2,75.6,0.0,0.0,53.0
196,-0.3,7.0,24.12,0.72,1.2,22.1,49.9,0.0,0.0,71.8,22.1,71.8,22.1,71.8,0.0,0.0,55.5
197,0.0,5.0,25.45,0.82,1.2,22.6,47.8,0.0,0.0,72.7,22.8,73.0,22.8,73.0,1.0,0.0,55.5
198,0.1,5.0,25.65,0.82,1.2,22.8,46.2,0.0,0.0,73.0,23.1,73.6,23.1,73.6,0.0,0.0,55.5
199,0.2,6.0,26.25,0.93,1.2,22.4,47.2,0.0,0.0,72.3,23.2,73.8,23.0,73.4,0.0,0.0,55.5
200,0.3,7.0,26.96,1.03,1.2,22.4,47.3,0.0,-2.0,72.3,23.1,73.6,23.0,73.4,0.0,0.0,55.5
201,-0.1,5.0,24.78,0.69,1.2,22.9,45.2,0.0,0.0,73.2,23.3,73.9,23.3,73.9,0.0,0.0,55.5
202,0.0,5.0,25.48,0.78,1.2,22.3,47.6,0.0,0.0,72.1,24.2,75.6,23.7,74.7,0.0,0.0,55.5
203,0.3,7.0,26.8,0.93,1.2,23.1,45.5,0.0,0.0,73.6,23.7,74.7,23.6,74.5,0.0,0.0,55.5
204,0.3,7.0,27.09,0.78,1.4,22.2,47.4,0.1,0.0,72.0,23.8,74.8,23.3,73.9,0.0,19.69,55.5
205,-0.1,5.0,25.08,0.73,1.2,22.3,46.9,0.0,0.0,72.1,24.2,75.6,23.7,74.7,0.0,0.0,55.5
206,0.6,12.0,27.9,0.71,1.6,23.4,44.0,0.0,-1.0,74.1,24.2,75.6,24.2,75.6,0.0,0.0,55.5
207,-0.1,5.0,24.84,0.73,1.2,22.5,46.4,0.0,1.0,72.5,23.3,73.9,23.1,73.6,1.0,0.0,55.5
208,-0.3,7.0,24.1,0.66,1.2,22.0,47.5,0.0,-1.0,71.6,23.2,73.8,23.1,73.6,0.0,0.0,55.5
209,0.2,6.0,26.26,0.93,1.2,22.1,46.9,0.0,0.0,71.8,23.7,74.7,23.3,73.9,0.0,0.0,55.5
210,0.2,6.0,26.27,0.9,1.2,22.6,45.4,0.0,-1.0,72.7,23.6,74.5,23.4,74.1,0.0,0.0,55.5
211,0.6,13.0,28.96,1.01,1.6,21.7,47.7,0.0,-2.0,71.1,22.7,72.9,22.5,72.5,0.0,0.0,55.5
212,0.0,5.0,25.4,0.93,1.2,21.6,47.1,0.0,0.0,70.9,22.0,71.6,22.0,71.6,1.0,0.0,55.5
213,1.4,46.0,33.94,0.96,2.5,21.5,47.4,0.0,-1.0,70.7,22.1,71.8,22.0,71.6,0.0,0.0,55.5
214,0.1,5.0,25.75,0.81,1.2,23.2,42.8,0.0,1.0,73.8,23.3,73.9,23.3,73.9,-1.0,0.0,55.5
215,-0.3,6.0,24.13,0.58,1.2,23.2,43.6,0.0,0.0,73.8,23.6,74.5,23.5,74.3,2.0,0.0,55.5
216,-0.1,5.0,24.82,0.73,1.2,22.5,43.5,0.0,0.0,72.5,23.2,73.8,23.2,73.8,0.0,0.0,55.5
217,-0.2,6.0,24.53,0.68,1.2,22.3,44.3,0.0,0.0,72.1,23.7,74.7,23.5,74.3,0.0,0.0,55.5
218,-0.1,5.0,24.62,0.65,1.2,23.3,41.7,0.0,0.0,73.9,23.4,74.1,23.4,74.1,0.0,0.0,55.5
219,0.4,9.0,27.29,0.99,1.2,23.5,40.5,0.0,0.0,74.3,23.9,75.0,23.8,74.8,1.0,0.0,55.5
220,0.5,11.0,27.61,0.73,1.6,23.6,39.9,0.0,0.0,74.5,23.3,73.9,23.4,74.1,0.0,0.0,55.5
221,0.0,5.0,25.24,0.73,1.2,23.4,40.9,0.0,0.0,74.1,23.4,74.1,23.4,74.1,0.0,0.0,55.5
222,-0.4,8.0,23.86,0.73,1.2,21.7,45.1,0.0,-1.0,71.1,23.2,73.8,22.7,72.9,1.0,0.0,55.5
223,0.5,11.0,28.02,0.86,1.6,22.4,43.0,0.0,0.0,72.3,22.9,73.2,22.8,73.0,0.0,0.0,55.5
224,-0.4,8.0,23.77,0.63,1.2,22.4,33.0,0.0,0.0,72.3,23.1,73.6,23.1,73.6,-1.0,0.0,49.8
225,0.4,8.0,26.84,0.75,1.6,22.7,31.9,0.0,0.0,72.9,22.8,73.0,22.8,73.0,0.0,0.0,49.8
226,0.1,5.0,25.96,0.94,1.2,22.5,33.2,0.0,0.0,72.5,23.1,73.6,23.0,73.4,0.0,0.0,49.8
227,0.1,5.0,25.36,0.64,1.4,22.6,31.4,0.0,0.0,72.7,23.3,73.9,23.1,73.6,0.0,0.0,49.8
228,0.6,12.0,27.99,0.85,1.6,23.3,30.4,0.0,0.0,73.9,23.4,74.1,23.3,73.9,0.0,0.0,49.8
229,0.4,8.0,26.89,0.77,1.6,22.4,32.1,0.0,-1.0,72.3,22.9,73.2,22.8,73.0,1.0,0.0,49.8
230,0.7,15.0,28.81,0.88,1.7,22.8,31.1,0.0,-2.0,73.0,23.3,73.9,23.3,73.9,0.0,0.0,49.8
231,0.5,10.0,27.47,0.8,1.6,22.8,31.4,0.0,0.0,73.0,23.3,73.9,23.3,73.9,0.0,0.0,49.8
232,0.1,5.0,25.32,0.56,1.6,22.5,32.2,0.0,0.0,72.5,23.4,74.1,23.1,73.6,0.0,0.0,49.8
233,0.5333333333333333,13.0,27.433333333333337,0.65,1.8,23.233333333333334,45.26666666666667,0.0,0.0,73.8,24.166666666666668,75.46666666666667,23.900000000000002,75.0,0.0,0.0,49.8
234,0.3,7.0,26.72,0.75,1.6,22.5,30.7,0.0,0.0,72.5,22.8,73.0,22.8,73.0,0.0,0.0,49.8
235,-0.1,5.0,24.69,0.59,1.4,22.8,30.7,0.0,0.0,73.0,23.2,73.8,23.1,73.6,0.0,0.0,49.8
236,0.1,5.0,25.57,0.67,1.4,22.6,30.4,0.0,0.0,72.7,23.2,73.8,23.1,73.6,0.0,0.0,49.8
237,0.2,6.0,26.09,0.82,1.2,24.0,27.8,0.0,2.0,75.2,24.1,75.4,24.1,75.4,0.0,0.0,49.8
238,0.4,8.0,27.08,1.0,1.2,23.0,36.9,0.0,1.0,73.4,24.2,75.6,23.9,75.0,0.0,0.0,49.6
239,-0.3,7.0,24.2,0.63,1.2,22.8,36.3,0.0,0.0,73.0,23.6,74.5,23.5,74.3,0.0,0.0,49.6
240,-0.2,6.0,24.64,0.66,1.2,22.8,36.8,0.0,1.0,73.0,24.4,75.9,23.9,75.0,0.0,0.0,49.6
241,-0.2,6.0,24.47,0.63,1.2,23.0,35.5,0.0,0.0,73.4,24.0,75.2,23.9,75.0,0.0,0.0,49.6
242,0.0,5.0,25.43,0.68,1.2,23.5,34.7,0.1,0.0,74.3,24.5,76.1,24.1,75.4,0.0,19.69,49.6
243,0.2,6.0,26.28,0.87,1.2,23.3,36.6,0.0,0.0,73.9,23.9,75.0,23.8,74.8,0.0,0.0,49.6
244,-0.1,5.0,24.83,0.68,1.2,23.3,34.6,0.0,0.0,73.9,23.8,74.8,23.7,74.7,0.0,0.0,49.6
245,0.3,7.0,26.42,0.66,1.6,23.0,32.6,0.1,0.0,73.4,23.2,73.8,23.1,73.6,0.0,19.69,49.6
246,0.4,8.0,26.83,0.93,1.2,23.6,31.9,0.0,1.0,74.5,24.3,75.7,24.2,75.6,0.0,0.0,49.6
247,-0.2,6.0,24.43,0.61,1.3,22.6,34.0,0.0,0.0,72.7,23.4,74.1,23.1,73.6,1.0,0.0,49.6
248,0.1,5.0,25.72,0.82,1.2,23.1,35.3,0.0,0.0,73.6,23.7,74.7,23.6,74.5,0.0,0.0,49.6
249,-0.3,6.0,24.25,0.62,1.2,22.9,35.4,0.0,0.0,73.2,24.1,75.4,23.7,74.7,0.0,0.0,49.6
250,0.3,7.0,26.58,0.87,1.2,23.8,32.4,0.0,0.0,74.8,24.4,75.9,24.3,75.7,-1.0,0.0,49.6
251,0.2,6.0,25.92,0.82,1.2,23.6,32.2,0.0,0.0,74.5,23.8,74.8,23.8,74.8,1.0,0.0,49.6
252,0.2,6.0,26.48,0.82,1.2,22.5,34.1,0.1,0.0,72.5,25.3,77.5,24.1,75.4,0.0,19.69,49.6
253,-0.2,5.0,24.69,0.7,1.2,22.7,34.8,0.0,0.0,72.9,23.9,75.0,23.6,74.5,0.0,0.0,49.6
254,0.2,6.0,26.24,0.74,1.2,24.1,33.2,0.1,2.0,75.4,25.0,77.0,24.6,76.3,2.0,19.69,49.6
255,0.1,5.0,25.84,0.91,1.2,21.9,35.9,0.0,0.0,71.4,24.2,75.6,23.5,74.3,0.0,0.0,49.6
256,-0.1,5.0,24.84,0.65,1.2,22.9,33.0,0.1,0.0,73.2,24.3,75.7,23.7,74.7,0.0,19.69,49.6
257,0.2,6.0,26.11,0.67,1.3,23.3,30.5,0.1,1.0,73.9,25.4,77.7,24.6,76.3,0.0,19.69,49.6
258,0.2,6.0,26.59,0.99,1.2,22.5,38.6,0.0,1.0,72.5,23.3,73.9,23.3,73.9,-1.0,0.0,48.6
259,0.7,14.0,28.86,0.96,1.6,22.7,37.1,0.0,0.0,72.9,23.4,74.1,23.3,73.9,0.0,0.0,48.6
260,0.2,6.0,25.99,0.82,1.2,23.4,37.2,0.0,1.0,74.1,23.8,74.8,23.8,74.8,-1.0,0.0,48.6
261,-0.1,5.0,24.97,0.66,1.3,21.8,42.2,0.1,0.0,71.2,23.3,73.9,22.7,72.9,0.0,19.69,48.6
262,0.2,6.0,25.71,0.56,1.6,22.9,37.8,0.0,-1.0,73.2,23.3,73.9,23.2,73.8,0.0,0.0,48.6
263,0.3,6.0,26.52,0.82,1.2,23.4,35.2,0.1,-1.0,74.1,24.8,76.6,24.2,75.6,1.0,19.69,48.6
264,0.3,7.0,26.26,0.77,1.2,24.3,33.0,0.0,1.0,75.7,24.7,76.5,24.6,76.3,0.0,0.0,48.6
265,0.2,6.0,26.16,0.78,1.4,22.7,35.1,0.1,-1.0,72.9,22.9,73.2,22.8,73.0,0.0,19.69,48.6
266,0.6,13.0,27.49,0.57,1.7,23.8,33.9,0.0,0.0,74.8,24.4,75.9,24.2,75.6,0.0,0.0,48.6
267,0.1,5.0,25.74,0.8,1.2,23.0,35.5,0.0,1.0,73.4,24.5,76.1,24.0,75.2,0.0,0.0,48.6
268,0.4,8.0,26.67,0.68,1.4,23.6,28.9,0.0,0.0,74.5,25.0,77.0,24.6,76.3,1.0,0.0,48.6
269,-0.2,6.0,24.45,0.74,1.2,22.0,47.3,0.0,-1.0,71.6,22.7,72.9,22.6,72.7,0.0,0.0,51.8
270,0.1,5.0,26.2,1.11,1.2,20.6,50.1,0.0,0.0,69.1,21.8,71.2,21.7,71.1,0.0,0.0,51.8
271,0.0,5.0,25.4,0.82,1.2,22.3,47.2,0.0,-1.0,72.1,23.1,73.6,23.0,73.4,2.0,0.0,51.8
272,0.0,5.0,25.46,0.82,1.2,22.1,48.8,0.0,0.0,71.8,23.5,74.3,23.2,73.8,0.0,0.0,51.8
273,0.3,7.0,26.49,0.6,1.6,23.0,46.9,0.0,1.0,73.4,23.4,74.1,23.3,73.9,2.0,0.0,51.8
274,0.6,12.0,28.32,0.86,1.5,22.5,48.6,0.0,0.0,72.5,23.2,73.8,23.1,73.6,0.0,0.0,51.8
275,-0.1,5.0,25.16,0.77,1.2,21.8,50.8,0.0,0.0,71.2,23.6,74.5,23.5,74.3,0.0,0.0,51.8
276,0.1,5.0,25.69,0.76,1.2,23.2,49.7,0.0,0.0,73.8,23.5,74.3,23.5,74.3,1.0,0.0,51.8
277,0.1,5.0,25.95,0.77,1.2,22.8,47.9,0.0,0.0,73.0,24.4,75.9,24.3,75.7,0.0,0.0,51.8
278,0.1,5.0,25.96,0.82,1.2,22.9,46.6,0.0,0.0,73.2,23.6,74.5,23.6,74.5,0.0,0.0,51.8
279,0.0,5.0,25.63,0.82,1.2,21.9,48.5,0.0,-1.0,71.4,24.0,75.2,23.7,74.7,0.0,0.0,51.8
280,-0.5,9.0,23.66,0.63,1.1,22.6,49.3,0.0,0.0,72.7,23.9,75.0,23.6,74.5,0.0,0.0,51.8
281,0.5,10.0,27.08,0.52,1.7,22.8,45.8,0.0,0.0,73.0,24.3,75.7,24.1,75.4,0.0,0.0,51.8
282,0.9,24.0,30.84,0.95,1.8,22.7,46.2,0.0,0.0,72.9,23.8,74.8,23.7,74.7,2.0,0.0,51.8
283,0.1,5.0,25.83,0.81,1.2,22.6,47.4,0.0,0.0,72.7,24.1,75.4,23.7,74.7,0.0,0.0,51.8
284,0.4,8.0,27.17,0.66,1.6,22.1,49.1,0.0,0.0,71.8,24.0,75.2,23.6,74.5,0.0,0.0,51.8
285,0.7333333333333334,16.0,28.61666666666667,0.91,1.8,23.96666666666667,44.099999999999994,0.016666666666666666,1.0,75.16666666666667,23.899999999999995,75.03333333333333,23.933333333333334,75.06666666666666,0.0,3.283333333333333,51.8
286,0.1,5.0,26.01,0.83,1.5,21.2,36.3,0.0,0.0,70.2,21.7,71.1,21.7,71.1,2.0,0.0,41.3
287,-0.1,5.0,24.63,0.56,1.6,21.7,36.0,0.0,-2.0,71.1,22.1,71.8,22.1,71.8,0.0,0.0,41.3
288,-0.2,6.0,24.71,0.82,1.2,22.0,36.2,0.0,0.0,71.6,22.4,72.3,22.4,72.3,0.0,0.0,41.3
289,0.1,5.0,25.79,0.95,1.2,22.2,35.7,0.0,1.0,72.0,22.6,72.7,22.6,72.7,1.0,0.0,41.3
290,0.9,24.0,29.7,0.63,2.3,22.2,34.3,0.0,0.0,72.0,22.7,72.9,22.7,72.9,0.0,0.0,41.3
291,0.1,5.0,26.06,0.98,1.2,22.3,35.0,0.0,0.0,72.1,22.7,72.9,22.7,72.9,0.0,0.0,41.3
292,-0.1,5.0,24.45,0.56,1.6,21.1,36.6,0.0,0.0,70.0,22.5,72.5,22.2,72.0,1.0,0.0,41.3
293,0.0,5.0,25.48,0.75,1.6,21.4,36.7,0.2,0.0,70.5,22.4,72.3,21.9,71.4,0.0,39.37,41.3
294,0.3,6.0,26.22,0.61,1.8,21.2,36.8,0.0,0.0,70.2,22.2,72.0,21.9,71.4,0.0,0.0,41.3
295,0.1,5.0,26.06,0.89,1.3,21.7,35.8,0.0,0.0,71.1,23.0,73.4,22.7,72.9,3.0,0.0,41.3
296,0.1,5.0,25.68,0.66,1.6,22.0,34.5,0.0,0.0,71.6,22.3,72.1,22.3,72.1,0.0,0.0,41.3
297,0.1,5.0,25.97,0.98,1.2,22.3,33.5,0.0,0.0,72.1,22.6,72.7,22.6,72.7,0.0,0.0,41.3
298,0.5,10.0,27.48,0.71,1.8,22.0,30.2,0.0,0.0,71.6,22.6,72.7,22.6,72.7,0.0,0.0,41.3
299,0.5,11.0,27.98,0.86,1.7,21.9,32.8,0.0,0.0,71.4,22.3,72.1,22.2,72.0,0.0,0.0,41.3
300,-0.1,5.0,25.12,0.87,1.2,22.0,32.2,0.0,0.0,71.6,23.0,73.4,22.7,72.9,1.0,0.0,41.3
301,0.3,7.0,26.42,0.7,1.6,22.5,31.2,0.0,0.0,72.5,23.0,73.4,23.0,73.4,0.0,0.0,41.3
302,0.0,5.0,25.33,0.86,1.2,22.0,31.5,0.0,0.0,71.6,23.5,74.3,23.3,73.9,1.0,0.0,41.3
303,0.1,5.0,25.6,0.78,1.3,22.7,29.4,0.0,0.0,72.9,23.1,73.6,23.0,73.4,0.0,0.0,41.3
304,-0.1,5.0,25.32,0.95,1.2,21.8,32.7,0.0,0.0,71.2,22.1,71.8,22.1,71.8,-1.0,0.0,41.3
305,0.8,17.0,29.53,0.85,2.0,21.4,32.7,0.0,-2.0,70.5,22.5,72.5,22.3,72.1,-1.0,0.0,41.3
306,-0.3,7.0,24.23,0.73,1.2,22.2,30.9,0.0,0.0,72.0,22.9,73.2,22.8,73.0,0.0,0.0,41.3
307,-0.4,8.0,23.91,0.68,1.2,22.3,34.2,0.0,0.0,72.1,22.8,73.0,22.7,72.9,2.0,0.0,43.9
308,0.0,5.0,25.82,0.98,1.2,21.8,34.9,0.0,0.0,71.2,22.8,73.0,22.6,72.7,1.0,0.0,43.9
309,0.1,5.0,26.0,1.04,1.2,21.6,34.8,0.0,0.0,70.9,22.3,72.1,22.3,72.1,0.0,0.0,43.9
310,0.1,5.0,25.59,0.82,1.2,23.0,33.9,0.0,0.0,73.4,23.5,74.3,23.5,74.3,1.0,0.0,43.9
311,-0.2,6.0,24.51,0.62,1.2,23.4,33.5,0.0,0.0,74.1,24.0,75.2,23.9,75.0,0.0,0.0,43.9
312,0.0,5.0,25.08,0.68,1.2,23.5,32.9,0.0,0.0,74.3,24.1,75.4,24.1,75.4,0.0,0.0,43.9
313,0.3,7.0,26.55,0.85,1.3,22.7,34.9,0.0,0.0,72.9,23.8,74.8,23.6,74.5,0.0,0.0,43.9
314,0.4,8.0,26.96,0.98,1.2,23.2,33.2,0.0,0.0,73.8,24.1,75.4,24.0,75.2,0.0,0.0,43.9
315,0.4,9.0,27.53,1.08,1.2,23.2,34.0,0.0,-1.0,73.8,23.9,75.0,23.8,74.8,2.0,0.0,43.9
316,0.6,12.0,28.18,0.95,1.4,23.2,33.2,0.0,0.0,73.8,24.5,76.1,24.4,75.9,0.0,0.0,43.9
317,0.6,12.0,27.62,0.77,1.4,24.0,31.5,0.0,-1.0,75.2,24.9,76.8,24.7,76.5,0.0,0.0,43.9
318,0.2,6.0,25.9,0.73,1.2,23.8,29.6,0.0,0.0,74.8,25.1,77.2,25.0,77.0,1.0,0.0,43.9
319,-0.1,5.0,24.89,0.75,1.2,22.7,29.5,0.0,0.0,72.9,23.6,74.5,23.5,74.3,1.0,0.0,43.9
320,0.3,7.0,26.89,0.99,1.2,23.0,29.9,0.0,-1.0,73.4,24.5,76.1,24.1,75.4,1.0,0.0,43.9
321,0.6,12.0,28.18,0.91,1.6,22.5,33.4,0.0,0.0,72.5,23.2,73.8,23.1,73.6,0.0,0.0,43.9
322,0.7,16.0,29.03,0.88,1.7,22.9,32.5,0.0,-1.0,73.2,23.8,74.8,23.6,74.5,0.0,0.0,43.9
323,0.0,5.0,25.46,0.78,1.2,23.1,32.2,0.0,0.0,73.6,23.9,75.0,23.8,74.8,0.0,0.0,43.9
324,-0.3,7.0,24.21,0.69,1.2,22.2,34.4,0.0,0.0,72.0,23.5,74.3,23.2,73.8,0.0,0.0,43.9
325,-0.2,6.0,24.53,0.63,1.2,23.3,32.8,0.0,0.0,73.9,24.0,75.2,23.9,75.0,0.0,0.0,43.9
326,0.2,5.0,25.94,0.82,1.2,23.2,33.1,0.0,0.0,73.8,24.3,75.7,24.1,75.4,0.0,0.0,43.9
327,0.4,8.0,26.98,0.98,1.2,23.5,31.9,0.0,1.0,74.3,24.0,75.2,23.9,75.0,0.0,0.0,43.9
328,0.4,8.0,26.68,0.86,1.2,24.1,31.1,0.0,1.0,75.4,24.6,76.3,24.5,76.1,0.0,0.0,43.9
329,0.6,12.0,27.81,0.75,1.6,23.4,33.2,0.0,0.0,74.1,24.3,75.7,24.3,75.7,0.0,0.0,43.9
330,0.2,6.0,26.59,1.0,1.2,22.1,49.3,0.0,0.0,71.8,23.1,73.6,22.8,73.0,0.0,0.0,52.8
331,-0.2,6.0,24.44,0.68,1.2,22.5,48.1,0.0,0.0,72.5,23.1,73.6,23.0,73.4,1.0,0.0,52.8
332,0.4,9.0,27.58,0.97,1.3,22.2,48.4,0.0,0.0,72.0,23.9,75.0,23.4,74.1,0.0,0.0,52.8
333,0.6,12.0,28.24,0.78,1.6,22.4,48.0,0.0,0.0,72.3,23.7,74.7,23.4,74.1,0.0,0.0,52.8
334,-0.1,5.0,25.06,0.73,1.2,22.6,47.1,0.0,-1.0,72.7,23.7,74.7,23.4,74.1,0.0,0.0,52.8
335,0.6,13.0,28.25,0.72,1.7,22.7,47.3,0.0,0.0,72.9,23.5,74.3,23.4,74.1,0.0,0.0,52.8
336,0.7,16.0,29.49,0.99,1.6,22.6,47.1,0.0,0.0,72.7,23.3,73.9,23.3,73.9,0.0,0.0,52.8
337,-0.2,6.0,24.53,0.68,1.2,22.5,47.4,0.0,0.0,72.5,23.4,74.1,23.2,73.8,3.0,0.0,52.8
338,0.3,7.0,26.65,0.72,1.5,22.1,48.9,0.0,1.0,71.8,23.3,73.9,23.2,73.8,-1.0,0.0,52.8
339,0.2,6.0,26.39,0.93,1.2,22.3,48.2,0.0,-1.0,72.1,23.6,74.5,23.3,73.9,0.0,0.0,52.8
340,-0.2,6.0,24.61,0.67,1.2,22.5,47.4,0.0,0.0,72.5,23.7,74.7,23.5,74.3,0.0,0.0,52.8
341,0.1,5.0,25.78,0.78,1.2,22.8,46.7,0.0,0.0,73.0,24.2,75.6,23.9,75.0,0.0,0.0,52.8
342,0.8,20.0,30.07,1.01,1.6,23.3,45.3,0.0,-1.0,73.9,24.0,75.2,23.9,75.0,0.0,0.0,52.8
343,-0.2,6.0,24.51,0.63,1.2,22.9,46.6,0.0,0.0,73.2,23.7,74.7,23.6,74.5,0.0,0.0,52.8
344,0.7,15.0,29.21,0.86,1.7,22.3,49.5,0.0,0.0,72.1,23.3,73.9,23.1,73.6,0.0,0.0,52.8
345,0.3,7.0,26.95,1.02,1.2,22.3,50.5,0.0,0.0,72.1,23.1,73.6,23.0,73.4,0.0,0.0,52.8
346,0.9,20.0,30.16,0.86,1.8,22.6,49.6,0.0,1.0,72.7,23.5,74.3,23.4,74.1,1.0,0.0,52.8
347,0.3,7.0,26.23,0.56,1.6,22.8,50.7,0.0,0.0,73.0,23.5,74.3,23.4,74.1,0.0,0.0,52.8
348,-0.3,7.0,24.07,0.75,1.2,22.1,23.8,0.0,0.0,71.8,22.6,72.7,22.5,72.5,0.0,0.0,30.9
349,-0.1,5.0,25.11,0.82,1.2,22.8,22.6,0.0,0.0,73.0,23.2,73.8,23.2,73.8,0.0,0.0,30.9
350,0.7,17.0,28.38,0.67,1.9,23.3,22.0,0.0,0.0,73.9,23.8,74.8,23.7,74.7,0.0,0.0,30.9
351,1.0,24.0,30.34,0.9,2.0,22.9,21.9,0.0,0.0,73.2,23.5,74.3,23.5,74.3,0.0,0.0,30.9
352,0.3,6.0,26.48,0.98,1.2,23.3,23.5,0.0,0.0,73.9,23.5,74.3,23.5,74.3,1.0,0.0,30.9
353,0.0,5.0,25.29,0.72,1.2,23.8,21.4,0.0,1.0,74.8,24.5,76.1,24.3,75.7,1.0,0.0,30.9
354,0.4,8.0,26.92,0.96,1.2,23.8,21.7,0.0,1.0,74.8,24.5,76.1,24.5,76.1,2.0,0.0,30.9
355,0.1,5.0,25.45,0.66,1.3,23.5,20.6,0.0,0.0,74.3,24.6,76.3,24.4,75.9,0.0,0.0,30.9
356,0.6,12.0,28.16,1.17,1.2,23.8,20.7,0.0,0.0,74.8,24.8,76.6,24.6,76.3,0.0,0.0,30.9
357,0.0,5.0,25.19,0.68,1.2,23.9,20.7,0.0,0.0,75.0,24.7,76.5,24.6,76.3,0.0,0.0,30.9
358,0.2,6.0,25.64,0.65,1.3,24.1,20.9,0.0,0.0,75.4,24.5,76.1,24.5,76.1,0.0,0.0,30.9
359,0.0,5.0,25.03,0.68,1.2,23.7,21.2,0.0,0.0,74.7,24.5,76.1,24.4,75.9,1.0,0.0,30.9
360,0.4,8.0,27.04,0.98,1.2,23.7,20.0,0.0,0.0,74.7,24.8,76.6,24.7,76.5,1.0,0.0,30.9
361,0.1,5.0,25.48,0.68,1.4,22.8,21.8,0.0,0.0,73.0,23.2,73.8,23.1,73.6,0.0,0.0,30.9
362,0.4,9.0,27.28,0.94,1.4,23.0,21.4,0.0,0.0,73.4,23.6,74.5,23.6,74.5,0.0,0.0,30.9
363,0.0,5.0,25.48,0.87,1.2,22.9,20.8,0.0,0.0,73.2,23.3,73.9,23.3,73.9,0.0,0.0,30.9
364,0.2,6.0,26.19,0.9,1.2,23.4,20.2,0.0,1.0,74.1,24.2,75.6,24.1,75.4,1.0,0.0,30.9
365,0.2,6.0,26.42,0.95,1.2,23.2,26.2,0.0,0.0,73.8,23.7,74.7,23.7,74.7,1.0,0.0,30.9
366,0.5,10.0,27.03,0.62,1.8,22.8,22.3,0.0,0.0,73.0,23.7,74.7,23.5,74.3,0.0,0.0,30.9
367,0.1,5.0,25.66,0.71,1.3,23.5,22.0,0.0,0.0,74.3,24.0,75.2,24.0,75.2,0.0,0.0,30.9
368,-0.1,5.0,25.05,0.73,1.2,23.3,21.8,0.0,-1.0,73.9,24.1,75.4,24.0,75.2,1.0,0.0,30.9
369,0.0,5.0,25.1,0.68,1.2,23.9,21.2,0.0,1.0,75.0,24.4,75.9,24.4,75.9,3.0,0.0,30.9
370,0.2,6.0,26.36,0.93,1.2,23.4,19.4,0.0,0.0,74.1,24.3,75.7,24.1,75.4,0.0,0.0,30.9
371,0.5,10.0,27.13,0.8,1.4,23.7,19.6,0.0,0.0,74.7,24.4,75.9,24.3,75.7,2.0,0.0,30.9
372,0.6,14.0,28.13,0.92,1.4,24.1,19.0,0.0,0.0,75.4,24.5,76.1,24.5,76.1,0.0,0.0,30.9
373,0.1,5.0,25.4,0.68,1.2,24.5,19.0,0.0,1.0,76.1,24.8,76.6,24.7,76.5,0.0,0.0,30.9
374,0.9,23.0,29.92,0.92,1.8,23.6,19.6,0.0,0.0,74.5,24.7,76.5,24.6,76.3,0.0,0.0,30.9
375,-0.2,6.0,24.84,0.87,1.2,21.6,22.3,0.1,0.0,70.9,22.6,72.7,22.2,72.0,0.0,19.69,33.0
376,0.5,11.0,27.91,0.88,1.7,21.9,22.0,0.0,0.0,71.4,22.5,72.5,22.3,72.1,1.0,0.0,33.0
377,0.5,10.0,27.86,0.97,1.6,21.9,21.9,0.0,0.0,71.4,23.2,73.8,22.8,73.0,0.0,0.0,33.0
378,0.1,5.0,25.99,1.06,1.2,21.9,20.9,0.0,0.0,71.4,22.7,72.9,22.5,72.5,1.0,0.0,33.0
379,0.4,8.0,27.12,0.98,1.4,22.3,19.8,0.0,0.0,72.1,22.4,72.3,22.4,72.3,1.0,0.0,33.0
380,0.2,6.0,26.52,1.11,1.2,22.4,19.8,0.0,0.0,72.3,22.9,73.2,22.7,72.9,0.0,0.0,33.0
381,0.5,9.0,27.83,0.98,1.6,21.6,20.7,0.0,-1.0,70.9,23.2,73.8,22.9,73.2,0.0,0.0,33.0
382,0.2,6.0,26.7,1.14,1.2,22.1,20.1,0.0,-1.0,71.8,23.1,73.6,22.9,73.2,0.0,0.0,33.0
383,-0.1,5.0,25.3,0.95,1.2,22.1,20.5,0.0,0.0,71.8,22.4,72.3,22.4,72.3,0.0,0.0,33.0
384,-0.2,6.0,24.8,0.87,1.2,22.0,20.8,0.0,0.0,71.6,22.7,72.9,22.5,72.5,0.0,0.0,33.0
385,0.0,5.0,25.12,0.78,1.4,21.9,21.4,0.0,-1.0,71.4,22.1,71.8,22.1,71.8,1.0,0.0,33.0
386,-0.3,7.0,24.32,0.82,1.2,21.8,22.1,0.0,0.0,71.2,22.5,72.5,22.3,72.1,0.0,0.0,33.0
387,-0.1,5.0,25.21,0.95,1.2,21.6,22.1,0.0,0.0,70.9,23.0,73.4,22.5,72.5,0.0,0.0,33.0
388,0.6,11.0,27.36,0.52,2.4,20.1,26.7,0.0,0.0,68.2,20.7,69.3,20.6,69.1,0.0,0.0,33.3
389,0.1,5.0,26.24,1.09,1.3,20.8,26.0,0.0,0.0,69.4,21.5,70.7,21.3,70.3,3.0,0.0,33.3
390,-0.2,6.0,24.36,0.72,1.4,20.7,28.7,0.0,0.0,69.3,21.5,70.7,21.3,70.3,-1.0,0.0,33.3
391,0.3,7.0,27.17,0.79,1.7,18.8,30.5,0.1,0.0,65.8,23.2,73.8,21.4,70.5,1.0,19.69,33.3
392,0.5,10.0,28.12,1.02,1.6,21.7,27.7,0.0,0.0,71.1,22.2,72.0,22.2,72.0,0.0,0.0,33.3
393,0.7,15.0,28.96,0.82,2.0,21.2,25.9,0.0,0.0,70.2,22.1,71.8,22.0,71.6,0.0,0.0,33.3
394,0.5,9.0,27.36,0.76,1.7,22.0,25.4,0.0,0.0,71.6,22.5,72.5,22.5,72.5,1.0,0.0,33.3
395,0.4,9.0,27.23,0.77,1.7,22.2,25.2,0.0,0.0,72.0,22.6,72.7,22.6,72.7,0.0,0.0,33.3
396,0.8,17.0,29.93,1.09,1.8,21.6,25.7,0.0,-2.0,70.9,22.2,72.0,22.1,71.8,1.0,0.0,33.3
397,-0.4,8.0,23.87,0.73,1.2,21.9,24.6,0.0,0.0,71.4,22.6,72.7,22.5,72.5,0.0,0.0,33.3
398,0.5,10.0,27.87,0.96,1.6,21.9,26.5,0.0,0.0,71.4,22.7,72.9,22.6,72.7,0.0,0.0,33.3
399,0.1,5.0,26.38,1.13,1.2,21.9,24.3,0.0,-2.0,71.4,22.3,72.1,22.2,72.0,1.0,0.0,33.3
400,0.2,6.0,26.2,0.7,1.7,21.0,26.2,0.0,0.0,69.8,21.7,71.1,21.7,71.1,0.0,0.0,33.3
401,0.4,9.0,27.55,0.9,1.6,22.1,26.7,0.0,0.0,71.8,22.9,73.2,22.7,72.9,0.0,0.0,33.3
402,0.0,5.0,25.73,0.93,1.3,21.3,26.8,0.0,-1.0,70.3,22.3,72.1,22.2,72.0,0.0,0.0,33.3
403,0.8,17.0,29.32,0.83,2.0,21.5,27.6,0.0,0.0,70.7,22.3,72.1,22.2,72.0,1.0,0.0,33.3
404,0.4,8.0,27.53,0.96,1.6,21.3,28.6,0.0,-1.0,70.3,22.5,72.5,22.1,71.8,0.0,0.0,33.3
405,0.6,12.0,28.47,0.94,1.7,21.3,26.8,0.0,0.0,70.3,22.3,72.1,22.0,71.6,1.0,0.0,33.3
406,0.4,8.0,27.4,0.96,1.6,20.8,27.4,0.0,0.0,69.4,23.0,73.4,22.3,72.1,0.0,0.0,33.3
407,0.1,5.0,26.15,1.08,1.2,21.7,26.9,0.0,-1.0,71.1,22.5,72.5,22.4,72.3,1.0,0.0,33.3
408,-0.1,5.0,25.27,0.82,1.2,22.7,24.7,0.1,0.0,72.9,23.4,74.1,23.1,73.6,0.0,19.69,39.0
409,0.4,8.0,27.35,1.09,1.2,23.2,23.9,0.1,0.0,73.8,23.8,74.8,23.6,74.5,0.0,19.69,39.0
410,-0.3,7.0,24.13,0.68,1.2,22.6,25.1,0.0,0.0,72.7,23.3,73.9,23.2,73.8,0.0,0.0,39.0
411,-0.1,5.0,25.02,0.81,1.2,22.4,26.1,0.0,-1.0,72.3,23.5,74.3,23.3,73.9,0.0,0.0,39.0
412,0.7,15.0,28.87,0.95,1.7,22.6,24.5,0.0,-1.0,72.7,23.2,73.8,23.0,73.4,0.0,0.0,39.0
413,-0.2,5.0,24.89,0.87,1.2,21.9,25.3,0.0,-1.0,71.4,23.0,73.4,22.6,72.7,1.0,0.0,39.0
414,0.1,5.0,25.72,0.9,1.2,22.8,24.2,0.0,0.0,73.0,23.6,74.5,23.3,73.9,0.0,0.0,39.0
415,0.1,5.0,25.95,0.89,1.2,23.0,22.2,0.0,0.0,73.4,24.1,75.4,23.9,75.0,1.0,0.0,39.0
416,0.3,7.0,27.01,1.08,1.2,23.0,22.5,0.0,0.0,73.4,23.7,74.7,23.6,74.5,0.0,0.0,39.0
417,-0.2,6.0,24.61,0.68,1.2,22.6,23.7,0.1,0.0,72.7,24.0,75.2,23.4,74.1,0.0,19.69,39.0
418,0.1,5.0,25.38,0.67,1.4,22.9,22.8,0.0,0.0,73.2,23.8,74.8,23.6,74.5,0.0,0.0,39.0
419,0.0,5.0,25.13,0.73,1.2,22.9,25.5,0.0,0.0,73.2,24.7,76.5,24.3,75.7,0.0,0.0,39.0
420,0.1,5.0,25.11,0.6,1.3,23.8,21.9,0.0,0.0,74.8,24.5,76.1,24.3,75.7,0.0,0.0,39.0
421,0.0,5.0,25.5,0.77,1.2,23.2,22.9,0.1,0.0,73.8,24.2,75.6,23.8,74.8,0.0,19.69,39.0
422,0.2,6.0,26.21,0.82,1.2,23.7,22.0,0.1,0.0,74.7,24.8,76.6,24.3,75.7,-1.0,19.69,39.0
423,-0.2,6.0,24.56,0.73,1.2,22.7,22.6,0.0,0.0,72.9,23.5,74.3,23.4,74.1,1.0,0.0,39.0
424,-0.2,6.0,24.58,0.73,1.2,22.8,24.0,0.0,-1.0,73.0,23.4,74.1,23.3,73.9,1.0,0.0,39.0
425,-0.2,6.0,24.54,0.73,1.2,22.7,24.0,0.0,-1.0,72.9,23.5,74.3,23.3,73.9,0.0,0.0,39.0
426,0.2,6.0,26.14,0.93,1.2,23.1,21.8,0.0,0.0,73.6,23.8,74.8,23.7,74.7,0.0,0.0,39.0
427,0.1,5.0,25.84,0.87,1.2,23.5,21.5,0.0,1.0,74.3,23.6,74.5,23.6,74.5,0.0,0.0,39.0
428,0.3,7.0,26.45,0.78,1.4,23.8,21.5,0.0,0.0,74.8,23.6,74.5,23.6,74.5,0.0,0.0,39.0
429,0.3,7.0,26.67,0.93,1.2,23.9,21.4,0.0,1.0,75.0,24.5,76.1,24.3,75.7,0.0,0.0,39.0
430,0.2,6.0,26.51,1.03,1.2,22.6,23.7,0.0,1.0,72.7,23.7,74.7,23.4,74.1,1.0,0.0,39.0
431,0.3,7.0,26.99,1.08,1.2,23.2,25.6,0.1,1.0,73.8,23.3,73.9,23.2,73.8,0.0,19.69,39.0
432,0.8,18.0,29.59,0.86,2.0,21.6,30.8,0.0,1.0,70.9,21.9,71.4,21.9,71.4,1.0,0.0,39.1
433,0.9,23.0,30.02,0.72,2.3,21.6,32.7,0.0,0.0,70.9,22.2,72.0,22.1,71.8,1.0,0.0,39.1
434,0.7,15.0,29.29,0.86,2.0,20.7,35.3,0.0,-1.0,69.3,21.5,70.7,21.4,70.5,0.0,0.0,39.1
435,-0.1,5.0,25.43,1.03,1.2,21.4,30.7,0.0,-1.0,70.5,21.6,70.9,21.6,70.9,1.0,0.0,39.1
436,-0.1,5.0,25.14,0.93,1.2,21.7,32.2,0.0,0.0,71.1,22.2,72.0,22.1,71.8,0.0,0.0,39.1
437,0.0,5.0,25.23,0.66,1.6,21.5,30.6,0.0,0.0,70.7,22.1,71.8,22.0,71.6,3.0,0.0,39.1
438,-0.5,10.0,23.54,0.68,1.2,21.9,30.3,0.0,0.0,71.4,22.5,72.5,22.4,72.3,0.0,0.0,39.1
439,0.5,10.0,27.95,0.94,1.6,22.4,30.2,0.0,-1.0,72.3,22.5,72.5,22.4,72.3,0.0,0.0,39.1
440,0.8,18.0,29.8,1.0,1.8,22.3,29.8,0.0,0.0,72.1,22.4,72.3,22.4,72.3,1.0,0.0,39.1
441,0.1,5.0,25.62,0.89,1.2,22.7,30.3,0.0,0.0,72.9,23.1,73.6,23.0,73.4,1.0,0.0,39.1
442,0.4,9.0,27.28,0.77,1.6,22.9,29.3,0.1,0.0,73.2,23.4,74.1,23.2,73.8,0.0,19.69,39.1
443,0.1,5.0,26.31,1.03,1.2,21.9,32.4,0.0,0.0,71.4,23.3,73.9,23.0,73.4,1.0,0.0,39.1
444,-0.1,5.0,24.85,0.76,1.2,22.5,30.4,0.0,0.0,72.5,23.7,74.7,23.4,74.1,0.0,0.0,39.1
445,-0.1,5.0,24.84,0.82,1.2,22.2,31.8,0.0,-1.0,72.0,22.9,73.2,22.7,72.9,0.0,0.0,39.1
446,0.6,14.0,28.0,0.71,1.7,23.6,28.0,0.0,0.0,74.5,23.4,74.1,23.4,74.1,0.0,0.0,39.1
447,0.5,11.0,28.32,1.01,1.7,21.2,19.7,0.03,1.0,70.2,21.4,70.5,21.4,70.4,0.0,5.91,24.0
448,0.4,9.0,27.78,1.05,1.6,21.3,20.2,0.03,0.0,70.4,21.8,71.2,21.6,70.9,-1.0,5.91,24.0
449,0.2,6.0,26.78,1.31,1.2,21.1,20.0,0.03,-2.0,69.9,21.5,70.7,21.4,70.4,0.0,5.91,24.0
450,0.3,7.0,27.4,1.11,1.4,21.2,20.3,0.04,0.0,70.1,21.7,71.1,21.6,70.8,0.0,7.87,24.0
451,0.3,7.0,27.07,1.06,1.4,21.8,19.1,0.03,1.0,71.2,22.3,72.1,22.1,71.9,0.0,5.91,24.0
452,-0.2,6.0,24.52,0.82,1.2,22.0,19.4,0.04,-1.0,71.6,22.6,72.7,22.4,72.4,0.0,7.87,24.0
453,0.5,11.0,28.19,1.01,1.6,22.2,19.5,0.04,0.0,72.0,22.8,73.0,22.6,72.7,1.0,7.87,24.0
454,0.0,5.0,25.36,0.85,1.3,21.5,18.2,0.05,-1.0,70.6,22.8,73.0,22.3,72.2,0.0,9.84,24.0
455,-0.5,11.0,23.47,0.65,1.2,21.9,17.5,0.05,1.0,71.5,22.9,73.2,22.6,72.6,1.0,9.84,24.0
456,0.1,5.0,25.47,0.72,1.5,21.8,17.4,0.05,-1.0,71.2,22.6,72.7,22.3,72.2,0.0,9.84,24.0
457,0.4,8.0,27.85,1.38,1.2,21.2,29.9,0.05,0.0,70.2,22.2,72.0,21.9,71.3,0.0,9.84,24.0
458,0.5,10.0,27.69,0.77,1.9,20.8,18.6,0.05,-2.0,69.5,21.5,70.7,21.3,70.3,1.0,9.84,24.0
459,-0.2,6.0,25.0,0.93,1.2,21.3,18.1,0.07,0.0,70.3,22.6,72.7,22.1,71.7,0.0,13.78,24.0
460,0.1,5.0,25.76,0.93,1.3,22.0,20.9,0.03,1.0,71.7,22.0,71.6,22.0,71.7,1.0,5.91,24.0
461,-0.2,6.0,24.41,0.77,1.2,22.4,21.3,0.03,0.0,72.4,22.8,73.0,22.7,72.8,1.0,5.91,24.0
462,0.6,13.0,28.18,0.74,2.0,21.3,20.6,0.04,0.0,70.4,22.0,71.6,21.8,71.2,1.0,7.87,24.0
463,0.5,11.0,28.29,1.05,1.6,22.1,21.4,0.03,0.0,71.8,22.3,72.1,22.3,72.1,1.0,5.91,24.0
464,0.2,6.0,26.26,1.03,1.2,22.4,21.6,0.03,1.0,72.4,23.0,73.4,22.9,73.2,1.0,5.91,24.0
465,0.4,8.0,27.14,1.03,1.3,22.6,22.4,0.04,0.0,72.6,23.1,73.6,22.9,73.3,1.0,7.87,24.0
466,0.0,5.0,25.94,1.08,1.2,21.6,22.0,0.03,-2.0,70.8,22.3,72.1,22.1,71.7,1.0,5.91,24.0
467,-0.6,12.0,23.12,0.57,1.2,22.4,34.1,0.03,0.0,72.4,22.7,72.9,22.6,72.7,0.0,5.91,61.666666666666664
468,0.1,5.0,25.81,0.87,1.2,23.1,33.8,0.04,0.0,73.6,23.1,73.6,23.1,73.7,1.0,7.87,61.666666666666664
469,0.4,8.0,27.16,1.03,1.2,23.8,31.3,0.03,0.0,74.9,23.4,74.1,23.5,74.3,1.0,5.91,48.53333333333333
470,0.4,8.0,27.11,1.02,1.2,23.6,32.1,0.05,0.0,74.4,23.6,74.5,23.6,74.4,0.0,9.84,61.666666666666664
471,-0.2,6.0,24.42,0.73,1.2,22.4,34.3,0.03,0.0,72.3,22.9,73.2,22.7,72.9,0.0,5.91,62.96666666666666
472,0.3,7.0,26.87,1.03,1.2,23.3,32.9,0.05,0.0,73.9,23.1,73.6,23.2,73.7,0.0,9.84,61.666666666666664
473,0.1,5.0,25.66,0.78,1.2,23.7,32.2,0.04,0.0,74.6,23.8,74.8,23.7,74.7,0.0,7.87,61.666666666666664
474,0.7,16.0,29.97,1.42,1.4,22.7,33.4,0.04,0.0,72.8,22.0,71.6,22.2,71.9,0.0,7.87,61.666666666666664
475,0.0,5.0,25.71,0.97,1.2,21.8,35.1,0.04,0.0,71.2,22.4,72.3,22.2,72.0,0.0,7.87,61.666666666666664
476,0.3,7.0,27.02,1.11,1.2,22.1,34.4,0.06,0.0,71.7,23.0,73.4,22.7,72.8,0.0,11.81,61.666666666666664
477,0.1,5.0,25.42,0.67,1.3,23.6,31.9,0.07,1.0,74.5,23.5,74.3,23.5,74.4,1.0,13.78,62.333333333333336
478,0.5,9.0,27.74,1.19,1.2,22.9,32.3,0.04,0.0,73.3,23.1,73.6,23.0,73.5,0.0,7.87,61.666666666666664
479,-0.1,5.0,24.76,0.73,1.2,23.8,31.3,0.03,0.0,74.9,22.7,72.9,23.0,73.4,1.0,5.91,61.666666666666664
480,0.4,9.0,27.28,1.08,1.2,23.7,32.0,0.05,0.0,74.6,23.0,73.4,23.3,73.9,0.0,9.84,61.666666666666664
481,0.1,5.0,25.63,0.78,1.2,23.3,32.9,0.08,0.0,74.0,23.9,75.0,23.7,74.6,1.0,15.75,61.666666666666664
482,0.3,6.0,26.33,0.85,1.2,23.5,31.4,0.04,0.0,74.3,24.3,75.7,24.0,75.3,1.0,7.87,64.86666666666666
483,-0.1,5.0,24.69,0.63,1.2,24.0,29.9,0.04,2.0,75.2,23.8,74.8,23.9,75.0,1.0,7.87,49.4
484,0.3,7.0,26.61,0.98,1.2,23.4,32.2,0.04,-1.0,74.1,23.2,73.8,23.3,73.9,0.0,7.87,52.666666666666664
485,0.1,5.0,25.7,0.82,1.2,23.0,30.2,0.05,0.0,73.4,23.8,74.8,23.6,74.4,0.0,9.84,62.199999999999996
486,0.1,5.0,25.47,0.7,1.4,23.6,27.8,0.04,0.0,74.5,22.6,72.7,22.9,73.2,0.0,7.87,61.666666666666664
487,0.0,5.0,25.12,0.78,1.2,23.4,28.3,0.05,0.0,74.1,23.1,73.6,23.2,73.8,1.0,9.84,61.666666666666664
488,0.5,10.0,27.87,1.0,1.4,22.8,27.0,0.03,0.0,73.1,23.7,74.7,23.4,74.2,0.0,5.91,61.666666666666664
489,-0.1,5.0,25.16,1.04,1.2,22.7,20.2,0.19,-1.0,72.9,21.7,71.1,22.2,72.0,1.0,37.4,38.9
490,0.4,8.0,27.32,1.03,1.4,22.9,19.9,0.08,-2.0,73.1,22.6,72.7,22.7,72.8,0.0,15.75,38.9
491,0.4,8.0,27.1,1.02,1.3,22.7,20.9,0.05,0.0,72.9,23.2,73.8,23.0,73.4,1.0,9.84,38.9
492,0.4,9.0,27.33,0.99,1.4,23.1,20.0,0.03,0.0,73.5,23.0,73.4,23.0,73.4,1.0,5.91,38.9
493,0.5,11.0,28.18,0.97,1.6,23.1,20.1,0.1,-1.0,73.5,22.9,73.2,23.0,73.3,0.0,19.69,38.9
494,-0.2,6.0,24.51,0.73,1.2,23.4,18.5,0.1,0.0,74.0,23.0,73.4,23.2,73.7,0.0,19.69,38.9
495,0.0,5.0,25.13,0.58,1.6,23.4,19.4,0.13,0.0,74.1,22.6,72.7,23.0,73.3,0.0,25.59,38.9
496,0.4,8.0,27.31,1.12,1.2,23.9,20.8,0.09,-2.0,74.9,23.3,73.9,23.5,74.4,0.0,17.72,38.9
497,0.5,11.0,28.38,1.33,1.2,23.3,19.7,0.09,-2.0,74.0,23.4,74.1,23.4,74.1,0.0,17.72,38.9
498,-0.2,6.0,24.71,0.78,1.2,22.8,19.4,0.08,0.0,73.1,23.0,73.4,22.9,73.3,0.0,15.75,38.9
499,0.4,8.0,26.89,0.91,1.4,23.1,17.5,0.04,0.0,73.7,23.3,73.9,23.3,73.9,1.0,7.87,38.9
500,0.3,6.0,26.77,1.03,1.2,22.8,19.5,0.1,0.0,73.0,23.9,75.0,23.4,74.2,0.0,19.69,38.9
501,0.4,8.0,26.58,0.67,1.6,23.5,16.9,0.05,0.0,74.4,24.1,75.4,23.9,75.0,0.0,9.84,38.9
502,0.5,10.0,27.68,1.0,1.3,23.4,19.4,0.06,0.0,74.2,24.4,75.9,24.0,75.2,0.0,11.81,38.9
503,0.1,5.0,26.05,0.95,1.6,19.2,16.9,0.08,-2.0,66.6,20.0,68.0,19.7,67.4,2.0,15.75,16.8
504,-0.2,6.0,25.04,1.13,1.2,20.4,14.4,0.03,0.0,68.8,20.7,69.3,20.7,69.2,1.0,5.91,16.8
505,-0.6,12.0,23.26,0.81,1.2,21.0,16.0,0.03,0.0,69.8,21.0,69.8,21.0,69.8,0.0,5.91,16.8
506,-0.1,5.0,25.2,1.13,1.2,20.9,18.9,0.04,-1.0,69.6,20.6,69.1,20.7,69.3,0.0,7.87,16.8
507,0.7,16.0,29.68,1.1,1.8,21.6,15.3,0.03,0.0,70.9,22.0,71.6,21.9,71.4,0.0,5.91,16.8
508,0.1,5.0,26.02,0.94,1.4,21.5,13.6,0.04,0.0,70.7,22.2,72.0,22.0,71.6,0.0,7.87,16.8
509,-0.1,5.0,25.44,1.0,1.2,21.8,13.0,0.02,1.0,71.2,22.6,72.7,22.4,72.2,0.0,3.94,16.8
510,0.7,14.0,29.5,1.37,1.5,22.1,12.9,0.02,0.0,71.8,21.9,71.4,22.0,71.6,1.0,3.94,16.8
511,-0.2,6.0,24.81,0.81,1.2,22.3,15.1,0.03,0.0,72.2,23.3,73.9,23.0,73.4,0.0,5.91,16.8
512,0.0,5.0,25.55,1.02,1.2,21.7,14.2,0.05,-1.0,71.1,22.5,72.5,22.2,72.0,1.0,9.84,16.8
513,0.2,6.0,26.17,0.87,1.6,21.0,19.6,0.04,0.0,69.7,21.4,70.5,21.2,70.2,0.0,7.87,16.8
514,0.3,6.0,26.34,0.8,1.6,22.2,14.2,0.04,0.0,72.0,22.4,72.3,22.4,72.3,0.0,7.87,16.8
515,0.6,14.0,28.87,0.99,1.8,21.5,15.5,0.08,0.0,70.7,21.9,71.4,21.8,71.2,0.0,15.75,16.8
516,-0.6,12.0,23.23,0.73,1.2,21.7,15.4,0.03,1.0,71.1,21.6,70.9,21.6,70.9,-1.0,5.91,16.8
517,0.0,5.0,25.59,1.11,1.2,21.6,13.8,0.07,0.0,70.8,21.5,70.7,21.5,70.8,0.0,13.78,20.0
518,-0.1,5.0,25.08,1.03,1.2,21.4,14.8,0.02,-1.0,70.6,21.5,70.7,21.5,70.7,0.0,3.94,20.0
519,-0.4,8.0,24.0,0.78,1.2,22.0,16.0,0.04,0.0,71.6,22.2,72.0,22.2,71.9,0.0,7.87,20.0
520,0.0,5.0,25.82,1.1,1.2,21.6,14.1,0.04,0.0,70.9,22.1,71.8,21.9,71.5,1.0,7.87,20.0
521,-0.4,9.0,23.82,0.73,1.2,22.3,14.3,0.06,0.0,72.1,22.4,72.3,22.4,72.3,0.0,11.81,20.0
522,0.2,6.0,26.27,1.03,1.2,23.1,12.0,0.04,0.0,73.5,23.2,73.8,23.1,73.7,1.0,7.87,20.0
523,0.3,6.0,26.8,1.16,1.2,22.7,12.0,0.03,0.0,72.9,22.9,73.2,22.8,73.1,0.0,5.91,20.0
524,0.4,8.0,26.77,0.83,1.6,22.6,11.6,0.03,0.0,72.6,22.9,73.2,22.8,73.0,1.0,5.91,20.0
525,-0.4,9.0,23.75,0.72,1.2,22.1,13.8,0.03,-1.0,71.7,22.5,72.5,22.4,72.4,0.0,5.91,20.0
526,0.5,10.0,27.78,0.96,1.6,22.3,15.2,0.04,0.0,72.2,23.0,73.4,22.8,73.0,0.0,7.87,20.0
527,0.1,5.0,26.23,1.04,1.2,23.0,13.5,0.09,0.0,73.3,23.0,73.4,23.0,73.3,0.0,17.72,20.0
528,-0.2,6.0,24.52,0.73,1.2,23.5,15.2,0.04,0.0,74.3,23.1,73.6,23.2,73.8,0.0,7.87,20.0
529,0.1,5.0,25.56,0.82,1.2,23.8,13.2,0.06,0.0,74.9,23.9,75.0,23.9,74.9,0.0,11.81,20.0
530,0.5,11.0,26.7,0.53,1.8,23.9,13.5,0.04,0.0,74.9,24.3,75.7,24.2,75.5,1.0,7.87,20.0
531,0.7,15.0,27.99,0.7,1.8,23.8,13.5,0.03,1.0,74.9,24.2,75.6,24.1,75.3,-1.0,5.91,20.0
532,0.2,6.0,26.19,0.93,1.2,23.4,12.6,0.06,0.0,74.2,24.0,75.2,23.8,74.9,0.0,11.81,20.0
533,0.4,8.0,26.5,0.66,1.6,23.6,13.3,0.06,1.0,74.5,24.3,75.7,24.0,75.2,3.0,11.81,20.0
534,-0.3,7.0,24.24,0.72,1.2,23.1,15.6,0.1,-1.0,73.6,22.9,73.2,23.0,73.3,0.0,19.69,20.0
535,1.1,29.0,30.31,0.76,2.2,23.5,17.1,0.04,1.0,74.2,23.8,74.8,23.7,74.6,0.0,7.87,20.0
536,0.3,7.0,26.11,0.66,1.6,23.2,15.7,0.05,0.0,73.8,23.5,74.3,23.4,74.2,1.0,9.84,20.0
537,0.1,5.0,25.63,0.81,1.2,23.5,18.5,0.04,2.0,74.4,24.1,75.4,23.9,75.0,0.0,7.87,20.0
538,0.1,5.0,26.26,1.28,1.2,20.9,19.5,0.02,0.0,69.5,20.9,69.6,20.9,69.6,0.0,3.94,26.1
539,0.9,22.0,30.23,0.87,2.3,21.1,18.0,0.03,0.0,69.9,21.3,70.3,21.2,70.2,3.0,5.91,26.1
540,0.5,10.0,28.34,1.13,1.6,21.4,18.8,0.05,-1.0,70.6,21.8,71.2,21.7,71.0,1.0,9.84,26.1
541,0.8,17.0,29.64,0.97,2.0,21.3,16.9,0.04,-1.0,70.3,21.4,70.5,21.4,70.4,0.0,7.87,26.1
542,0.5,9.0,27.86,1.02,1.6,21.8,21.3,0.04,0.0,71.2,22.1,71.8,22.0,71.5,0.0,7.87,26.1
543,0.1,5.0,25.96,1.01,1.2,22.5,20.1,0.04,0.0,72.5,22.7,72.9,22.6,72.8,0.0,7.87,26.1
544,0.3,7.0,26.63,0.91,1.4,22.1,20.2,0.03,1.0,71.9,22.5,72.5,22.4,72.3,3.0,5.91,26.1
545,0.2,6.0,26.53,1.12,1.2,22.1,20.4,0.04,-1.0,71.8,22.7,72.9,22.5,72.5,-1.0,7.87,26.1
546,-0.3,7.0,24.24,0.82,1.2,21.5,20.2,0.05,0.0,70.7,22.3,72.1,22.1,71.7,1.0,9.84,26.1
547,0.8,20.0,29.94,0.93,2.0,21.8,18.3,0.07,0.0,71.2,22.5,72.5,22.2,72.0,1.0,13.78,26.1
548,0.3,7.0,26.31,0.73,1.6,22.9,20.8,0.05,-1.0,73.2,22.7,72.9,22.8,73.0,2.0,9.84,26.1
549,0.3,6.0,26.65,0.87,1.6,21.1,22.5,0.06,0.0,70.0,22.1,71.8,21.7,71.1,1.0,11.81,26.1
550,-0.5,11.0,23.49,0.73,1.2,21.3,22.6,0.03,0.0,70.4,22.2,72.0,21.9,71.5,0.0,5.91,26.1
551,0.2,6.0,25.93,0.75,1.6,21.9,19.5,0.04,0.0,71.4,22.3,72.1,22.1,71.9,1.0,7.87,26.1
552,0.3,7.0,27.0,1.17,1.2,22.4,19.8,0.04,0.0,72.4,22.9,73.2,22.8,73.0,2.0,7.87,26.1
553,0.5,10.0,27.65,0.95,1.6,22.4,19.7,0.04,0.0,72.2,22.5,72.5,22.4,72.4,0.0,7.87,26.1
554,0.2,6.0,26.32,1.02,1.2,22.6,19.4,0.05,1.0,72.8,23.3,73.9,23.1,73.5,1.0,9.84,26.1
555,0.3,7.0,27.22,1.1,1.3,22.1,20.1,0.04,-1.0,71.7,22.8,73.0,22.6,72.6,0.0,7.87,26.1
556,0.2,6.0,26.35,1.03,1.2,22.6,18.7,0.04,0.0,72.6,23.3,73.9,23.1,73.5,0.0,7.87,26.1
557,-0.3,8.0,24.16,0.87,1.2,21.4,18.2,0.04,0.0,70.6,21.6,70.9,21.6,70.8,1.0,7.87,31.1
558,-0.1,5.0,25.09,0.97,1.2,21.7,19.3,0.04,-1.0,71.1,22.0,71.6,21.9,71.4,1.0,7.87,31.1
559,0.5,9.0,27.4,0.82,1.7,22.0,19.6,0.09,0.0,71.6,21.9,71.4,22.0,71.5,0.0,17.72,31.1
560,0.3,7.0,26.86,0.97,1.4,22.1,19.5,0.03,0.0,71.8,22.1,71.8,22.1,71.8,0.0,5.91,31.1
561,0.1,5.0,25.84,0.98,1.2,22.4,18.0,0.04,0.0,72.3,23.0,73.4,22.8,73.1,0.0,7.87,31.1
562,0.0,5.0,25.53,1.03,1.2,21.6,29.7,0.07,0.0,70.9,21.7,71.1,21.7,71.0,0.0,13.78,31.1
563,-0.3,7.0,24.37,0.93,1.2,21.3,18.7,0.04,0.0,70.4,21.3,70.3,21.3,70.4,0.0,7.87,31.1
564,0.1,5.0,25.87,1.03,1.2,22.1,18.5,0.03,0.0,71.8,22.6,72.7,22.5,72.4,0.0,5.91,31.1
565,-0.1,5.0,25.5,1.06,1.2,21.5,17.3,0.08,-2.0,70.7,21.8,71.2,21.7,71.1,0.0,15.75,31.1
566,-0.2,6.0,24.79,0.93,1.2,21.9,18.2,0.05,0.0,71.4,21.8,71.2,21.9,71.3,2.0,9.84,31.1
567,0.6,12.0,27.97,0.74,2.0,21.7,20.1,0.03,0.0,71.0,22.0,71.6,21.9,71.4,0.0,5.91,31.1
568,-0.4,8.0,24.11,0.82,1.2,21.4,19.0,0.03,-1.0,70.5,22.2,72.0,22.0,71.6,0.0,5.91,31.1
569,-0.2,6.0,24.72,0.93,1.2,21.9,17.9,0.06,0.0,71.5,21.7,71.1,21.8,71.2,0.0,11.81,31.1
570,0.6,11.0,28.09,0.88,1.8,21.7,14.7,0.04,0.0,71.0,22.4,72.3,22.2,71.9,1.0,7.87,31.1
571,0.1,5.0,25.91,1.1,1.2,21.9,17.1,0.04,0.0,71.5,21.9,71.4,21.9,71.5,3.0,7.87,31.1
572,-0.2,6.0,24.51,0.73,1.2,22.6,29.3,0.09,0.0,72.7,23.0,73.4,22.9,73.1,0.0,17.72,40.3
573,0.3,6.0,26.58,1.0,1.2,22.9,29.3,0.04,1.0,73.3,23.3,73.9,23.2,73.8,1.0,7.87,40.3
574,-0.3,7.0,24.1,0.72,1.2,22.4,30.8,0.04,0.0,72.3,22.5,72.5,22.5,72.5,0.0,7.87,40.3
575,0.3,7.0,27.0,1.04,1.2,22.9,29.6,0.05,0.0,73.3,23.7,74.7,23.4,74.1,1.0,9.84,40.3
576,0.3,7.0,26.84,1.03,1.2,23.0,28.5,0.06,0.0,73.5,23.4,74.1,23.3,73.9,2.0,11.81,40.3
577,0.2,6.0,26.57,1.03,1.2,22.7,30.0,0.03,0.0,72.8,23.1,73.6,23.0,73.3,1.0,5.91,40.3
578,0.7,15.0,28.65,0.83,1.7,23.2,28.8,0.03,1.0,73.8,23.7,74.7,23.6,74.4,0.0,5.91,40.3
579,0.3,7.0,27.07,1.15,1.2,22.3,30.6,0.03,0.0,72.1,22.8,73.0,22.6,72.7,2.0,5.91,40.3
580,0.1,5.0,25.67,0.82,1.2,23.4,28.2,0.04,1.0,74.0,23.7,74.7,23.6,74.4,2.0,7.87,40.3
581,0.6,13.0,28.82,1.38,1.2,23.2,28.7,0.04,1.0,73.8,23.1,73.6,23.1,73.7,0.0,7.87,40.3
582,0.0,5.0,25.35,0.8,1.2,23.0,28.8,0.03,-1.0,73.4,23.5,74.3,23.4,74.0,1.0,5.91,40.3
583,0.3,7.0,26.63,0.73,1.4,23.2,28.9,0.12,0.0,73.8,23.9,75.0,23.6,74.4,0.0,23.62,40.3
584,0.2,6.0,26.08,0.85,1.3,22.7,29.5,0.03,0.0,72.8,22.9,73.2,22.9,73.1,0.0,5.91,40.3
585,0.0,5.0,25.4,0.82,1.2,22.9,30.0,0.03,0.0,73.3,23.3,73.9,23.2,73.8,1.0,5.91,40.3
586,-0.1,5.0,24.87,0.68,1.2,23.8,27.2,0.04,0.0,74.8,23.8,74.8,23.8,74.8,0.0,7.87,40.3
587,0.2,6.0,26.77,0.91,1.2,23.3,28.1,0.13,0.0,73.9,24.6,76.3,24.0,75.2,0.0,25.59,40.3
588,0.0,5.0,25.4,0.94,1.2,22.1,31.9,0.03,-2.0,71.8,22.2,72.0,22.2,71.9,0.0,5.91,40.3
589,0.1,5.0,26.2,1.03,1.2,22.2,31.0,0.04,0.0,72.0,22.6,72.7,22.5,72.4,1.0,7.87,40.3
590,0.0,5.0,25.61,0.94,1.2,22.2,30.1,0.05,0.0,72.0,22.6,72.7,22.5,72.4,1.0,9.84,40.3
591,0.0,5.0,24.96,0.58,1.4,23.1,27.9,0.08,0.0,73.6,23.1,73.6,23.1,73.6,0.0,15.75,40.3
592,0.3,7.0,26.72,1.03,1.2,23.3,28.4,0.09,0.0,73.9,23.1,73.6,23.2,73.7,0.0,17.72,40.3
593,-0.2,6.0,24.32,0.65,1.2,23.1,28.2,0.06,-1.0,73.6,23.5,74.3,23.4,74.0,0.0,11.81,40.3
594,-0.3,7.0,24.15,0.73,1.2,22.4,30.3,0.02,0.0,72.3,22.5,72.5,22.5,72.4,0.0,3.94,40.3
595,0.2,6.0,26.36,1.03,1.2,22.5,30.2,0.02,0.0,72.5,22.8,73.0,22.7,72.8,0.0,3.94,40.3
596,0.1,5.0,25.65,0.82,1.2,23.6,28.7,0.04,2.0,74.4,23.5,74.3,23.5,74.3,1.0,7.87,40.3
597,0.8,19.0,28.6,0.63,1.9,23.5,26.7,0.04,0.0,74.2,24.0,75.2,23.8,74.9,1.0,7.87,40.3
598,0.1,5.0,25.64,0.82,1.2,23.2,29.0,0.03,2.0,73.8,23.6,74.5,23.5,74.3,0.0,5.91,40.3
599,0.5,10.0,28.44,1.46,1.2,21.7,31.3,0.04,0.0,71.1,22.0,71.6,21.9,71.5,0.0,7.87,40.3
600,0.3,7.0,26.76,0.95,1.2,23.8,27.1,0.04,0.0,74.9,23.9,75.0,23.9,75.0,1.0,7.87,40.3
601,0.9,23.0,29.91,0.9,1.7,23.6,27.2,0.06,0.0,74.4,24.6,76.3,24.2,75.6,0.0,11.81,40.3
602,-0.1,5.0,24.86,0.78,1.2,22.4,30.6,0.03,0.0,72.4,23.1,73.6,22.9,73.3,0.0,5.91,40.3
603,1.1,29.0,30.91,0.85,2.0,23.3,28.4,0.1,0.0,73.9,24.8,76.6,24.1,75.4,0.0,19.69,40.3
604,0.2,6.0,26.46,0.94,1.2,23.0,30.2,0.03,-1.0,73.3,23.8,74.8,23.6,74.4,0.0,5.91,40.3
605,0.3,6.0,26.69,1.03,1.2,22.7,30.0,0.04,0.0,72.9,23.3,73.9,23.1,73.6,0.0,7.87,40.3
606,0.5,10.0,27.71,0.89,1.4,22.8,29.5,0.05,-1.0,73.1,24.0,75.2,23.6,74.4,0.0,9.84,40.3
607,-0.2,6.0,24.43,0.63,1.2,23.7,29.7,0.02,2.0,74.7,23.5,74.3,23.6,74.4,2.0,3.94,40.3
608,0.3,7.0,27.03,0.98,1.4,22.0,31.6,0.03,0.0,71.6,22.3,72.1,22.2,72.0,1.0,5.91,40.3
609,1.0,25.0,31.9,1.23,2.0,21.0,30.2,0.02,0.0,69.8,21.2,70.2,21.2,70.1,1.0,3.94,38.2
610,0.5,11.0,27.95,0.8,1.7,22.1,30.3,0.04,1.0,71.7,22.4,72.3,22.3,72.2,0.0,7.87,38.2
611,-0.4,8.0,23.99,0.72,1.2,22.0,28.9,0.03,0.0,71.7,22.6,72.7,22.5,72.4,1.0,5.91,38.2
612,0.4,9.0,27.87,1.14,1.4,21.7,29.7,0.03,-1.0,71.0,22.2,72.0,22.1,71.7,0.0,5.91,38.2
613,0.2,6.0,26.71,1.13,1.2,21.7,29.9,0.04,-1.0,71.0,22.7,72.9,22.4,72.3,0.0,7.87,38.2
614,0.6,13.0,27.78,0.68,1.8,23.1,28.7,0.03,2.0,73.6,23.1,73.6,23.1,73.6,-1.0,5.91,38.2
615,0.3,6.0,26.85,1.11,1.2,22.3,27.9,0.02,0.0,72.1,23.0,73.4,22.8,73.1,0.0,3.94,38.2
616,0.0,5.0,25.58,0.91,1.2,22.1,30.8,0.03,-2.0,71.8,23.0,73.4,22.8,73.0,1.0,5.91,38.2
617,0.2,6.0,26.25,0.77,1.4,22.6,26.9,0.02,0.0,72.7,23.1,73.6,23.0,73.3,0.0,3.94,38.2
618,0.3,7.0,27.22,1.2,1.2,22.4,26.5,0.06,0.0,72.3,22.6,72.7,22.5,72.5,0.0,11.81,38.2
619,0.5,11.0,28.08,0.96,1.6,22.4,25.5,0.02,0.0,72.4,22.8,73.0,22.7,72.8,0.0,3.94,38.2
620,0.9,22.0,28.41,0.77,1.2,24.9,6.4,0.04,0.0,76.9,54.9,130.8,28.7,83.6,2.0,7.87,38.2
621,-2.4,92.0,12.12,1.04,1.2,29.0,0.5,0.02,0.0,84.2,11.3,52.3,0.5,32.8,0.0,3.94,38.2
622,-0.1,5.0,25.05,0.78,1.2,23.0,25.2,0.03,0.0,73.3,23.4,74.1,23.3,73.9,0.0,5.91,37.2
623,0.1,5.0,25.7,0.86,1.2,23.2,25.4,0.04,0.0,73.8,23.4,74.1,23.4,74.0,1.0,7.87,37.2
624,-0.1,5.0,24.96,0.73,1.2,23.6,23.8,0.08,1.0,74.6,23.5,74.3,23.6,74.4,0.0,15.75,37.2
625,0.4,9.0,26.93,0.73,1.5,23.8,23.8,0.03,1.0,74.8,23.9,75.0,23.9,74.9,1.0,5.91,37.2
626,0.3,6.0,25.63,0.5,1.6,23.8,23.3,0.03,1.0,74.8,24.3,75.7,24.2,75.5,0.0,5.91,37.2
627,0.2,6.0,26.09,0.82,1.2,24.0,22.6,0.04,-1.0,75.2,24.4,75.9,24.3,75.7,0.0,7.87,37.2
628,0.6,12.0,27.97,0.95,1.4,23.4,27.2,0.06,0.0,74.2,23.4,74.1,23.4,74.2,0.0,11.81,37.2
629,0.7,15.0,28.91,0.94,1.6,22.9,24.5,0.05,-1.0,73.2,23.3,73.9,23.2,73.7,0.0,9.84,37.2
630,0.3,8.0,26.49,0.82,1.2,24.6,26.3,0.03,1.0,76.4,24.5,76.1,24.6,76.2,1.0,5.91,37.2
631,0.2,5.0,25.82,0.82,1.2,23.8,25.3,0.03,1.0,74.8,23.8,74.8,23.8,74.9,0.0,5.91,37.2
632,-0.1,5.0,24.92,0.72,1.2,23.1,29.1,0.04,0.0,73.6,23.7,74.7,23.5,74.3,0.0,7.87,37.2
633,0.4,9.0,27.18,1.03,1.2,23.7,27.2,0.04,2.0,74.7,23.8,74.8,23.8,74.8,-1.0,7.87,37.2
634,0.0,5.0,25.08,0.73,1.2,23.0,29.1,0.06,-1.0,73.5,23.9,75.0,23.6,74.4,0.0,11.81,37.2
635,0.6,12.0,27.93,0.84,1.5,23.0,28.1,0.04,0.0,73.5,24.4,75.9,24.0,75.1,0.0,7.87,37.2
636,0.4,8.0,26.81,0.87,1.2,24.6,25.7,0.03,0.0,76.2,24.6,76.3,24.6,76.3,0.0,5.91,37.2
637,0.4,8.0,27.01,0.94,1.2,24.0,26.2,0.05,0.0,75.1,24.5,76.1,24.3,75.8,0.0,9.84,37.2
638,0.3,7.0,26.2,0.73,1.2,24.3,25.8,0.05,0.0,75.8,25.4,77.7,25.0,77.0,1.0,9.84,37.2
639,-0.2,6.0,24.6,0.82,1.3,21.2,35.3,0.05,-1.0,70.1,21.0,69.8,21.1,69.9,0.0,9.84,39.0
640,0.3,7.0,26.33,0.75,1.6,22.7,29.1,0.04,0.0,72.8,21.3,70.3,21.8,71.2,1.0,7.87,39.0
641,-0.1,5.0,24.93,0.87,1.2,22.0,31.3,0.04,0.0,71.5,22.4,72.3,22.2,72.0,1.0,7.87,39.0
642,0.0,5.0,25.44,0.92,1.2,22.4,33.5,0.03,0.0,72.2,22.3,72.1,22.3,72.2,0.0,5.91,39.0
643,0.3,7.0,26.69,1.03,1.2,22.8,31.3,0.04,0.0,73.1,23.1,73.6,23.0,73.5,0.0,7.87,39.0
644,0.3,8.0,26.51,0.66,1.6,22.9,30.6,0.03,0.0,73.3,23.6,74.5,23.4,74.1,0.0,5.91,39.0
645,0.4,8.0,27.24,1.09,1.2,22.8,30.9,0.03,0.0,73.1,23.5,74.3,23.3,74.0,1.0,5.91,39.0
646,0.1,5.0,25.6,0.82,1.2,23.2,29.7,0.05,0.0,73.7,23.6,74.5,23.4,74.2,-1.0,9.84,39.0
647,0.7,16.0,29.08,0.9,1.7,22.7,30.7,0.04,2.0,72.9,23.2,73.8,23.0,73.5,2.0,7.87,39.0
648,0.4,9.0,27.4,1.08,1.2,23.6,30.6,0.05,0.0,74.5,23.4,74.1,23.5,74.3,0.0,9.84,39.0
649,0.5,10.0,27.38,0.72,1.7,22.1,32.8,0.07,0.0,71.8,22.8,73.0,22.5,72.6,1.0,13.78,39.0
650,0.5,11.0,28.31,1.03,1.6,21.8,32.8,0.04,1.0,71.2,21.9,71.4,21.9,71.4,0.0,7.87,39.0
651,0.7,14.0,29.27,1.12,1.6,22.3,32.0,0.04,2.0,72.1,22.4,72.3,22.4,72.3,0.0,7.87,39.0
652,-0.1,5.0,25.14,0.89,1.2,22.1,32.2,0.03,0.0,71.7,22.4,72.3,22.3,72.1,0.0,5.91,39.0
653,0.0,5.0,25.55,0.96,1.2,21.8,30.7,0.03,0.0,71.3,22.5,72.5,22.3,72.1,0.0,5.91,39.9
654,0.4,8.0,27.4,0.93,1.5,22.1,31.3,0.03,0.0,71.8,22.7,72.9,22.5,72.5,0.0,5.91,39.9
655,-0.5,10.0,23.46,0.73,1.2,21.4,31.4,0.02,0.0,70.6,21.8,71.2,21.7,71.1,0.0,3.94,39.9
656,0.9,22.0,30.94,1.06,2.0,21.4,32.3,0.04,0.0,70.5,21.7,71.1,21.6,70.9,1.0,7.87,39.9
657,-0.1,5.0,25.17,0.81,1.2,22.4,30.8,0.05,1.0,72.4,23.3,73.9,23.0,73.4,1.0,9.84,39.9
658,0.1,5.0,25.78,0.94,1.2,22.1,31.0,0.02,0.0,71.8,23.0,73.4,22.8,73.0,0.0,3.94,39.9
659,-0.2,6.0,24.63,0.86,1.2,21.6,33.5,0.04,0.0,70.8,22.1,71.8,21.9,71.4,1.0,7.87,39.9
660,0.1,5.0,25.96,0.98,1.2,22.2,31.8,0.04,-1.0,72.0,22.7,72.9,22.5,72.6,0.0,7.87,39.9
661,0.4,8.0,27.66,1.02,1.4,21.7,32.5,0.04,-1.0,71.1,22.4,72.3,22.2,72.0,1.0,7.87,39.9
662,-0.1,5.0,25.1,0.82,1.2,23.0,25.0,0.07,-1.0,73.4,22.9,73.2,23.0,73.3,0.0,13.78,36.5
663,0.3,6.0,26.06,0.66,1.6,22.9,25.1,0.04,1.0,73.3,23.0,73.4,23.0,73.4,3.0,7.87,36.5
664,-0.2,6.0,24.44,0.73,1.2,23.2,23.2,0.06,0.0,73.8,22.8,73.0,23.0,73.3,0.0,11.81,36.5
665,0.6,12.0,27.64,0.8,1.6,23.6,23.3,0.03,0.0,74.5,23.7,74.7,23.7,74.7,0.0,5.91,36.5
666,0.0,5.0,25.28,0.73,1.2,23.7,22.8,0.05,1.0,74.6,24.1,75.4,24.0,75.1,0.0,9.84,36.5
667,0.0,5.0,25.32,0.87,1.2,22.6,23.3,0.05,0.0,72.7,23.0,73.4,22.9,73.2,-1.0,9.84,36.5
668,-0.1,5.0,24.91,0.9,1.2,22.0,24.8,0.05,-1.0,71.6,22.1,71.8,22.1,71.8,0.0,9.84,36.5
669,0.6,14.0,27.83,0.63,2.0,22.7,25.3,0.05,0.0,72.8,22.5,72.5,22.6,72.6,0.0,9.84,36.5
670,-0.6,13.0,23.09,0.62,1.2,22.2,23.7,0.02,-1.0,72.0,22.3,72.1,22.3,72.1,0.0,3.94,36.5
671,-0.2,6.0,24.2,0.63,1.2,23.6,25.9,0.04,1.0,74.6,23.3,73.9,23.4,74.1,1.0,7.87,36.5
672,0.1,5.0,26.24,1.08,1.2,22.1,25.5,0.05,1.0,71.8,22.4,72.3,22.3,72.1,1.0,9.84,36.5
673,0.2,6.0,26.34,1.03,1.2,22.6,25.5,0.02,-1.0,72.7,22.9,73.2,22.8,73.1,0.0,3.94,36.5
674,-0.1,5.0,25.0,0.73,1.2,23.3,25.9,0.03,1.0,73.9,23.7,74.7,23.6,74.5,0.0,5.91,36.5
675,0.4,8.0,27.05,0.91,1.3,23.6,24.2,0.03,0.0,74.5,23.8,74.8,23.7,74.7,1.0,5.91,36.5
676,0.4,8.0,26.63,0.66,1.6,23.5,26.0,0.04,0.0,74.4,23.7,74.7,23.7,74.6,1.0,7.87,36.5
677,0.5,10.0,27.95,1.25,1.2,22.8,23.8,0.06,0.0,73.1,23.4,74.1,23.2,73.8,0.0,11.81,36.5
678,-0.1,5.0,24.7,0.73,1.2,23.7,23.9,0.03,2.0,74.6,23.0,73.4,23.2,73.7,1.0,5.91,34.0
679,0.1,5.0,25.88,1.03,1.2,22.2,25.8,0.06,0.0,72.0,22.2,72.0,22.2,71.9,1.0,11.81,34.0
680,0.2,6.0,26.78,1.2,1.2,22.0,24.8,0.03,0.0,71.5,22.0,71.6,22.0,71.6,0.0,5.91,34.0
681,0.1,5.0,25.69,0.95,1.2,22.7,24.5,0.03,0.0,72.8,22.6,72.7,22.6,72.7,0.0,5.91,34.0
682,-0.2,6.0,24.49,0.74,1.2,22.6,23.7,0.03,0.0,72.7,23.1,73.6,23.0,73.3,0.0,5.91,34.0
683,0.0,5.0,25.13,0.73,1.2,23.5,23.1,0.03,1.0,74.2,24.0,75.2,23.8,74.9,1.0,5.91,34.0
684,0.3,6.0,26.54,0.98,1.2,23.3,23.9,0.03,0.0,73.9,23.6,74.5,23.5,74.3,1.0,5.91,34.0
685,0.7,15.0,28.94,0.99,1.6,22.8,23.4,0.03,0.0,73.1,23.6,74.5,23.4,74.1,0.0,5.91,34.0
686,0.2,6.0,26.35,1.03,1.2,23.4,22.3,0.04,0.0,74.1,22.6,72.7,22.8,73.1,0.0,7.87,34.0
687,0.2,6.0,26.46,1.03,1.2,22.8,23.6,0.03,0.0,73.0,23.1,73.6,23.0,73.5,0.0,5.91,34.0
688,-0.2,6.0,24.46,0.74,1.4,21.3,27.6,0.02,-1.0,70.3,21.5,70.7,21.5,70.6,0.0,3.94,34.0
689,0.0,5.0,25.59,0.94,1.2,22.6,26.2,0.04,0.0,72.6,22.5,72.5,22.5,72.6,2.0,7.87,34.0
690,-0.3,7.0,24.01,0.65,1.2,23.0,23.9,0.03,0.0,73.5,23.1,73.6,23.1,73.6,0.0,5.91,34.0
691,0.1,5.0,25.81,1.02,1.2,22.4,26.5,0.06,0.0,72.4,22.0,71.6,22.2,71.9,1.0,11.81,34.0
692,0.4,8.0,27.32,1.15,1.2,22.8,23.9,0.06,-1.0,73.0,23.4,74.1,23.2,73.7,0.0,11.81,34.0
693,0.2,6.0,26.2,0.93,1.2,23.3,24.1,0.05,0.0,73.9,23.5,74.3,23.5,74.2,0.0,9.84,34.0
694,-0.2,6.0,24.53,0.87,1.2,21.9,34.7,0.05,0.0,71.5,21.5,70.7,21.6,71.0,-3.0,9.84,41.6
695,0.2,6.0,25.99,0.85,1.3,22.7,32.1,0.05,0.0,72.8,22.6,72.7,22.6,72.8,1.0,9.84,41.6
696,0.3,7.0,26.98,1.09,1.2,22.6,32.4,0.07,0.0,72.7,23.0,73.4,22.8,73.1,0.0,13.78,41.6
697,0.0,5.0,25.21,0.78,1.2,22.9,31.8,0.02,0.0,73.3,23.4,74.1,23.3,73.9,0.0,3.94,41.6
698,0.0,5.0,25.34,0.78,1.2,23.0,32.7,0.05,0.0,73.4,23.6,74.5,23.4,74.0,0.0,9.84,41.6
699,0.6,12.0,27.8,0.66,2.0,21.6,26.5,0.02,0.0,70.8,22.2,72.0,22.0,71.7,0.0,3.94,45.4
700,0.5,11.0,27.82,0.71,2.0,20.9,28.3,0.05,0.0,69.7,21.4,70.5,21.2,70.2,1.0,9.84,45.4
701,-0.3,7.0,24.09,0.73,1.2,22.1,26.9,0.07,0.0,71.9,22.6,72.7,22.4,72.4,0.0,13.78,45.4
702,0.1,5.0,25.9,1.03,1.2,21.7,27.9,0.03,-1.0,71.1,22.4,72.3,22.2,72.0,0.0,5.91,45.4
703,0.0,5.0,25.8,1.03,1.2,22.0,27.4,0.04,0.0,71.6,22.1,71.8,22.1,71.7,0.0,7.87,45.4
704,0.9,22.0,30.01,0.84,2.0,22.4,26.8,0.03,0.0,72.2,23.1,73.6,22.9,73.2,0.0,5.91,45.4
705,-0.2,6.0,24.75,0.73,1.2,22.3,27.1,0.05,0.0,72.2,23.7,74.7,23.3,73.9,2.0,9.84,45.4
706,0.1,5.0,25.86,0.97,1.2,22.0,31.6,0.06,-1.0,71.6,22.7,72.9,22.5,72.5,0.0,11.81,45.4
707,0.7,14.0,28.69,0.96,1.6,22.8,28.5,0.03,0.0,73.0,23.7,74.7,23.4,74.1,0.0,5.91,45.4
708,0.1,5.0,25.88,0.81,1.2,23.2,28.9,0.03,1.0,73.8,24.3,75.7,24.0,75.1,1.0,5.91,45.4
709,-0.1,5.0,25.04,0.73,1.2,22.7,31.1,0.05,0.0,72.9,23.9,75.0,23.5,74.3,0.0,9.84,45.4
710,-0.1,5.0,24.93,0.81,1.2,22.2,32.3,0.04,0.0,71.9,22.9,73.2,22.7,72.9,0.0,7.87,45.4
711,-0.2,6.0,24.43,0.72,1.2,22.8,31.1,0.05,-1.0,73.1,22.9,73.2,22.8,73.1,1.0,9.84,50.8
712,-0.5,9.0,23.75,0.63,1.2,23.0,33.0,0.12,0.0,73.4,22.7,72.9,22.8,73.1,2.0,23.62,50.8
713,-0.3,7.0,24.17,0.73,1.2,22.4,34.6,0.03,0.0,72.3,22.4,72.3,22.4,72.3,0.0,5.91,50.8
714,-0.2,6.0,24.5,0.82,1.2,21.9,37.6,0.07,0.0,71.5,22.0,71.6,22.0,71.5,0.0,13.78,50.8
715,0.3,7.0,26.59,0.93,1.2,23.1,33.1,0.03,0.0,73.5,23.9,75.0,23.7,74.7,0.0,5.91,50.8
716,0.6,13.0,28.43,0.99,1.4,22.8,33.6,0.05,0.0,73.0,23.7,74.7,23.4,74.1,0.0,9.84,50.8
717,-0.2,6.0,24.66,0.74,1.2,22.7,35.0,0.09,0.0,72.9,22.9,73.2,22.8,73.1,0.0,17.72,50.8
718,0.5,10.0,27.2,0.66,1.6,23.2,37.4,0.06,0.0,73.8,24.2,75.6,23.8,74.9,0.0,11.81,50.8
719,0.5,9.0,27.27,0.62,1.7,23.0,37.8,0.11,0.0,73.3,23.1,73.6,23.0,73.5,0.0,21.65,50.8
720,0.5,11.0,27.76,0.8,1.6,24.1,34.0,0.09,0.0,75.4,22.8,73.0,23.3,74.0,0.0,17.72,50.8
721,0.4,8.0,26.97,0.71,1.6,22.9,36.6,0.04,-1.0,73.2,23.3,73.9,23.1,73.6,0.0,7.87,50.8
722,0.2,6.0,26.03,0.82,1.2,23.9,33.9,0.04,0.0,74.9,23.7,74.7,23.8,74.8,0.0,7.87,50.8
723,0.1,5.0,25.74,0.82,1.2,23.7,35.3,0.08,0.0,74.6,23.2,73.8,23.4,74.2,0.0,15.75,50.8
724,0.3,7.0,27.01,1.03,1.2,23.1,36.8,0.06,0.0,73.5,23.3,73.9,23.2,73.7,1.0,11.81,50.8
725,0.1,5.0,25.48,0.65,1.2,24.1,35.6,0.07,0.0,75.4,24.6,76.3,24.4,76.0,0.0,13.78,50.8
726,0.3,7.0,26.45,0.81,1.2,23.9,37.2,0.05,0.0,75.0,24.4,75.9,24.2,75.6,0.0,9.84,50.8
727,-0.5,10.0,23.49,0.63,1.2,22.3,35.4,0.04,0.0,72.2,22.5,72.5,22.5,72.4,0.0,7.87,53.1
728,0.5,11.0,27.78,0.8,1.6,22.7,33.4,0.05,0.0,72.8,23.2,73.8,23.0,73.4,1.0,9.84,53.1
729,0.4,8.0,27.07,1.03,1.2,23.5,33.6,0.03,0.0,74.3,23.3,73.9,23.4,74.0,0.0,5.91,53.1
730,-0.1,5.0,24.71,0.73,1.2,23.1,35.3,0.03,0.0,73.6,22.9,73.2,22.9,73.3,0.0,5.91,53.1
731,0.0,5.0,25.11,0.69,1.2,23.7,33.7,0.03,0.0,74.6,23.9,75.0,23.8,74.8,1.0,5.91,53.1
732,-0.1,5.0,24.67,0.66,1.2,23.4,34.7,0.07,-2.0,74.0,23.6,74.5,23.5,74.3,0.0,13.78,53.1
733,-0.1,5.0,25.01,0.73,1.2,22.4,38.7,0.03,0.0,72.3,23.8,74.8,23.4,74.1,0.0,5.91,53.1
734,0.5,11.0,27.65,0.75,1.6,23.0,35.1,0.05,0.0,73.4,23.4,74.1,23.3,73.9,-1.0,9.84,53.1
735,0.4,9.0,27.28,0.97,1.2,23.9,35.3,0.03,1.0,74.9,24.1,75.4,24.1,75.3,1.0,5.91,53.1
736,0.7,15.0,28.47,0.84,1.6,23.6,34.1,0.04,0.0,74.5,24.0,75.2,23.9,74.9,1.0,7.87,53.1
737,0.2,6.0,26.39,0.92,1.2,23.3,33.7,0.06,0.0,73.9,23.5,74.3,23.4,74.2,0.0,11.81,53.1
738,0.5,9.0,27.15,0.68,1.7,22.9,36.8,0.03,0.0,73.1,22.6,72.7,22.7,72.8,1.0,5.91,53.1
739,0.7,15.0,28.09,0.61,1.8,23.7,33.3,0.05,1.0,74.6,24.3,75.7,24.1,75.3,0.0,9.84,53.1
740,0.7,16.0,28.58,0.67,1.9,22.5,36.2,0.03,1.0,72.5,23.3,73.9,23.1,73.5,0.0,5.91,53.1
741,0.5,10.0,27.49,0.89,1.4,23.2,34.2,0.04,0.0,73.8,23.6,74.5,23.5,74.3,1.0,7.87,53.1
742,0.5,11.0,27.73,0.93,1.4,23.4,27.1,0.03,0.0,74.1,23.2,73.8,23.3,73.9,0.0,5.91,48.9
743,0.3,6.0,26.07,0.71,1.3,24.0,27.1,0.03,1.0,75.2,24.2,75.6,24.1,75.4,0.0,5.91,48.9
744,0.1,5.0,25.68,0.73,1.2,23.9,28.1,0.03,0.0,74.9,24.5,76.1,24.3,75.8,0.0,5.91,48.9
745,0.6,12.0,27.79,1.0,1.2,24.6,26.8,0.02,1.0,76.2,24.9,76.8,24.9,76.7,1.0,3.94,48.9
746,0.5,10.0,27.16,0.87,1.2,24.8,26.6,0.03,1.0,76.6,25.1,77.2,25.0,77.1,2.0,5.91,48.9
747,0.5,10.0,27.29,0.92,1.2,23.9,26.9,0.05,0.0,75.1,25.3,77.5,24.8,76.7,0.0,9.84,48.9
748,0.2,6.0,25.86,0.78,1.2,23.9,27.0,0.03,0.0,75.1,24.3,75.7,24.2,75.5,1.0,5.91,48.9
749,0.5,10.0,27.04,0.68,1.4,23.7,27.9,0.04,0.0,74.6,25.3,77.5,24.8,76.6,1.0,7.87,48.9
750,0.8,18.0,29.22,0.96,1.6,23.6,27.8,0.06,0.0,74.4,24.3,75.7,24.1,75.3,0.0,11.81,48.9
751,0.2,6.0,25.54,0.63,1.2,24.8,25.9,0.07,1.0,76.6,25.1,77.2,25.0,76.9,0.0,13.78,48.9
752,0.8,17.0,28.82,1.0,1.4,24.4,25.7,0.03,0.0,75.8,24.9,76.8,24.7,76.5,0.0,5.91,48.9
753,0.1,5.0,25.26,0.65,1.2,24.3,25.0,0.04,0.0,75.7,24.7,76.5,24.5,76.2,0.0,7.87,48.9
754,0.0,5.0,25.01,0.71,1.3,22.9,25.7,0.03,0.0,73.3,22.9,73.2,22.9,73.2,2.0,5.91,48.9
755,-0.1,5.0,24.9,0.73,1.2,23.4,25.8,0.03,0.0,74.2,23.4,74.1,23.4,74.2,1.0,5.91,48.9
756,0.4,8.0,26.85,0.69,1.6,22.8,31.2,0.04,0.0,73.0,23.1,73.6,23.0,73.4,0.0,7.87,51.4
757,0.1,5.0,25.74,0.86,1.2,22.7,30.5,0.04,0.0,72.9,23.6,74.5,23.3,73.9,0.0,7.87,51.4
758,0.0,5.0,25.45,0.82,1.2,22.8,30.0,0.05,0.0,73.0,23.5,74.3,23.3,73.9,0.0,9.84,51.4
759,-0.3,7.0,24.23,0.66,1.2,22.7,29.6,0.04,0.0,72.8,23.4,74.1,23.2,73.7,0.0,7.87,51.4
760,0.7,15.0,28.76,0.96,1.6,23.5,26.7,0.03,1.0,74.4,23.4,74.1,23.5,74.2,0.0,5.91,51.4
761,0.4,8.0,26.55,0.66,1.6,23.6,23.1,0.04,0.0,74.5,23.7,74.7,23.7,74.6,0.0,7.87,51.4
762,0.1,5.0,25.67,0.81,1.2,23.2,24.8,0.04,0.0,73.8,24.1,75.4,23.8,74.8,0.0,7.87,51.4
763,0.1,5.0,25.6,0.85,1.2,23.1,23.8,0.04,0.0,73.6,23.5,74.3,23.4,74.1,0.0,7.87,51.4
764,0.5,9.0,26.55,0.53,1.8,23.4,22.7,0.06,0.0,74.1,23.6,74.5,23.5,74.3,0.0,11.81,51.4
765,-0.2,6.0,24.35,0.65,1.2,23.1,23.2,0.04,0.0,73.5,23.7,74.7,23.5,74.4,1.0,7.87,51.4
766,-0.6,13.0,23.04,0.65,1.2,21.4,33.0,0.03,0.0,70.5,22.1,71.8,21.9,71.5,0.0,5.91,54.6
767,-0.1,5.0,24.74,0.61,1.4,22.4,33.1,0.03,0.0,72.4,23.0,73.4,22.9,73.1,0.0,5.91,54.6
768,0.1,5.0,25.65,0.82,1.2,22.8,31.3,0.04,-1.0,73.1,23.8,74.8,23.5,74.3,1.0,7.87,54.6
769,0.2,6.0,26.26,0.87,1.2,22.9,29.8,0.06,0.0,73.1,24.4,75.9,23.8,74.9,1.0,11.81,54.6
770,-0.2,6.0,24.88,0.81,1.2,21.5,34.4,0.04,0.0,70.8,23.2,73.8,22.7,72.8,0.0,7.87,54.6
771,-0.3,6.0,24.32,0.72,1.2,22.5,31.3,0.05,-1.0,72.5,22.8,73.0,22.7,72.9,1.0,9.84,54.6
772,-0.1,5.0,24.87,0.73,1.2,23.0,27.6,0.03,0.0,73.4,23.5,74.3,23.4,74.1,0.0,5.91,54.6
773,0.3,8.0,26.72,0.74,1.6,22.4,26.2,0.06,-1.0,72.3,23.3,73.9,23.0,73.3,0.0,11.81,54.6
774,0.4,9.0,26.97,0.75,1.6,23.7,25.1,0.04,0.0,74.6,22.9,73.2,23.2,73.7,0.0,7.87,54.6
775,-0.2,6.0,24.37,0.73,1.2,22.5,31.7,0.03,0.0,72.5,22.8,73.0,22.7,72.9,0.0,5.91,59.4
776,0.5,10.0,26.92,0.67,1.6,23.9,29.0,0.08,0.0,75.0,23.7,74.7,23.8,74.8,0.0,15.75,59.4
777,-0.2,6.0,24.83,0.67,1.2,23.3,30.6,0.12,0.0,74.0,23.9,75.0,23.6,74.5,0.0,23.62,59.4
778,-0.1,5.0,24.83,0.73,1.2,22.8,30.8,0.04,0.0,73.0,23.5,74.3,23.3,73.9,0.0,7.87,59.4
779,0.3,7.0,26.29,0.49,1.7,23.9,28.7,0.13,0.0,75.0,23.6,74.5,23.7,74.7,0.0,25.59,59.4
780,0.0,5.0,24.98,0.67,1.2,23.6,27.5,0.04,0.0,74.4,24.2,75.6,24.0,75.2,0.0,7.87,59.4
781,0.1,5.0,25.45,0.72,1.2,23.4,29.8,0.04,0.0,74.1,24.4,75.9,24.1,75.4,0.0,7.87,59.4
782,0.8,19.0,29.13,0.87,1.6,24.2,29.0,0.05,0.0,75.6,25.0,77.0,24.7,76.5,0.0,9.84,59.4
783,0.0,5.0,25.09,0.6,1.2,24.1,27.3,0.06,0.0,75.4,25.0,77.0,24.7,76.4,0.0,11.81,59.4
784,0.2,6.0,25.79,0.71,1.3,23.6,29.4,0.06,1.0,74.6,23.7,74.7,23.7,74.7,0.0,11.81,59.4
785,-0.1,5.0,24.61,0.57,1.2,24.3,26.9,0.04,0.0,75.7,24.4,75.9,24.4,75.9,0.0,7.87,59.4
786,0.8,17.0,28.19,0.62,1.8,24.4,26.7,0.06,0.0,75.9,24.2,75.6,24.3,75.7,0.0,11.81,59.4
787,0.0,5.0,24.83,0.58,1.2,24.7,24.9,0.07,-1.0,76.4,24.5,76.1,24.6,76.2,0.0,13.78,59.4
788,0.3,6.0,26.26,0.82,1.2,24.0,26.4,0.08,1.0,75.3,24.5,76.1,24.3,75.7,0.0,15.75,59.4
789,0.5,10.0,27.08,0.66,1.6,23.9,29.7,0.04,0.0,75.0,24.1,75.4,24.1,75.3,0.0,7.87,59.4
790,-0.2,6.0,24.65,0.73,1.2,22.8,27.8,0.2,0.0,73.0,24.5,76.1,23.6,74.5,1.0,39.37,59.4
791,0.6,12.0,27.37,0.67,1.4,24.2,27.4,0.08,0.0,75.5,25.8,78.4,25.1,77.2,1.0,15.75,59.4
792,-0.3,7.0,24.21,0.74,1.2,22.0,47.6,0.03,-1.0,71.7,22.1,71.8,22.1,71.7,0.0,5.91,57.7
793,-0.4,9.0,23.55,0.57,1.2,22.6,47.3,0.03,0.0,72.7,22.9,73.2,22.8,73.1,0.0,5.91,57.7
794,0.0,5.0,25.53,0.98,1.2,21.3,51.1,0.05,0.0,70.3,21.5,70.7,21.5,70.6,1.0,9.84,57.7
795,-0.3,7.0,24.24,0.63,1.2,21.9,49.1,0.05,0.0,71.5,23.6,74.5,23.0,73.5,0.0,9.84,57.7
796,0.2,6.0,26.13,0.62,1.6,22.2,48.6,0.02,0.0,71.9,22.8,73.0,22.6,72.8,0.0,3.94,57.7
797,-0.4,8.0,23.84,0.65,1.2,22.1,48.9,0.03,0.0,71.8,22.6,72.7,22.5,72.4,0.0,5.91,57.7
798,0.2,6.0,26.27,0.93,1.2,22.7,47.1,0.03,0.0,72.8,22.8,73.0,22.8,73.0,0.0,5.91,57.7
799,0.6,11.0,28.88,1.06,1.6,21.5,50.9,0.06,0.0,70.8,21.3,70.3,21.4,70.4,0.0,11.81,57.7
800,-0.2,6.0,24.61,0.72,1.2,22.5,47.9,0.02,-1.0,72.5,22.7,72.9,22.7,72.8,1.0,3.94,57.7
801,0.1,5.0,25.59,0.67,1.4,22.1,49.1,0.02,-1.0,71.8,22.4,72.3,22.3,72.2,0.0,3.94,57.7
802,0.4,8.0,26.88,0.7,1.6,22.5,48.4,0.03,0.0,72.5,22.6,72.7,22.6,72.6,1.0,5.91,57.7
803,0.4,9.0,27.57,1.11,1.2,22.7,47.7,0.03,0.0,72.8,22.9,73.2,22.8,73.0,0.0,5.91,57.7
804,-0.3,6.0,24.0,0.65,1.2,23.4,45.6,0.03,0.0,74.2,22.1,71.8,22.5,72.5,-1.0,5.91,57.7
805,0.9,22.0,29.79,0.62,2.2,22.5,48.7,0.04,0.0,72.4,22.6,72.7,22.5,72.6,0.0,7.87,57.7
806,-0.3,7.0,23.89,0.62,1.2,22.5,48.4,0.04,0.0,72.4,22.9,73.2,22.7,72.9,1.0,7.87,57.7
807,0.7,14.0,28.71,0.82,1.6,23.5,45.0,0.09,1.0,74.3,23.3,73.9,23.4,74.1,0.0,17.72,63.3
808,0.2,6.0,25.8,0.73,1.2,23.8,44.0,0.03,0.0,74.8,24.0,75.2,23.9,75.1,0.0,5.91,63.3
809,0.4,8.0,26.78,0.82,1.2,24.3,42.6,0.06,0.0,75.8,24.3,75.7,24.3,75.7,0.0,11.81,63.3
810,1.1,30.0,30.99,0.87,1.7,24.9,43.3,0.04,0.0,76.9,24.7,76.5,24.8,76.6,0.0,7.87,63.3
811,0.8,20.0,28.87,0.67,1.6,25.0,43.4,0.04,1.0,76.9,25.0,77.0,25.0,76.9,0.0,7.87,63.3
812,0.0,5.0,25.49,0.86,1.2,22.4,37.2,0.05,0.0,72.3,23.0,73.4,22.8,73.0,0.0,9.84,53.7
813,-0.2,6.0,24.62,0.73,1.2,22.6,35.1,0.03,0.0,72.6,23.1,73.6,22.9,73.3,0.0,5.91,53.7
814,0.3,6.0,25.96,0.55,1.7,22.6,34.5,0.02,0.0,72.7,22.9,73.2,22.8,73.1,0.0,3.94,53.7
815,-0.4,8.0,23.8,0.62,1.2,22.7,34.2,0.03,0.0,72.9,23.0,73.4,22.9,73.3,0.0,5.91,53.7
816,-0.1,5.0,24.81,0.72,1.2,22.9,34.7,0.07,0.0,73.2,23.3,73.9,23.2,73.7,0.0,13.78,53.7
817,-0.2,6.0,24.28,0.65,1.2,22.8,35.1,0.02,0.0,73.0,23.4,74.1,23.3,73.9,0.0,3.94,53.7
818,0.2,6.0,25.92,0.59,1.6,22.7,37.7,0.05,0.0,72.8,23.2,73.8,23.0,73.5,0.0,9.84,53.7
819,-0.1,5.0,24.72,0.64,1.3,22.5,49.3,0.03,0.0,72.4,22.6,72.7,22.5,72.6,1.0,5.91,61.2
820,0.2,5.0,25.71,0.57,1.6,22.4,49.1,0.03,-1.0,72.3,22.7,72.9,22.6,72.7,1.0,5.91,61.2
821,0.8,18.0,29.91,0.84,1.8,21.8,51.4,0.04,0.0,71.3,22.7,72.9,22.5,72.4,0.0,7.87,61.2
822,-0.1,5.0,24.73,0.58,1.2,23.8,45.9,0.04,1.0,74.9,24.0,75.2,23.9,75.1,0.0,7.87,61.2
823,0.0,5.0,25.1,0.63,1.2,23.9,46.7,0.05,0.0,75.1,23.8,74.8,23.9,75.0,0.0,9.84,61.2
824,0.5,10.0,27.16,0.57,1.6,24.1,46.7,0.03,1.0,75.4,24.2,75.6,24.2,75.5,-1.0,5.91,61.2
825,0.3,7.0,26.47,0.73,1.2,23.9,46.7,0.06,1.0,75.1,24.9,76.8,24.5,76.2,0.0,11.81,61.2
826,0.2,6.0,25.92,0.65,1.2,24.3,44.9,0.05,0.0,75.7,24.8,76.6,24.6,76.4,1.0,9.84,61.2
827,0.5,10.0,26.86,0.51,1.6,24.0,46.4,0.04,0.0,75.3,24.7,76.5,24.5,76.1,3.0,7.87,61.2
828,0.4,9.0,26.42,0.46,1.6,24.3,46.4,0.03,-1.0,75.7,24.6,76.3,24.5,76.1,0.0,5.91,61.2
829,0.0,5.0,25.28,0.83,1.2,22.2,56.1,0.03,0.0,71.9,22.3,72.1,22.2,72.0,1.0,5.91,62.7
830,0.1,5.0,25.79,0.83,1.2,22.5,54.3,0.04,1.0,72.5,23.0,73.4,22.8,73.1,0.0,7.87,62.7
831,0.0,5.0,25.13,0.67,1.2,23.1,51.1,0.02,0.0,73.6,23.8,74.8,23.6,74.5,0.0,3.94,62.7
832,0.0,5.0,25.16,0.63,1.2,23.3,51.5,0.04,-1.0,73.9,24.2,75.6,23.9,75.0,0.0,7.87,62.7
833,-0.1,5.0,24.97,0.63,1.2,23.1,51.1,0.03,0.0,73.6,24.0,75.2,23.7,74.7,1.0,5.91,62.7
834,0.0,5.0,25.13,0.62,1.2,23.2,50.9,0.06,1.0,73.7,24.3,75.7,23.9,75.0,2.0,11.81,62.7
835,-0.1,5.0,24.94,0.64,1.2,23.0,50.2,0.03,0.0,73.4,23.9,75.0,23.7,74.6,0.0,5.91,62.7
836,0.2,6.0,25.87,0.61,1.5,22.6,50.2,0.02,0.0,72.7,23.1,73.6,22.9,73.3,0.0,3.94,62.7
837,0.2,6.0,26.55,0.86,1.2,22.4,52.4,0.05,-1.0,72.3,24.1,75.4,23.5,74.3,0.0,9.84,62.7
838,-0.2,6.0,24.59,0.58,1.2,22.8,52.6,0.03,0.0,73.0,24.2,75.6,23.8,74.8,0.0,5.91,62.7
839,-0.3,7.0,23.95,0.58,1.2,22.8,48.1,0.04,-1.0,73.1,23.3,73.9,23.1,73.6,0.0,7.87,66.3
840,-0.3,7.0,24.0,0.58,1.2,22.9,47.0,0.03,0.0,73.2,23.4,74.1,23.2,73.8,-1.0,5.91,66.3
841,-0.2,6.0,24.57,0.68,1.2,22.7,49.7,0.04,0.0,72.9,23.0,73.4,22.9,73.2,0.0,7.87,66.3
842,0.3,7.0,26.47,0.58,1.6,22.7,48.0,0.07,0.0,72.9,23.1,73.6,23.0,73.3,0.0,13.78,66.3
843,0.5,10.0,27.01,0.51,1.8,22.9,47.6,0.04,1.0,73.1,23.2,73.8,23.1,73.6,0.0,7.87,66.3
844,0.3,7.0,26.5,0.59,1.6,22.7,47.6,0.05,0.0,72.9,23.6,74.5,23.3,74.0,-1.0,9.84,66.3
845,0.5,11.0,27.81,0.75,1.6,23.2,47.9,0.04,-2.0,73.7,23.1,73.6,23.1,73.7,0.0,7.87,66.3
846,0.3,7.0,26.64,0.86,1.2,23.5,47.3,0.04,1.0,74.3,23.8,74.8,23.7,74.6,-1.0,7.87,66.3
847,0.8,18.0,28.75,0.58,1.8,23.5,46.9,0.05,0.0,74.3,24.1,75.4,23.9,75.0,0.0,9.84,66.3
848,0.5,9.0,27.28,0.67,1.6,23.0,48.3,0.03,0.0,73.3,23.5,74.3,23.4,74.1,1.0,5.91,66.3
849,0.3,8.0,26.4,0.55,1.6,23.6,46.2,0.04,0.0,74.5,23.6,74.5,23.6,74.4,0.0,7.87,66.3
850,0.3,7.0,26.65,0.68,1.6,22.2,42.0,0.02,0.0,71.9,22.5,72.5,22.4,72.3,0.0,3.94,60.5
851,-0.5,10.0,23.47,0.55,1.2,22.7,40.3,0.03,0.0,72.8,23.2,73.8,23.1,73.5,0.0,5.91,60.5
852,-0.4,9.0,23.55,0.57,1.2,22.8,39.4,0.03,0.0,73.1,23.0,73.4,23.0,73.3,1.0,5.91,60.5
853,-0.1,5.0,24.55,0.48,1.6,22.0,40.6,0.03,0.0,71.6,22.9,73.2,22.6,72.7,0.0,5.91,60.5
854,0.1,5.0,24.88,0.32,1.9,22.2,40.6,0.04,0.0,71.9,23.1,73.6,22.8,73.0,0.0,7.87,60.5
855,1.0,27.0,29.36,0.47,2.4,22.8,37.5,0.03,0.0,73.1,23.3,73.9,23.1,73.7,0.0,5.91,60.5
856,-0.2,6.0,24.45,0.58,1.2,23.1,56.0,0.07,0.0,73.6,23.6,74.5,23.4,74.1,1.0,13.78,71.1
857,-0.2,6.0,24.39,0.58,1.2,23.1,56.2,0.05,-1.0,73.6,23.5,74.3,23.4,74.0,0.0,9.84,71.1
858,0.5,11.0,27.42,0.56,1.6,24.2,54.2,0.03,1.0,75.6,24.1,75.4,24.1,75.4,-1.0,5.91,71.1
859,0.2,6.0,25.66,0.58,1.2,24.7,52.5,0.04,1.0,76.4,24.6,76.3,24.6,76.3,0.0,7.87,71.1
860,0.2,6.0,25.78,0.51,1.4,24.0,53.5,0.11,0.0,75.2,23.6,74.5,23.8,74.8,2.0,21.65,71.1
861,-0.7,14.0,22.7,0.47,1.2,22.2,58.0,0.09,-1.0,72.0,22.9,73.2,22.6,72.7,0.0,17.72,71.1
862,0.1,5.0,25.35,0.58,1.2,23.9,56.7,0.06,1.0,75.0,24.4,75.9,24.2,75.6,-1.0,11.81,71.1
863,0.2,6.0,25.72,0.61,1.3,24.0,55.2,0.07,0.0,75.1,24.0,75.2,24.0,75.1,0.0,13.78,71.1
864,0.8,18.0,28.76,0.51,2.0,23.5,53.9,0.09,2.0,74.2,23.1,73.6,23.3,73.9,0.0,17.72,71.1
865,0.4,8.0,26.86,0.54,1.6,23.2,54.7,0.09,0.0,73.7,23.5,74.3,23.4,74.1,0.0,17.72,71.1
866,0.7,15.0,28.42,0.56,1.8,23.5,57.8,0.06,1.0,74.4,23.6,74.5,23.6,74.4,0.0,11.81,71.1
867,0.9,21.0,29.61,0.55,2.0,23.2,60.0,0.07,0.0,73.8,23.8,74.8,23.6,74.4,-1.0,13.78,71.1
868,0.4,9.0,26.79,0.54,1.4,24.3,58.4,0.05,2.0,75.7,24.2,75.6,24.2,75.6,0.0,9.84,71.1
869,0.1,5.0,25.67,0.68,1.2,23.6,55.3,0.05,-1.0,74.4,23.9,75.0,23.8,74.9,1.0,9.84,71.1
870,0.1,5.0,25.7,0.65,1.2,24.0,53.8,0.1,0.0,75.3,24.1,75.4,24.1,75.4,0.0,19.69,71.1
871,0.4,8.0,26.78,0.53,1.6,23.5,55.9,0.09,0.0,74.4,23.8,74.8,23.7,74.7,0.0,17.72,71.1
872,0.3,7.0,26.28,0.63,1.2,24.1,56.0,0.07,0.0,75.4,25.2,77.4,24.8,76.6,1.0,13.78,71.1
873,-0.1,5.0,24.91,0.67,1.2,23.4,50.4,0.05,0.0,74.1,23.2,73.8,23.3,73.9,1.0,9.84,67.1
874,0.2,6.0,25.88,0.73,1.2,23.7,49.9,0.03,0.0,74.6,23.9,75.0,23.8,74.9,0.0,5.91,67.1
875,-0.1,5.0,24.7,0.63,1.2,23.0,51.6,0.04,0.0,73.3,23.6,74.5,23.4,74.1,1.0,7.87,67.1
876,1.2,35.0,31.88,0.8,2.0,23.7,49.2,0.05,1.0,74.7,24.5,76.1,24.3,75.7,1.0,9.84,67.1
877,0.4,8.0,26.57,0.73,1.2,24.5,48.5,0.05,1.0,76.1,24.5,76.1,24.5,76.2,1.0,9.84,67.1
878,0.6,14.0,27.91,0.67,1.4,24.4,47.9,0.03,0.0,76.0,25.0,77.0,24.9,76.7,0.0,5.91,67.1
879,0.4,8.0,26.54,0.68,1.2,24.6,48.4,0.03,0.0,76.2,25.1,77.2,25.0,76.9,0.0,5.91,67.1
880,0.4,8.0,26.3,0.53,1.6,24.1,45.7,0.05,0.0,75.3,23.4,74.1,23.6,74.5,0.0,9.84,67.1
881,0.5,10.0,27.48,0.95,1.2,24.3,44.6,0.06,0.0,75.7,23.8,74.8,24.0,75.1,0.0,11.81,67.1
882,0.2,6.0,25.66,0.62,1.2,24.6,43.8,0.05,0.0,76.2,24.6,76.3,24.6,76.3,0.0,9.84,67.1
883,0.2,6.0,25.91,0.69,1.2,24.4,44.1,0.06,0.0,75.9,24.3,75.7,24.3,75.8,2.0,11.81,67.1
884,-0.2,6.0,24.32,0.6,1.2,22.8,46.1,0.04,0.0,73.0,23.7,74.7,23.4,74.2,0.0,7.87,61.6
885,0.0,5.0,25.07,0.7,1.2,22.9,46.3,0.03,0.0,73.3,23.6,74.5,23.4,74.1,0.0,5.91,61.6
886,-0.1,5.0,24.85,0.73,1.2,22.0,48.3,0.04,0.0,71.6,23.3,73.9,22.9,73.2,0.0,7.87,61.6
887,0.1,5.0,25.65,0.73,1.2,23.4,45.2,0.03,0.0,74.1,23.9,75.0,23.8,74.8,0.0,5.91,61.6
888,0.1,5.0,25.72,0.73,1.2,23.3,45.2,0.02,0.0,73.9,24.1,75.4,23.9,75.1,0.0,3.94,61.6
889,-0.6,11.0,23.06,0.43,1.2,23.3,46.3,0.04,0.0,73.9,23.6,74.5,23.5,74.3,1.0,7.87,61.6
890,-0.1,5.0,24.73,0.58,1.2,23.7,43.0,0.03,0.0,74.7,24.2,75.6,24.1,75.3,-1.0,5.91,61.6
891,0.1,5.0,25.41,0.65,1.2,23.9,42.4,0.03,0.0,75.0,24.3,75.7,24.2,75.6,0.0,5.91,61.6
892,-0.6,13.0,22.8,0.57,1.2,22.2,48.9,0.03,0.0,72.0,21.9,71.4,22.0,71.6,0.0,5.91,61.3
893,0.3,7.0,26.39,0.82,1.2,24.0,44.1,0.04,1.0,75.1,23.7,74.7,23.8,74.8,-1.0,7.87,61.3
894,-0.3,7.0,24.53,0.6,1.2,23.4,45.5,0.14,0.0,74.1,23.7,74.7,23.6,74.4,0.0,27.56,61.3
895,0.3,6.0,26.66,0.96,1.2,22.7,45.3,0.03,-1.0,72.8,23.2,73.8,23.1,73.5,0.0,5.91,61.3
896,-0.4,8.0,23.84,0.58,1.2,22.7,46.0,0.03,0.0,72.8,23.3,73.9,23.1,73.6,0.0,5.91,61.3
897,0.8,17.0,29.4,0.93,1.6,23.0,44.1,0.04,0.0,73.5,24.0,75.2,23.7,74.6,0.0,7.87,61.3
898,0.0,5.0,25.19,0.7,1.2,22.7,46.1,0.05,-1.0,72.9,23.9,75.0,23.5,74.3,0.0,9.84,61.3
899,0.1,5.0,25.29,0.61,1.2,24.2,44.1,0.05,0.0,75.6,24.3,75.7,24.3,75.8,1.0,9.84,61.3
900,-0.5,10.0,23.2,0.58,1.2,23.0,45.3,0.06,0.0,73.3,22.1,71.8,22.4,72.3,0.0,11.81,61.3
901,-0.1,5.0,25.0,0.73,1.2,23.1,45.1,0.05,1.0,73.6,23.0,73.4,23.0,73.4,0.0,9.84,61.3
902,0.0,5.0,25.01,0.63,1.2,23.5,44.3,0.04,0.0,74.4,24.1,75.4,23.9,75.0,0.0,7.87,61.3
903,-0.1,5.0,24.84,0.65,1.2,23.3,44.1,0.09,-1.0,74.0,23.6,74.5,23.5,74.3,0.0,17.72,61.3
904,-0.3,7.0,24.52,0.72,1.2,22.1,47.5,0.15,0.0,71.7,23.1,73.6,22.6,72.7,0.0,29.53,61.3
905,0.1,5.0,25.64,0.66,1.3,23.3,45.3,0.03,0.0,73.9,23.5,74.3,23.5,74.2,1.0,5.91,61.3
906,0.3,7.0,26.81,0.94,1.2,23.5,43.5,0.03,0.0,74.4,23.2,73.8,23.3,74.0,-1.0,5.91,61.3
907,0.4,8.0,26.98,0.93,1.2,23.3,43.8,0.04,0.0,74.0,23.8,74.8,23.7,74.6,0.0,7.87,61.3
908,0.0,5.0,25.32,0.64,1.2,23.4,43.9,0.06,0.0,74.1,24.6,76.3,24.1,75.4,0.0,11.81,61.3
909,0.2,6.0,25.95,0.73,1.2,24.3,39.7,0.03,1.0,75.7,24.1,75.4,24.2,75.5,0.0,5.91,61.3
910,0.1,5.0,25.43,0.69,1.2,23.5,40.9,0.04,0.0,74.2,24.2,75.6,24.0,75.2,0.0,7.87,61.3
911,0.5,11.0,27.17,0.49,1.8,23.1,42.0,0.03,1.0,73.5,24.6,76.3,24.1,75.5,1.0,5.91,61.3
912,-0.2,6.0,24.37,0.62,1.2,22.8,54.1,0.0,0.0,73.1,23.3,73.9,23.2,73.8,0.0,0.0,70.7
913,-0.1,5.0,24.83,0.63,1.2,23.2,52.3,0.0,0.0,73.8,23.7,74.7,23.7,74.6,0.0,0.0,70.7
914,0.1,5.0,25.63,0.73,1.2,23.1,52.8,0.0,0.0,73.7,23.7,74.7,23.7,74.7,0.0,0.0,69.66666666666667
915,0.0,5.0,25.27,0.67,1.2,23.2,52.6,0.01,0.0,73.8,23.8,74.8,23.7,74.7,1.0,1.97,61.666666666666664
916,0.4,8.0,27.06,0.89,1.2,23.0,53.4,0.01,0.0,73.4,24.2,75.6,24.0,75.2,0.0,1.97,61.666666666666664
917,-0.1,5.0,24.77,0.62,1.2,22.9,53.5,0.01,0.0,73.2,23.9,75.0,23.7,74.7,1.0,1.97,61.666666666666664
918,0.5,9.0,27.52,0.94,1.2,23.1,52.9,0.01,-1.0,73.6,24.3,75.7,24.1,75.4,0.0,1.97,61.666666666666664
919,0.0,5.0,25.36,0.62,1.2,23.2,52.7,0.01,0.0,73.7,24.7,76.5,24.4,76.0,1.0,1.97,61.666666666666664
920,0.3,7.0,26.86,0.89,1.2,23.1,52.6,0.01,-1.0,73.6,23.8,74.8,23.7,74.6,0.0,1.97,61.666666666666664
921,0.0,5.0,24.94,0.6,1.2,23.6,51.7,0.01,0.0,74.4,24.0,75.2,23.9,75.1,1.0,1.97,61.666666666666664
922,0.3,7.0,26.86,0.9,1.2,23.3,52.0,0.0,0.0,73.9,23.6,74.5,23.6,74.4,0.0,0.0,69.66666666666667
923,0.0,5.0,25.29,0.67,1.2,23.5,51.3,0.01,0.0,74.3,23.7,74.7,23.7,74.6,2.0,1.97,61.73333333333333
924,0.1,5.0,25.76,0.67,1.2,23.5,51.8,0.01,0.0,74.3,24.5,76.1,24.3,75.8,-1.0,1.97,61.666666666666664
925,0.4,8.0,27.28,1.04,1.2,22.5,55.7,0.01,0.0,72.6,22.8,73.0,22.7,72.9,0.0,1.97,61.666666666666664
926,0.6,13.0,28.63,0.8,1.6,23.1,54.8,0.0,0.0,73.6,23.3,73.9,23.3,74.0,0.0,0.0,63.73333333333333
927,0.1,5.0,25.27,0.56,1.6,22.2,46.1,0.01,0.0,71.9,22.4,72.3,22.3,72.2,0.0,1.97,61.666666666666664
928,0.6,14.0,28.46,0.82,1.6,23.4,44.3,0.01,0.0,74.0,23.5,74.3,23.5,74.2,0.0,1.97,61.666666666666664
929,0.1,5.0,25.45,0.73,1.2,23.5,43.2,0.0,0.0,74.2,23.6,74.5,23.6,74.5,0.0,0.0,69.66666666666667
930,-0.1,5.0,24.59,0.58,1.2,23.5,43.5,0.01,0.0,74.3,24.1,75.4,24.0,75.2,0.0,1.97,61.666666666666664
931,0.2,6.0,26.17,0.77,1.2,23.4,43.1,0.01,0.0,74.0,24.5,76.1,24.3,75.8,0.0,1.97,61.666666666666664
932,0.1,5.0,25.58,0.73,1.2,23.4,43.7,0.01,1.0,74.1,23.9,75.0,23.8,74.9,0.0,1.97,62.333333333333336
933,0.0,5.0,25.11,0.62,1.2,23.9,41.4,0.01,0.0,75.1,24.2,75.6,24.2,75.6,0.0,1.97,61.666666666666664
934,0.1,5.0,25.25,0.64,1.2,24.0,41.0,0.0,0.0,75.1,24.2,75.6,24.2,75.6,2.0,0.0,70.7
935,0.2,6.0,25.91,0.72,1.2,23.9,41.3,0.0,0.0,75.0,24.4,75.9,24.4,76.0,0.0,0.0,69.66666666666667
936,0.4,8.0,26.76,0.81,1.2,24.1,40.7,0.01,0.0,75.4,24.7,76.5,24.6,76.2,0.0,1.97,61.666666666666664
937,0.3,7.0,26.37,0.73,1.2,24.2,40.2,0.01,0.0,75.6,24.9,76.8,24.8,76.7,0.0,1.97,61.666666666666664
938,0.9,20.0,29.79,0.86,1.6,24.0,52.4,0.01,0.0,75.2,24.2,75.6,24.2,75.5,0.0,1.97,61.666666666666664
939,0.7,15.0,28.41,0.66,1.6,24.2,53.6,0.01,-1.0,75.6,24.4,75.9,24.3,75.8,0.0,1.97,61.666666666666664
940,0.5,11.0,27.52,0.82,1.2,24.6,53.0,0.0,1.0,76.3,24.6,76.3,24.6,76.4,-1.0,0.0,68.63333333333334
941,0.7,16.0,27.92,0.51,1.6,25.2,51.4,0.01,1.0,77.4,25.3,77.5,25.3,77.5,2.0,1.97,70.7
942,0.9,23.0,29.68,0.75,1.6,24.9,52.1,0.01,1.0,76.8,25.0,77.0,25.0,77.0,-1.0,1.97,56.4
943,0.6,13.0,27.58,0.73,1.2,25.3,50.7,0.01,0.0,77.5,25.6,78.1,25.6,78.0,0.0,1.97,61.666666666666664
944,0.6,12.0,27.33,0.73,1.2,25.6,50.5,0.02,2.0,78.2,24.8,76.6,25.0,77.1,-1.0,3.94,62.333333333333336
945,-0.1,5.0,25.03,0.69,1.2,22.7,59.4,0.01,0.0,72.8,23.3,73.9,23.2,73.7,0.0,1.97,61.666666666666664
946,0.5,10.0,27.17,0.79,1.2,24.5,53.3,0.02,0.0,76.2,24.5,76.1,24.5,76.0,0.0,3.94,61.666666666666664
947,0.3,7.0,26.49,0.73,1.2,24.2,56.9,0.02,0.0,75.6,24.1,75.4,24.1,75.4,0.0,3.94,61.666666666666664
948,0.5,10.0,27.32,0.82,1.2,24.4,56.3,0.01,0.0,75.8,24.2,75.6,24.3,75.7,0.0,1.97,61.666666666666664
949,0.3,7.0,26.17,0.63,1.2,24.5,56.5,0.02,0.0,76.2,24.6,76.3,24.6,76.3,0.0,3.94,61.666666666666664
950,0.2,6.0,26.02,0.68,1.2,23.9,57.7,0.01,0.0,75.0,24.2,75.6,24.1,75.4,0.0,1.97,61.666666666666664
951,0.3,7.0,26.79,0.87,1.2,23.0,58.3,0.02,0.0,73.4,23.6,74.5,23.5,74.2,0.0,3.94,61.666666666666664
952,0.3,7.0,26.6,0.77,1.2,24.0,57.8,0.02,0.0,75.2,23.8,74.8,23.9,75.0,0.0,3.94,61.666666666666664
953,0.3,8.0,26.7,0.77,1.2,24.1,56.5,0.0,0.0,75.3,24.0,75.2,24.0,75.2,0.0,0.0,69.66666666666667
954,0.1,5.0,25.6,0.53,1.7,22.5,57.9,0.03,0.0,72.5,21.3,70.3,21.6,70.9,-1.0,5.91,61.666666666666664
955,0.0,5.0,25.31,0.56,1.6,21.7,61.9,0.01,0.0,71.0,21.9,71.4,21.8,71.3,0.0,1.97,61.666666666666664
956,1.7,60.0,33.96,0.77,2.8,22.1,59.9,0.01,2.0,71.7,22.5,72.5,22.5,72.4,-1.0,1.97,63.36666666666667
957,0.0,5.0,25.19,0.81,1.2,22.1,61.0,0.01,-1.0,71.8,22.2,72.0,22.2,71.9,1.0,1.97,66.76666666666667
958,-0.1,5.0,24.7,0.6,1.3,22.8,58.7,0.01,0.0,73.0,22.4,72.3,22.5,72.5,0.0,1.97,61.666666666666664
959,0.0,5.0,25.0,0.63,1.2,23.3,57.4,0.0,0.0,73.9,23.7,74.7,23.6,74.6,1.0,0.0,70.7
960,0.3,7.0,26.6,0.61,1.6,22.6,61.9,0.04,0.0,72.7,22.2,72.0,22.3,72.1,-2.0,7.87,61.666666666666664
961,0.6,13.0,28.25,0.6,1.7,23.0,59.8,0.02,1.0,73.4,23.2,73.8,23.1,73.6,0.0,3.94,56.4
962,0.0,5.0,25.0,0.63,1.2,23.3,59.6,0.02,0.0,73.9,23.5,74.3,23.5,74.2,-2.0,3.94,61.666666666666664
963,0.6,13.0,28.6,0.81,1.5,23.1,60.0,0.02,0.0,73.5,23.4,74.1,23.3,74.0,0.0,3.94,61.666666666666664
964,0.2,6.0,26.04,0.63,1.2,24.2,57.0,0.02,0.0,75.5,24.7,76.5,24.6,76.2,0.0,3.94,61.666666666666664
965,1.0,26.0,30.71,0.99,1.4,24.3,56.7,0.02,1.0,75.7,25.0,77.0,24.9,76.7,-2.0,3.94,62.333333333333336
966,0.7,15.0,28.11,0.55,1.6,24.5,55.5,0.02,0.0,76.1,25.2,77.4,25.1,77.1,-1.0,3.94,61.666666666666664
967,0.4,9.0,27.14,0.76,1.2,24.0,56.8,0.02,0.0,75.1,25.0,77.0,24.8,76.6,1.0,3.94,61.666666666666664
968,1.6,55.0,33.61,0.61,2.8,22.6,62.5,0.03,0.0,72.7,22.3,72.1,22.4,72.3,-2.0,5.91,56.4
969,0.2,6.0,25.95,0.64,1.2,24.3,57.0,0.02,0.0,75.7,24.3,75.7,24.3,75.7,2.0,3.94,61.666666666666664
