Age,Sex,Air velocity (m/s),Air temperature (¡C),Radiant temperature (¡C),Relative humidity (%),Outdoor monthly air temperature (¡C),Clo,Met,Thermal sensation
32,2,0.03,23.72,23.72,61.78,28,0.22,1.6,0
32,2,0.03,24.07,24.07,54.12,32,0.52,1.05,0
32,2,0.03,23.29,23.29,49.11,27,0.44,1.6,-1
32,2,0.03,23.55,23.55,48.59,28,0.34,1.05,0
32,2,0.03,23.81,23.81,48.6,29,0.34,1.05,0
32,2,0.03,23.55,23.55,57.74,27,0.31,1.6,-1
32,2,0.03,23.98,23.98,55.62,31,0.56,1,0
32,2,0.03,24.07,24.07,53.04,30,0.56,1.05,1
32,2,0.03,23.38,23.38,59.72,28,0.31,1.6,1
32,2,0.03,24.07,24.07,55.84,31,0.56,1.05,0
32,2,0.03,24.07,24.07,54.1,32,0.31,1.05,1
32,2,0.03,23.72,23.72,61.36,26,0.32,1.6,1
32,2,0.03,23.89,23.89,56.25,26,0.34,1.05,0
32,2,0.03,23.98,23.98,52.84,28,0.34,1.05,1
32,2,0.03,23.2,23.2,52.82,26,0.34,1.6,1
32,2,0.03,23.89,23.89,50.05,29,0.59,1.05,-1
32,2,0.03,23.2,23.2,53.72,24,0.4,1.6,0
32,2,0.03,24.07,24.07,51,24,0.4,1.367,1
32,2,0.03,23.98,23.98,49.25,24,0.4,1.05,0
32,2,0.03,23.03,23.03,55.63,27,0.31,1.6,0
32,2,0.03,24.07,24.07,51.6,28,0.31,1.05,-1
32,2,0.03,23.03,23.03,52.4,25,0.34,1.6,1
32,2,0.03,23.38,23.38,50.52,28,0.34,1.05,-1
32,2,0.03,24.07,24.07,47.17,30,0.34,1.05,0
32,2,0.03,23.72,23.72,55.58,27,0.32,1.6,0
32,2,0.03,23.72,23.72,53.26,31,0.57,1.267,-1
32,2,0.03,24.76,24.76,43.65,21,0.33,1.05,0
32,2,0.03,23.38,23.38,41.16,21,0.33,1.1,0
32,2,0.03,21.13,21.13,44.06,8,0.61,2,0
32,2,0.03,22.69,22.69,39.83,9,0.86,1.033,-2
32,2,0.03,22.69,22.69,35.52,10,0.86,1.05,0
32,2,0.03,20.95,20.95,40.92,9,0.88,1,1
32,2,0.03,22.94,22.94,35.81,11,0.88,1.05,0
32,2,0.03,23.03,23.03,34.08,10,0.88,1.033,1
32,2,0.03,21.65,21.65,38.36,8,0.8,1.9,0
32,2,0.03,22.94,22.94,35.38,10,0.8,1.067,-1
32,2,0.03,23.72,23.72,32.39,9,0.8,1.275,1
32,2,0.03,22.69,22.69,26.8,6,0.85,1.15,-2
32,2,0.03,23.03,23.03,26.86,7,0.75,1.067,0
32,2,0.03,19.92,19.92,29.06,3,0.77,1.9,0
32,2,0.03,21.99,21.99,24.17,6.277778,0.77,1.175,0
32,2,0.03,22.43,22.43,25.25,7,0.67,1.033,0
32,2,0.03,20.95,20.95,28.93,4,0.69,1.9,0
32,2,0.03,21.3,21.3,26.41,3,0.79,1.275,-2
32,2,0.03,21.82,21.82,26.82,3,0.79,1.15,0
32,2,0.03,19.92,19.92,30.75,6,0.76,1.9,0
32,2,0.03,22.69,22.69,23.26,9,0.76,1.033,1
32,2,0.03,23.29,23.29,25.68,11,0.76,1.15,1
32,2,0.03,23.38,23.38,43.1,21,0.73,1.067,1
32,2,0.03,22.34,22.34,42.21,20,0.73,1.067,0
32,2,0.03,22.34,22.34,41.42,7,0.59,1.375,-1
32,2,0.03,23.03,23.03,33.19,9,0.59,1.067,-1
32,2,0.03,20.61,20.61,30.2,4,0.65,1.5,0
32,2,0.03,22.34,22.34,26.72,9,0.65,1.5,-1
32,2,0.03,22.69,22.69,30.18,10,0.65,1.2,0
32,2,0.03,21.3,21.3,29.99,6,0.62,1.9,-1
32,2,0.03,21.99,21.99,26.58,8,0.87,1.067,0
32,2,0.03,22.34,22.34,26.91,10,0.87,1.2,0
32,2,0.03,21.13,21.13,21.31,-1,0.71,1.6,1
32,2,0.03,22.34,22.34,22.46,1,0.71,1.5,-2
32,2,0.03,21.73,21.73,21.97,2,0.71,1.067,0
32,2,0.03,21.3,21.3,27.72,4,0.8,1.6,0
32,2,0.03,22.34,22.34,28.02,8,0.8,1.067,0
32,2,0.03,22.69,22.69,30.34,12,0.8,1.067,1
32,2,0.03,21.13,21.13,35.08,12,0.78,1.75,0
32,2,0.03,23.2,23.2,44.71,19,0.42,1.067,0
32,2,0.03,21.04,21.04,30.33,7,0.57,1.6,0
32,2,0.03,22.25,22.25,28.76,7,0.871,1.275,-2
32,2,0.03,22.6,22.6,27.61,6,0.871,1.5,0
32,2,0.03,20.87,20.87,24.2,-1,0.99,1.6,1
32,2,0.03,21.91,21.91,20.19,-1,0.99,1.067,-2
32,2,0.03,19.92,19.92,23.82,0,0.95,1.6,1
32,2,0.03,21.65,21.65,20.88,1,0.95,1,0
32,2,0.03,21.99,21.99,21.78,1,0.95,1.067,1
32,2,0.03,20.17,20.17,26.61,1,0.67,1.9,0
32,2,0.03,21.99,21.99,22.58,4,0.67,1.033,-1
32,2,0.03,21.3,21.3,20.22,2,0.88,1.653,-2
32,2,0.03,20.35,20.35,26.44,3,0.59,1.6,1
32,2,0.03,21.82,21.82,25.01,3,0.95,1.067,0
32,2,0.03,21.82,21.82,27.52,3,0.95,1.067,-1
32,2,0.03,22.34,22.34,32.52,17,0.64,1.6,0
32,2,0.03,23.72,23.72,33.05,23,0.64,1.05,0
32,2,0.03,22.69,22.69,44.36,22,0.561,1.75,0
32,2,0.03,24.07,24.07,44.91,30,0.51,1.033,0
32,2,0.03,24.76,24.76,45.68,31,0.51,1.033,0
32,2,0.03,23.38,23.38,54.8,21,0.55,1.6,0
32,2,0.03,21.73,21.73,43.2,8,0.74,1.6,0
32,2,0.03,22.69,22.69,37.31,9,0.74,1.067,1
32,2,0.03,23.2,23.2,39.38,9,0.74,1.15,0
32,2,0.03,22.34,22.34,30.09,9.444444,0.32,1.6,0
32,2,0.03,23.64,23.64,28.71,12,0.79,1.033,-1
32,2,0.03,24.07,24.07,30.17,13.611111,0.79,1.067,1
32,2,0.03,25.36,25.36,42.56,23,0.59,1.067,0
32,2,0.03,23.03,23.03,44.74,18,0.82,1.067,-2
32,2,0.03,23.38,23.38,42.57,21,0.82,1.067,0
32,2,0.03,22.69,22.69,43.76,14,0.52,1.6,0
32,2,0.03,23.89,23.89,43.91,16,0.77,1.067,-1
32,2,0.03,24.07,24.07,46.34,18,0.77,1.033,1
32,2,0.03,23.46,23.46,53.4,22,0.8,1.5,-2
32,2,0.03,23.38,23.38,54.35,23,0.8,1.067,0
32,2,0.03,23.29,23.29,57.26,25,0.8,1.067,0
56,2,0.03,24.14,24.14,55.63,29,0.61,1.475,1
56,2,0.03,23.33,23.33,55.63,24,0.44,2.8,0
56,2,0.03,22.81,22.81,55.63,28,0.74,1.475,0
56,2,0.03,23.18,23.18,55.63,29,0.56,1.267,0
56,2,0.03,22.66,22.66,55.63,26,0.44,1.35,0
56,2,0.03,24.07,24.07,55.63,32,0.44,1,1
56,2,0.03,24.51,24.51,55.63,33,0.42,1.05,2
56,2,0.03,23.55,23.55,55.63,30,0.44,1.567,1
56,2,0.03,22.88,22.88,55.63,28,0.51,1.45,0
56,2,0.03,22.73,22.73,55.63,23,0.51,1.55,0
56,2,0.03,22.73,22.73,55.63,28,0.44,1.05,0
56,2,0.03,22.73,22.73,55.63,29,0.79,1.4,0
56,2,0.03,23.92,23.92,55.63,32,0.61,1.267,1
56,2,0.03,22.88,22.88,30.45,3,0.95,1.2,0
56,2,0.03,22.14,22.14,30.45,6.277778,0.95,1.05,0
56,2,0.03,22.81,22.81,30.45,4,1.09,1.567,1
56,2,0.03,21.69,21.69,30.45,3,0.69,1.05,-1
56,2,0.03,22.88,22.88,30.45,3,0.59,1.05,0
56,2,0.03,22.88,22.88,30.45,9,0.59,1.456,1
56,2,0.03,23.1,23.1,30.45,11,0.59,1.18,0
56,2,0.03,22.81,22.81,30.45,7,0.86,1.3,1
56,2,0.03,23.33,23.33,30.45,11,0.86,1.367,1
56,2,0.03,22.88,22.88,30.45,13,0.86,1.7,1
56,2,0.03,23.33,23.33,22.36,9,0.86,1.5,2
56,2,0.03,23.4,23.4,22.36,9,0.82,1.333,2
56,2,0.03,22.88,22.88,22.36,10,0.57,1.4,2
56,2,0.03,22.51,22.51,22.36,7,0.77,1.608,0
56,2,0.03,22.66,22.66,22.36,9,0.77,1.6,1
56,2,0.03,22.88,22.88,22.36,9,0.77,1.1,1
56,2,0.03,22.58,22.58,22.36,-1,1.04,1.275,0
56,2,0.03,22.51,22.51,31.02,12,0.88,1.62,1
56,2,0.03,22.96,22.96,31.02,18,0.88,1.05,-1
56,2,0.03,21.69,21.69,31.02,12,0.88,1.4,-1
56,2,0.03,18.64,18.64,31.02,4,0.77,1.643,-2
56,2,0.03,23.25,23.25,31.02,6,0.77,1.4,-2
56,2,0.03,23.47,23.47,31.02,7,0.77,1.4,0
56,2,0.03,22.96,22.96,31.02,6,0.65,1.475,1
56,2,0.03,22.44,22.44,31.02,7,0.65,1.2,0
56,2,0.03,22.66,22.66,31.02,8,0.65,1.525,1
56,2,0.03,23.1,23.1,31.02,11,0.65,1.4,0
56,2,0.03,23.77,23.77,31.02,10,0.65,1.325,1
55,2,0.03,23.38,23.38,55.63,27,0.44,1.6,1
55,2,0.03,23.64,23.64,55.63,30,0.44,1.267,-2
55,2,0.03,24.05,24.05,55.63,29,0.44,1.267,-2
55,2,0.03,23.38,23.38,55.63,26,0.58,1.6,-2
55,2,0.03,23.38,23.38,55.63,28,0.58,1.267,-1
55,2,0.03,23.64,23.64,55.63,28,0.58,1.55,0
55,2,0.03,23.31,23.31,55.63,24,0.44,1.6,0
55,2,0.03,23.24,23.24,55.63,26,0.44,1.05,-2
55,2,0.03,23.38,23.38,55.63,27,0.44,1.1,-2
55,2,0.03,23.24,23.24,55.63,27,0.44,1.6,0
55,2,0.03,23.38,23.38,55.63,31,0.44,1.55,1
55,2,0.03,23.91,23.91,55.63,33,0.44,1.5,2
55,2,0.03,23.64,23.64,55.63,28,0.58,1.6,0
55,2,0.03,24.18,24.18,55.63,32,0.58,1.267,-2
55,2,0.03,24.65,24.65,55.63,33,0.58,1.267,-1
55,2,0.03,24.18,24.18,55.63,28,0.34,1.6,0
55,2,0.03,24.32,24.32,55.63,30,0.34,1.267,-2
55,2,0.03,24.72,24.72,55.63,32,0.34,1.05,-2
55,2,0.03,23.24,23.24,55.63,26,0.58,1.6,-1
55,2,0.03,23.38,23.38,55.63,28,0.58,1.1,-2
55,2,0.03,23.58,23.58,55.63,29,0.58,1.267,-2
55,2,0.03,23.38,23.38,55.63,27,0.44,1.3,-1
55,2,0.03,23.64,23.64,55.63,30,0.44,1.267,-1
55,2,0.03,23.64,23.64,55.63,31,0.44,1.1,-1
55,2,0.03,23.91,23.91,55.63,31,0.44,1.05,-2
55,2,0.03,23.58,23.58,55.63,28,0.44,1.3,-2
55,2,0.03,23.91,23.91,55.63,31,0.44,1.267,-2
55,2,0.03,24.45,24.45,55.63,33,0.44,1.05,-1
55,2,0.03,23.91,23.91,55.63,26,0.45,1.3,-2
55,2,0.03,23.58,23.58,55.63,26,0.45,1.267,-2
55,2,0.03,23.64,23.64,55.63,26,0.45,1.35,-1
55,2,0.03,24.72,24.72,55.63,24,0.44,1.067,1
55,2,0.03,23.44,23.44,55.63,26,0.44,1.267,0
55,2,0.03,24.05,24.05,55.63,25,0.44,1.05,0
55,2,0.03,24.18,24.18,55.63,21,0.71,1.1,-1
55,2,0.03,23.91,23.91,55.63,21,0.71,1.1,-2
55,2,0.03,19.59,19.59,30.45,4,0.62,1.661,0
55,2,0.03,20.95,20.95,30.45,6,0.8,1.2,-2
55,2,0.03,22.57,22.57,30.45,8,0.92,1.2,-2
55,2,0.03,19.46,19.46,30.45,3,0.71,1.25,-1
55,2,0.03,21.35,21.35,30.45,6.277778,1.01,1.2,-1
55,2,0.03,22.77,22.77,30.45,7,1.01,1.15,-1
55,2,0.03,20.14,20.14,30.45,4,0.67,1,0
55,2,0.03,21.22,21.22,30.45,3,0.67,1.05,0
55,2,0.03,22.23,22.23,30.45,2,1.1,1.3,-1
55,2,0.03,19.87,19.87,30.45,6,0.71,1,0
55,2,0.03,22.03,22.03,30.45,9,0.71,1.15,-1
55,2,0.03,22.84,22.84,30.45,11,0.71,1.325,-1
55,2,0.03,20.41,20.41,30.45,7,0.84,1,1
55,2,0.03,23.04,23.04,30.45,11,0.84,1.3,2
55,2,0.03,23.91,23.91,30.45,13,0.84,1.7,2
55,2,0.03,22.16,22.16,30.45,12,0.46,1,0
55,2,0.03,23.64,23.64,30.45,21,0.46,1.1,1
55,2,0.03,23.24,23.24,30.45,21,0.76,1.1,-1
55,2,0.03,22.3,22.3,30.45,7,0.54,1,0
55,2,0.03,22.84,22.84,30.45,7,0.84,1.05,-1
55,2,0.03,23.24,23.24,30.45,8,0.84,1.05,-1
55,2,0.03,20,20,30.45,5,0.78,1.4,0
55,2,0.03,22.3,22.3,30.45,7.944444,0.78,1.1,0
55,2,0.03,23.38,23.38,30.45,9,0.78,1.1,0
55,2,0.03,20.88,20.88,30.45,5,0.67,1,0
55,2,0.03,22.7,22.7,30.45,8,0.67,1.05,0
55,2,0.03,23.38,23.38,30.45,9,0.67,1.067,0
55,2,0.03,20.81,20.81,30.45,6,0.67,1,0
55,2,0.03,22.23,22.23,30.45,8,0.97,1.175,0
55,2,0.03,23.24,23.24,30.45,9,0.97,1,0
55,2,0.03,21.96,21.96,22.36,4,0.49,1.25,1
55,2,0.03,23.24,23.24,22.36,9,0.49,1.28,2
55,2,0.03,23.91,23.91,22.36,10,0.49,1.325,1
55,2,0.03,22.16,22.16,22.36,6,0.67,1.25,1
55,2,0.03,23.24,23.24,22.36,8,0.67,1.15,1
55,2,0.03,23.91,23.91,22.36,10,0.67,1.267,1
55,2,0.03,22.57,22.57,22.36,-1,0.78,1,2
55,2,0.03,23.64,23.64,22.36,1,0.78,1.36,2
55,2,0.03,23.44,23.44,22.36,2,0.78,1.2,2
55,2,0.03,23.38,23.38,22.36,4,0.78,1.25,2
55,2,0.03,24.38,24.38,22.36,8,0.78,1.28,2
55,2,0.03,24.99,24.99,22.36,11,0.78,1.175,2
55,2,0.03,24.45,24.45,22.36,12,0.58,1.033,2
55,2,0.03,24.45,24.45,22.36,18,0.58,1.175,2
55,2,0.03,24.99,24.99,22.36,19,0.58,1.067,2
55,2,0.03,23.11,23.11,22.36,7,0.67,1,1
55,2,0.03,23.85,23.85,22.36,7,0.67,1.067,0
55,2,0.03,24.72,24.72,22.36,6,0.67,1.05,1
55,2,0.03,22.3,22.3,22.36,-1,0.84,1.25,1
55,2,0.03,22.7,22.7,22.36,-1,0.84,1,1
55,2,0.03,23.31,23.31,22.36,-1.222222,0.84,1.067,1
55,2,0.03,20.68,20.68,22.36,-3,1.081,1.1,-1
55,2,0.03,21.76,21.76,22.36,-2,0.78,1.05,-1
55,2,0.03,22.57,22.57,22.36,-1,0.78,1.2,-1
55,2,0.03,22.16,22.16,22.36,0,0.84,1.275,2
55,2,0.03,22.84,22.84,22.36,1,0.84,1.175,1
55,2,0.03,23.04,23.04,22.36,1,0.76,1.28,-1
55,2,0.03,22.23,22.23,22.36,1,0.78,1.25,2
55,2,0.03,23.04,23.04,22.36,4,0.84,1.05,-1
55,2,0.03,23.38,23.38,22.36,4,0.78,1.067,-1
55,2,0.03,22.3,22.3,22.36,-1,0.78,1.05,1
55,2,0.03,23.11,23.11,22.36,2,1.081,1.267,-1
55,2,0.03,23.31,23.31,22.36,3,1.081,1.5,-1
55,2,0.03,22.84,22.84,22.36,3,0.84,1.25,2
55,2,0.03,23.17,23.17,22.36,3,0.84,1.2,1
55,2,0.03,23.38,23.38,22.36,3,0.84,1.2,1
55,2,0.03,24.08,24.08,31.57,17,0.42,1,0
55,2,0.03,25.75,25.75,29.28,23,0.42,1.05,0
55,2,0.03,26.53,26.53,29.2,22,0.42,1.5,1
55,2,0.03,25,25,38.84,22,0.39,1,0
55,2,0.03,27.04,27.04,32.47,28,0.39,1.067,0
55,2,0.03,24.22,24.22,51.63,21,0.39,1,0
55,2,0.03,22.85,22.85,52.76,21,0.39,1.1,-1
55,2,0.03,23.33,23.33,46.61,18,0.611,1.267,2
55,2,0.03,21.42,21.42,42.69,8,0.59,1,0
55,2,0.03,21.73,21.73,41.49,8,0.59,1.3,0
55,2,0.03,24.03,24.03,36.46,9,0.59,1.26,0
55,2,0.03,23.48,23.48,27.06,9.444444,0.46,1.267,0
55,2,0.03,24.73,24.73,26.61,13,0.46,1.2,0
55,2,0.03,24.8,24.8,27.57,14,0.46,1.2,0
55,2,0.03,23.91,23.91,38.2,21,0.46,1,0
55,2,0.03,26.9,26.9,37.61,22,0.46,1.025,0
55,2,0.03,22.16,22.16,48.79,16,0.46,1.25,0
55,2,0.03,22.92,22.92,44.38,17,0.46,1.05,0
55,2,0.03,24.68,24.68,38.21,21,0.46,1.4,0
55,2,0.03,21.97,21.97,44.14,14,0.46,1.2,-1
55,2,0.03,23.14,23.14,44.24,16,0.46,1.267,-1
55,2,0.03,24.13,24.13,43.65,18,0.46,1.05,-1
55,2,0.03,23.31,23.31,47.31,19,0.46,1.033,0
55,2,0.03,23.96,23.96,52.79,23,0.46,1.05,0
55,2,0.03,24.2,24.2,54.46,26,0.46,1.4,0
58,2,0.03,24.15,24.15,54.32,24,0.44,1.6,-1
58,2,0.03,24.25,24.25,50.93,30,0.74,1.3,-1
58,2,0.03,24.34,24.34,49.89,29,0.44,1.367,0
58,2,0.03,23.96,23.96,51.12,24,0.44,1.6,-1
58,2,0.03,24.06,24.06,48.78,27,0.74,1,-2
58,2,0.03,24.44,24.44,47.06,28,0.44,1.5,0
58,2,0.03,24.06,24.06,53.32,23,0.61,1.6,-1
58,2,0.03,23.96,23.96,49.46,26,0.65,1.267,-1
58,2,0.03,24.15,24.15,47.86,27,0.61,1.05,-1
58,2,0.03,23.96,23.96,49.64,27,0.78,1.6,1
58,2,0.03,24.06,24.06,50.19,32,0.74,1.05,-1
58,2,0.03,24.34,24.34,49.49,33,0.44,1.05,0
58,2,0.03,24.25,24.25,54.67,26,0.44,1.6,0
58,2,0.03,24.53,24.53,54.42,31,0.78,1.05,-1
58,2,0.03,24.82,24.82,53.55,33,0.44,1.35,0
58,2,0.03,24.44,24.44,59.58,27,0.78,1.6,-1
58,2,0.03,24.25,24.25,55.29,29,1.08,1.267,-2
58,2,0.03,24.06,24.06,51.82,31,0.44,1.5,0
58,2,0.03,24.06,24.06,48.63,26,0.6,1.6,-1
58,2,0.03,24.34,24.34,45.13,28,0.78,1.35,-1
58,2,0.03,23.48,23.48,53.82,27,0.78,1.05,0
58,2,0.03,23.77,23.77,52.81,30,1.08,1.05,-1
58,2,0.03,23.96,23.96,50.87,31,0.78,1.05,1
58,2,0.03,24.73,24.73,52.97,31,0.78,1,0
58,2,0.03,24.73,24.73,54.17,33,0.44,1.4,0
58,2,0.03,24.53,24.53,53.02,26,0.65,1.05,-1
58,2,0.03,24.53,24.53,51.03,28,0.29,1.367,0
58,2,0.03,24.92,24.92,46.87,20,0.56,1.467,0
58,2,0.03,23.48,23.48,41.46,21,0.56,1.14,0
58,2,0.03,23.58,23.58,39.19,10,0.78,1.32,2
58,2,0.03,23.77,23.77,34.01,10,0.78,1.533,2
58,2,0.03,22.14,22.14,36.61,8,0.79,1.567,0
58,2,0.03,23.77,23.77,34.33,11,0.79,1.367,1
58,2,0.03,23.96,23.96,32.44,11,0.79,1.3,1
58,2,0.03,21.95,21.95,30.93,4,1.35,1.622,0
58,2,0.03,23.48,23.48,28.65,6,0.93,1.225,0
58,2,0.03,23.67,23.67,26.46,8,0.93,1.283,0
58,2,0.03,22.14,22.14,26.65,1,1.15,1.567,0
58,2,0.03,23.67,23.67,26.35,5.277778,1.15,1.225,0
58,2,0.03,23.67,23.67,26.12,7,1.15,1.333,2
58,2,0.03,21.76,21.76,26.18,4,1.07,1.625,-1
58,2,0.03,23.58,23.58,26.22,6,1.07,1.256,0
58,2,0.03,23.48,23.48,27.59,2,1.07,1.188,0
58,2,0.03,22.24,22.24,28.5,6,0.83,1.629,-1
58,2,0.03,24.06,24.06,26.65,9,0.79,1.167,2
58,2,0.03,24.44,24.44,24.26,11,0.79,1.225,2
58,2,0.03,22.62,22.62,25.55,4,1.07,1.629,0
58,2,0.03,23.86,23.86,26.25,10,1.03,1.213,-1
58,2,0.03,24.63,24.63,25.61,13,1.03,1.243,1
58,2,0.03,22.33,22.33,39.84,7,0.88,1.6,-2
58,2,0.03,23.77,23.77,40.84,18,1.18,1.267,-2
58,2,0.03,23.77,23.77,37.12,8,1.17,1.283,2
58,2,0.03,23.58,23.58,27.74,6,0.84,1.633,0
58,2,0.03,24.25,24.25,25.36,8,1.141,1.271,0
58,2,0.03,24.25,24.25,24.4,10,0.84,1.18,0
58,2,0.03,22.14,22.14,22.36,-1,1.281,1.6,-2
58,2,0.03,25.11,25.11,22.36,1,0.96,1.171,2
58,2,0.03,23.29,23.29,22.36,2,0.96,1.143,-1
58,2,0.03,22.91,22.91,22.36,4,1.321,1.629,-1
58,2,0.03,23.77,23.77,22.36,7,1.321,1.18,0
58,2,0.03,24.34,24.34,22.36,11,1.321,1.217,0
58,2,0.03,23.48,23.48,22.36,6,0.82,1.9,-1
58,2,0.03,24.82,24.82,22.36,19,0.78,1.256,1
58,2,0.03,23.2,23.2,22.36,-1,0.88,1.557,0
58,2,0.03,23.77,23.77,22.36,-2,1.141,1.256,2
58,2,0.03,23.58,23.58,22.36,-1.222222,1.141,1.44,1
58,2,0.03,22.62,22.62,22.36,-2,1.32,1.256,0
58,2,0.03,23.1,23.1,22.36,-1,1.32,1.36,0
58,2,0.03,22.43,22.43,22.36,-1,0.96,1.609,0
58,2,0.03,23.2,23.2,22.36,1,1.241,1.225,0
58,2,0.03,23.48,23.48,22.36,1,1.241,1.225,1
58,2,0.03,22.52,22.52,22.36,-2,1.02,1.663,0
58,2,0.03,23.1,23.1,22.36,3,1.281,1.338,-1
58,2,0.03,23.48,23.48,22.36,4,0.98,1.289,1
58,2,0.03,22.62,22.62,22.36,-2,0.99,1.657,1
58,2,0.03,23.1,23.1,22.36,1,1.211,1.122,-1
58,2,0.03,23.39,23.39,22.36,3,0.91,1.225,1
58,2,0.03,22.62,22.62,22.36,4,1.02,1.6,0
58,2,0.03,23.2,23.2,22.36,3,0.98,1.475,-1
58,2,0.03,23.67,23.67,22.36,3,1.281,1.225,1
58,2,0.03,22.24,22.24,22.36,3,0.82,1.514,-1
58,2,0.03,22.91,22.91,22.36,5,0.82,1.2,-1
58,2,0.03,23.48,23.48,22.36,7,0.82,1.417,1
58,2,0.03,22.81,22.81,31.79,11,0.86,1.567,-1
58,2,0.03,23.39,23.39,42.93,16,0.82,1.55,-1
58,2,0.03,23.77,23.77,42.7,19,0.46,1.65,0
58,2,0.03,23.2,23.2,54.85,23,1.081,1.275,-1
58,2,0.03,22.91,22.91,30.05,8,1.05,1.486,0
58,2,0.03,23.86,23.86,28.75,11,0.71,1.244,-1
58,2,0.03,24.53,24.53,29.75,14,1.05,1.211,2
58,2,0.03,23.48,23.48,33.73,11,1.02,1.614,0
58,2,0.03,25.49,25.49,39.29,22,0.73,1.157,2
58,2,0.03,23,23,47.12,17,0.98,1.225,1
58,2,0.03,23.2,23.2,43.54,21,0.98,1.157,1
58,2,0.03,23.86,23.86,42.25,16,0.79,1.143,1
58,2,0.03,24.34,24.34,42.98,18,0.79,1.286,2
58,2,0.03,22.81,22.81,46.25,19,0.82,1.567,0
58,2,0.03,23.39,23.39,51.41,22,1.081,1.383,-1
58,2,0.03,23.29,23.29,58.52,26,0.78,1.1,0
58,2,0.03,22.52,22.52,29.71,7,1.17,1.867,0
58,2,0.03,23.86,23.86,28.64,11,1.17,1.6,-1
58,2,0.03,23.2,23.2,33.69,9,1.17,1.1,0
58,2,0.03,23.67,23.67,42.44,22,0.88,1.52,0
36,1,0.03,23.24,23.24,55.63,24,0.66,4,1
36,1,0.03,23.24,23.24,55.63,29,0.66,1.5,-1
36,1,0.03,23.16,23.16,55.63,31,0.66,2,-1
36,1,0.03,23.07,23.07,55.63,23,0.66,4,0
36,1,0.03,22.75,22.75,55.63,26,0.66,1,-1
36,1,0.03,22.67,22.67,55.63,28,0.66,1.35,0
36,1,0.03,22.91,22.91,55.63,24,0.66,1.05,0
36,1,0.03,22.75,22.75,55.63,26,0.66,1.05,-1
36,1,0.03,22.67,22.67,55.63,23,0.66,4,0
36,1,0.03,22.75,22.75,55.63,27,0.66,1.05,-1
36,1,0.03,22.75,22.75,55.63,31,0.66,1.05,1
36,1,0.03,23.4,23.4,55.63,26,0.64,4,0
36,1,0.03,23.16,23.16,55.63,29,0.66,1.367,0
36,1,0.03,23.07,23.07,55.63,32,0.66,1.05,0
36,1,0.03,23.56,23.56,55.63,27,0.66,4,0
36,1,0.03,23.16,23.16,55.63,30,0.66,1.05,1
36,1,0.03,22.83,22.83,55.63,31,0.66,2,-1
36,1,0.03,22.42,22.42,55.63,26,0.46,4,0
36,1,0.03,22.42,22.42,55.63,28,0.66,1,0
36,1,0.03,22.51,22.51,55.63,29,0.66,1,0
36,1,0.03,22.99,22.99,55.63,27,0.66,1.05,-1
36,1,0.03,22.99,22.99,55.63,30,0.66,1.05,0
36,1,0.03,22.83,22.83,55.63,31,0.66,1.167,0
36,1,0.03,23.16,23.16,55.63,31,0.66,1.05,0
36,1,0.03,23.16,23.16,55.63,26,0.66,4,1
36,1,0.03,23.4,23.4,55.63,31,0.66,1.05,2
36,1,0.03,23.24,23.24,55.63,33,0.66,1.05,0
36,1,0.03,23.8,23.8,55.63,27,0.66,4,1
36,1,0.03,22.91,22.91,55.63,26,0.66,1.2,1
36,1,0.03,25.02,25.02,55.63,24,0.63,2.56,0
36,1,0.03,23.07,23.07,55.63,26,0.63,1.375,-2
36,1,0.03,23.4,23.4,55.63,25,0.63,1.167,1
36,1,0.03,23.88,23.88,55.63,21,0.63,1.275,0
36,1,0.03,22.51,22.51,55.63,21,0.63,1.25,0
36,1,0.03,23.32,23.32,30.45,4,0.72,2.52,-2
36,1,0.03,23.32,23.32,30.45,6,0.72,1.4,-1
36,1,0.03,23.32,23.32,30.45,7,0.72,1.3,-1
36,1,0.03,23.32,23.32,30.45,4,0.68,2.75,0
36,1,0.03,23.32,23.32,30.45,3,0.68,1.225,-2
36,1,0.03,23.32,23.32,30.45,2,0.68,1.325,-1
36,1,0.03,23.32,23.32,30.45,6,0.72,2.75,-1
36,1,0.03,23.32,23.32,30.45,9,0.72,1.35,0
36,1,0.03,23.32,23.32,30.45,11,0.72,1.2,0
36,1,0.03,23.32,23.32,30.45,5,0.78,2.925,0
36,1,0.03,23.32,23.32,30.45,11,0.78,1.475,0
36,1,0.03,23.32,23.32,30.45,13,0.78,1.6,0
36,1,0.03,23.32,23.32,30.45,9,0.47,2.8,2
36,1,0.03,23.32,23.32,30.45,21,0.47,1.7,0
36,1,0.03,23.32,23.32,30.45,21,0.47,1.275,1
36,1,0.03,23.32,23.32,30.45,8,0.76,2.925,0
36,1,0.03,23.32,23.32,30.45,7,0.76,1.1,-1
36,1,0.03,20.07,20.07,30.45,3,0.51,2.8,0
36,1,0.03,21.45,21.45,30.45,7.944444,0.51,1.525,0
36,1,0.03,21.53,21.53,30.45,9,0.51,1.175,-1
36,1,0.03,20.8,20.8,30.45,8,0.76,1.625,0
36,1,0.03,20.8,20.8,30.45,9,0.76,1.825,0
36,1,0.03,20.15,20.15,30.45,8,0.67,1,0
36,1,0.03,20.56,20.56,30.45,9,0.67,1.625,0
36,1,0.03,20.39,20.39,22.36,4,0.72,1.55,1
36,1,0.03,21.37,21.37,22.36,9,0.72,1.25,1
36,1,0.03,20.39,20.39,22.36,4,0.72,1.375,0
36,1,0.03,20.8,20.8,22.36,8,0.72,1.375,0
36,1,0.03,21.37,21.37,22.36,10,0.72,1.425,0
36,1,0.03,20.39,20.39,22.36,-1,0.72,1.875,0
36,1,0.03,21.04,21.04,22.36,1,0.72,1.25,-1
36,1,0.03,21.94,21.94,22.36,1,0.72,1.3,0
36,1,0.03,22.02,22.02,22.36,4,0.72,1.775,1
36,1,0.03,21.45,21.45,22.36,5,0.72,1.3,0
36,1,0.03,21.94,21.94,22.36,9,0.72,1.6,0
36,1,0.03,23.32,23.32,22.36,6,0.72,1.875,1
36,1,0.03,22.02,22.02,22.36,8,0.67,1.5,0
36,1,0.03,21.78,21.78,22.36,7,0.67,1.35,0
36,1,0.03,21.78,21.78,22.36,-1,0.72,1.35,0
36,1,0.03,21.04,21.04,22.36,-2,0.72,1.425,-1
36,1,0.03,21.78,21.78,22.36,-1,0.72,1.425,0
36,1,0.03,20.39,20.39,22.36,-4,0.71,2.875,1
36,1,0.03,21.45,21.45,22.36,-2,0.71,1.45,0
36,1,0.03,21.78,21.78,22.36,-1,0.71,1.175,1
36,1,0.03,20.88,20.88,22.36,1,0.79,2.925,1
36,1,0.03,20.96,20.96,22.36,1,0.79,1.175,0
36,1,0.03,21.86,21.86,22.36,1,0.79,2,0
36,1,0.03,20.64,20.64,22.36,-0.277778,0.71,3.05,0
36,1,0.03,21.53,21.53,22.36,4,0.71,1.175,0
36,1,0.03,21.78,21.78,22.36,4,0.71,1.65,-1
36,1,0.03,20.64,20.64,22.36,-2,0.71,3.05,0
36,1,0.03,21.53,21.53,22.36,2,0.71,1.175,0
36,1,0.03,22.18,22.18,22.36,3,0.71,1.425,0
36,1,0.03,20.88,20.88,22.36,3,0.71,3.175,2
36,1,0.03,21.13,21.13,22.36,3,0.71,1.2,-1
36,1,0.03,21.45,21.45,22.36,3,0.71,1,0
36,1,0.03,22.42,22.42,31.02,11,0.61,1.7,0
36,1,0.03,22.51,22.51,31.02,19,0.61,1.125,0
36,1,0.03,23.8,23.8,31.02,23,0.61,1.1,0
36,1,0.03,23.96,23.96,31.02,19,0.76,2,1
36,1,0.03,24.29,24.29,31.02,19,0.63,2,0
36,1,0.03,24.45,24.45,31.02,17,0.58,1.35,0
36,1,0.03,24.29,24.29,31.02,21,0.58,1.35,0
36,1,0.03,22.67,22.67,31.02,21,0.58,1.1,0
36,1,0.03,21.13,21.13,31.02,8,0.58,1.6,0
36,1,0.03,20.8,20.8,31.02,8,0.58,1.1,-1
36,1,0.03,21.04,21.04,31.02,8,0.58,1.2,-1
36,1,0.03,22.34,22.34,31.02,8,0.67,1.775,0
36,1,0.03,22.42,22.42,31.02,12,0.67,1.1,0
36,1,0.03,22.34,22.34,31.02,13,0.58,3,0
36,1,0.03,22.83,22.83,31.02,21,0.58,1.3,0
36,1,0.03,23.8,23.8,31.02,22,0.58,1.65,0
36,1,0.03,22.1,22.1,31.02,16,0.58,2.875,0
36,1,0.03,22.18,22.18,31.02,17,0.58,1.175,0
36,1,0.03,21.37,21.37,31.02,13,0.58,3.15,0
36,1,0.03,22.75,22.75,31.02,16,0.58,1.3,0
36,1,0.03,23.07,23.07,31.02,18,0.58,1.9,0
36,1,0.03,22.42,22.42,31.02,19,0.58,2.875,0
36,1,0.03,22.83,22.83,31.02,23,0.58,1,0
56,1,0.03,24.4,24.4,55.63,32,0.54,1.267,0
56,1,0.03,23.97,23.97,55.63,27,0.54,1.6,0
56,1,0.03,23.97,23.97,55.63,29,0.54,1.45,1
56,1,0.03,24.4,24.4,55.63,29,0.54,1.35,-1
56,1,0.03,24.05,24.05,55.63,29,0.54,1.45,0
56,1,0.03,24.05,24.05,55.63,30,0.54,1.267,0
56,1,0.03,24.31,24.31,55.63,30,0.54,1.05,0
56,1,0.03,24.23,24.23,55.63,28,0.54,1.567,1
56,1,0.03,24.05,24.05,55.63,32,0.54,1,0
56,1,0.03,24.05,24.05,55.63,26,0.54,1.5,0
56,1,0.03,24.05,24.05,55.63,26,0.54,1.05,-1
56,1,0.03,24.23,24.23,55.63,28,0.54,1.05,-1
56,1,0.03,24.4,24.4,55.63,27,0.54,1.05,-1
56,1,0.03,24.05,24.05,55.63,29,0.54,1.267,-1
56,1,0.03,24.23,24.23,55.63,30,0.54,1,0
56,1,0.03,24.14,24.14,55.63,22,0.54,1.525,-1
56,1,0.03,23.97,23.97,55.63,26,0.54,1.05,-1
56,1,0.03,23.8,23.8,55.63,27,0.54,1.5,1
56,1,0.03,24.05,24.05,55.63,28,0.54,1.267,-1
56,1,0.03,23.71,23.71,55.63,26,0.54,1.05,-1
56,1,0.03,24.4,24.4,55.63,25,0.54,1.75,1
56,1,0.03,24.14,24.14,55.63,28.833333,0.54,1.05,-1
56,1,0.03,23.71,23.71,55.63,29,0.54,1.05,0
56,1,0.03,24.31,24.31,55.63,27,0.54,1.567,0
56,1,0.03,24.23,24.23,55.63,32,0.54,1.45,0
56,1,0.03,24.23,24.23,55.63,31,0.54,1.05,-1
56,1,0.03,25.08,25.08,55.63,26,0.51,1.05,0
56,1,0.03,24.31,24.31,55.63,26,0.51,1.033,-1
56,1,0.03,25.17,25.17,55.63,25,0.51,1.05,0
56,1,0.03,25.6,25.6,55.63,21,0.58,1.05,0
56,1,0.03,24.05,24.05,55.63,21,0.58,1.3,0
56,1,0.03,22.34,22.34,30.45,8,0.67,1.5,0
56,1,0.03,23.28,23.28,30.45,9,0.67,1.65,-1
56,1,0.03,23.2,23.2,30.45,10,0.67,1.25,0
56,1,0.03,22.6,22.6,30.45,10,0.43,1.25,-1
56,1,0.03,23.71,23.71,30.45,11,0.43,1.167,-1
56,1,0.03,23.54,23.54,30.45,10,0.43,1.167,-1
56,1,0.03,22.34,22.34,30.45,8,0.58,1.867,-1
56,1,0.03,23.71,23.71,30.45,10,0.58,1,-1
56,1,0.03,24.31,24.31,30.45,9,0.58,1.125,-1
56,1,0.03,21.57,21.57,30.45,5,0.58,1.45,-1
56,1,0.03,23.54,23.54,30.45,8,0.58,1.3,-2
56,1,0.03,23.54,23.54,30.45,6,0.58,1.2,-1
56,1,0.03,21.99,21.99,30.45,3,0.94,1.5,-1
56,1,0.03,23.54,23.54,30.45,7,0.94,1,-1
56,1,0.03,23.54,23.54,30.45,4,0.58,1.25,-1
56,1,0.03,21.57,21.57,30.45,4,0.67,1.75,0
56,1,0.03,21.65,21.65,30.45,6,0.58,1.75,0
56,1,0.03,24.05,24.05,30.45,9,0.58,1.25,-1
56,1,0.03,23.54,23.54,30.45,21,0.58,1.3,0
56,1,0.03,23.2,23.2,30.45,18,0.58,1.2,-1
56,1,0.03,23.2,23.2,30.45,7,0.58,1.2,1
56,1,0.03,23.71,23.71,30.45,7,0.58,1.125,-1
56,1,0.03,23.71,23.71,22.36,7,0.51,1.375,-1
56,1,0.03,24.57,24.57,22.36,9,0.51,1.3,-1
56,1,0.03,25,25,22.36,9,0.51,1.125,0
56,1,0.03,24.23,24.23,22.36,4,0.58,1.45,-1
56,1,0.03,25,25,22.36,8,0.58,1.2,-1
56,1,0.03,25.08,25.08,22.36,12,0.67,1.433,0
56,1,0.03,25.77,25.77,22.36,18,0.67,1.325,0
56,1,0.03,23.28,23.28,22.36,7,0.67,1.867,0
56,1,0.03,25.08,25.08,22.36,7,0.67,1.6,-1
56,1,0.03,24.91,24.91,22.36,4,0.67,1,0
56,1,0.03,24.23,24.23,22.36,-1,0.56,1.433,-1
56,1,0.03,24.05,24.05,22.36,-2,0.56,1.2,-1
56,1,0.03,22.6,22.6,22.36,-3,0.67,1.65,-1
56,1,0.03,23.28,23.28,22.36,-1,0.67,1.125,-1
56,1,0.03,23.71,23.71,22.36,-1,0.67,1.2,-1
56,1,0.03,22.68,22.68,22.36,0,0.58,1.85,0
56,1,0.03,24.05,24.05,22.36,1,0.58,1.375,0
56,1,0.03,23.37,23.37,22.36,1,0.67,1.65,0
56,1,0.03,24.4,24.4,22.36,4,0.67,1.125,0
56,1,0.03,23.28,23.28,22.36,0,0.58,1.125,0
56,1,0.03,24.14,24.14,22.36,3,0.58,1.125,0
56,1,0.03,23.54,23.54,31.02,12,0.58,1.65,0
56,1,0.03,24.4,24.4,31.02,17,0.58,1.375,1
56,1,0.03,22.85,22.85,31.02,5,0.58,1.325,-1
56,1,0.03,23.71,23.71,31.02,7,0.58,1.2,-1
56,1,0.03,24.74,24.74,31.02,9,0.58,1.125,0
56,1,0.03,25.08,25.08,31.02,10,0.58,1.125,0
56,1,0.03,25.77,25.77,31.02,12,0.67,1.65,0
56,1,0.03,26.02,26.02,31.02,14,0.67,1.2,0
56,1,0.03,25,25,31.02,17,0.67,1.167,0
56,1,0.03,26.45,26.45,31.02,23,0.58,1,0
56,1,0.03,27.48,27.48,31.02,27.166667,0.58,1.325,0
56,1,0.03,27.14,27.14,31.02,28,0.58,1.325,0
56,1,0.03,26.79,26.79,31.02,24,0.58,1.65,1
56,1,0.03,27.48,27.48,31.02,31,0.58,1.125,1
56,1,0.03,26.45,26.45,31.02,21,0.58,1.25,1
56,1,0.03,25.08,25.08,31.02,21,0.58,1,0
56,1,0.03,22.85,22.85,31.02,14,0.58,1,-1
56,1,0.03,22.68,22.68,31.02,9,0.58,1,-1
56,1,0.03,22.85,22.85,31.02,8,0.83,1,-2
56,1,0.03,23.63,23.63,31.02,9,0.58,1,-1
34,2,0.03,23.94,23.94,55.63,26,0.34,1.6,0
34,2,0.03,23.86,23.86,55.63,28,0.34,1.267,0
34,2,0.03,23.83,23.83,55.63,28,0.34,1.267,1
34,2,0.03,23.79,23.79,55.63,25,0.51,1.6,1
34,2,0.03,23.79,23.79,55.63,26,0.43,1.5,1
34,2,0.03,23.83,23.83,55.63,27,0.51,1.05,0
34,2,0.03,23.94,23.94,55.63,28,0.44,1.6,1
34,2,0.03,23.94,23.94,55.63,31,0.44,1.267,0
34,2,0.03,24.09,24.09,55.63,33,0.44,1.05,-1
34,2,0.03,24.09,24.09,55.63,28,0.44,1.6,1
34,2,0.03,24.46,24.46,55.63,32,0.44,1.35,0
34,2,0.03,24.24,24.24,55.63,27,0.44,1.4,1
34,2,0.03,24.05,24.05,55.63,29,0.44,1.1,0
34,2,0.03,24.09,24.09,55.63,30,0.44,1,0
34,2,0.03,23.83,23.83,55.63,26,0.44,1.5,0
34,2,0.03,23.83,23.83,55.63,26,0.44,1.1,-1
34,2,0.03,24.05,24.05,55.63,25,0.41,1.6,2
34,2,0.03,24.09,24.09,55.63,28,0.41,2,2
34,2,0.03,24.05,24.05,55.63,28,0.44,1.548,1
34,2,0.03,24.16,24.16,55.63,31,0.44,1,0
34,2,0.03,24.16,24.16,55.63,32,0.44,1.1,0
34,2,0.03,24.2,24.2,55.63,25,0.36,1.73,0
34,2,0.03,23.86,23.86,55.63,27,0.36,1.5,0
34,2,0.03,23.94,23.94,55.63,19,0.41,1.548,1
34,2,0.03,23.94,23.94,55.63,21,0.41,1.2,-1
34,2,0.03,23.64,23.64,55.63,21,0.41,1.2,0
34,2,0.03,21.66,21.66,30.45,9,0.59,1.45,0
34,2,0.03,21.85,21.85,30.45,11,0.51,1.425,0
34,2,0.03,22.03,22.03,30.45,10,0.59,1.175,1
34,2,0.03,21.55,21.55,30.45,10,0.55,1.65,2
34,2,0.03,22.11,22.11,30.45,11,0.55,1.798,1
34,2,0.03,22.11,22.11,30.45,11,0.55,1.483,1
34,2,0.03,21.77,21.77,30.45,10,0.42,1.925,1
34,2,0.03,22,22,30.45,10,0.42,1.075,-1
34,2,0.03,22.07,22.07,30.45,10,0.42,1.075,-1
34,2,0.03,20.87,20.87,30.45,5,0.63,1.558,-1
34,2,0.03,21.17,21.17,30.45,6,0.29,1.175,-1
34,2,0.03,21.25,21.25,30.45,8,0.63,1.25,1
34,2,0.03,20.75,20.75,30.45,4,0.57,1.65,0
34,2,0.03,20.94,20.94,30.45,3,0.57,1.4,-2
34,2,0.03,21.17,21.17,30.45,3,0.57,1.3,1
34,2,0.03,20.72,20.72,30.45,6,0.43,1.85,0
34,2,0.03,21.25,21.25,30.45,9,0.43,1.35,-1
34,2,0.03,21.7,21.7,30.45,11,0.43,1.075,0
34,2,0.03,21.55,21.55,30.45,11,0.62,1.8,1
34,2,0.03,22.15,22.15,30.45,13,0.62,1.2,0
34,2,0.03,22.74,22.74,30.45,21,0.48,1.85,1
34,2,0.03,22.3,22.3,30.45,7,0.57,1.85,1
34,2,0.03,22.37,22.37,30.45,7,0.57,1.175,0
34,2,0.03,22.15,22.15,30.45,8,0.57,1.4,1
34,2,0.03,20.94,20.94,22.36,4,0.44,1.7,1
34,2,0.03,21.47,21.47,22.36,9,0.44,1.4,0
34,2,0.03,21.81,21.81,22.36,10,0.44,2,1
34,2,0.03,21.4,21.4,22.36,6,0.46,1.475,0
34,2,0.03,21.77,21.77,22.36,8,0.46,1.225,0
34,2,0.03,22.22,22.22,22.36,10,0.46,1.567,0
34,2,0.03,20.02,20.02,22.36,-1,0.71,1.798,0
34,2,0.03,20.64,20.64,22.36,1,0.71,1.2,-1
34,2,0.03,20.75,20.75,22.36,2,0.71,1.25,0
34,2,0.03,21.47,21.47,22.36,8,0.85,1.815,1
34,2,0.03,21.85,21.85,22.36,12,0.38,1.55,2
34,2,0.03,21.85,21.85,22.36,12,0.45,1.865,2
34,2,0.03,22.44,22.44,22.36,7,0.49,1.808,-1
34,2,0.03,22.44,22.44,22.36,7,0.49,1.275,-1
34,2,0.03,20.79,20.79,22.36,-2,0.401,1.808,-1
34,2,0.03,20.91,20.91,22.36,-1,0.401,1.3,-1
34,2,0.03,20.94,20.94,22.36,-1,0.401,1.55,-1
34,2,0.03,19.83,19.83,22.36,-4,0.59,1.798,-1
34,2,0.03,20.41,20.41,22.36,-2,0.59,1.2,-1
34,2,0.03,20.56,20.56,22.36,-1,0.59,1.25,0
34,2,0.03,20.02,20.02,22.36,0,0.52,1.815,0
34,2,0.03,20.33,20.33,22.36,1,0.52,1.35,0
34,2,0.03,20.56,20.56,22.36,1,0.52,1.1,0
34,2,0.03,20.18,20.18,22.36,1,0.54,1.85,0
34,2,0.03,20.64,20.64,22.36,4,0.54,1.075,0
34,2,0.03,20.94,20.94,22.36,4,0.54,1.25,0
34,2,0.03,20.02,20.02,22.36,-1,0.57,1.798,0
34,2,0.03,20.48,20.48,22.36,2,0.63,1.3,0
34,2,0.03,20.64,20.64,22.36,3,0.63,1.1,1
34,2,0.03,20.6,20.6,22.36,3,0.81,1.573,0
34,2,0.03,20.79,20.79,22.36,3,0.81,1.175,0
34,2,0.03,20.98,20.98,22.36,3,0.81,1.45,0
34,2,0.03,23.84,23.84,30.67,17,0.49,1.683,1
34,2,0.03,24.73,24.73,30.14,23,0.49,1.267,1
34,2,0.03,22.44,22.44,47.3,16,0.38,1.5,-1
34,2,0.03,21.37,21.37,39.64,8,0.65,1.54,-1
34,2,0.03,21.99,21.99,39.21,8,0.65,1.2,0
34,2,0.03,22.54,22.54,38.81,9,0.65,1.25,0
34,2,0.03,22.92,22.92,29.08,13,0.5,1.798,0
34,2,0.03,24.95,24.95,42.11,23,0.45,1,0
34,2,0.03,23.04,23.04,45.97,16,0.511,1.723,0
34,2,0.03,23.24,23.24,42.21,17,0.511,1.05,0
34,2,0.03,23.31,23.31,43.87,16,0.69,1.4,0
34,2,0.03,23.69,23.69,47.04,18,0.45,1.25,0
34,2,0.03,23.26,23.26,57.8,26,0.37,1.615,1
34,2,0.03,23.33,23.33,58.62,26,0.37,1.15,0
46,2,0.03,23.28,23.28,53.36,30,0.32,1.35,-2
46,2,0.03,23.21,23.21,53.66,29,0.32,1.35,-1
46,2,0.03,21.44,21.44,55.15,28,0.31,1,-1
46,2,0.03,21.2,21.2,56.01,29,0.31,1.5,-1
46,2,0.03,21.82,21.82,56.51,26,0.56,1.35,-2
46,2,0.03,22.15,22.15,54.66,27,0.26,1.1,-1
46,2,0.03,22.54,22.54,55.68,27,0.31,1.6,1
46,2,0.03,22.68,22.68,54.65,32,0.31,1.45,-2
46,2,0.03,23.33,23.33,57.85,29,0.34,1.6,0
46,2,0.03,23.35,23.35,56.11,30,0.34,1,-1
46,2,0.03,23.3,23.3,55.14,31,0.34,1.5,-1
46,2,0.03,22.11,22.11,51.84,29,0.32,1.4,0
46,2,0.03,23.47,23.47,55.2,30,0.34,1.425,0
46,2,0.03,23.16,23.16,56.12,28,0.34,1.6,0
46,2,0.03,23.3,23.3,57.53,31,0.56,1.475,-2
46,2,0.03,18.94,18.94,30.82,6,0.95,1.867,-2
46,2,0.03,19.91,19.91,30.84,6,0.55,1.05,0
46,2,0.03,22.54,22.54,25.4,8,0.55,1,0
46,2,0.03,20.79,20.79,26.05,6.277778,0.77,1.05,-1
46,2,0.03,20.41,20.41,25.48,7,0.77,1.18,1
46,2,0.03,20.53,20.53,27.71,3,0.95,1.317,-2
46,2,0.03,21.65,21.65,26.04,9,0.69,1.3,0
46,2,0.03,21.63,21.63,25.5,11,0.69,1.563,0
46,2,0.03,20.58,20.58,25.83,8,0.5,1.36,0
46,2,0.03,21.08,21.08,41.87,9,1.01,1.85,0
46,2,0.03,21.77,21.77,40.46,7,0.69,1.1,-1
46,2,0.03,21.68,21.68,37.81,8,0.69,1.625,0
46,2,0.03,18.63,18.63,32.75,5,1.4,1.778,-2
46,2,0.03,21.51,21.51,30.11,9,0.55,1.4,-1
46,2,0.03,18.7,18.7,28.67,5,0.93,1.825,-2
46,2,0.03,22.11,22.11,27.6,8,0.93,1.317,-1
46,2,0.03,22.94,22.94,26.96,9,0.93,1.733,0
46,2,0.03,19.94,19.94,30.28,4,0.78,1.548,-2
46,2,0.03,23.06,23.06,27.88,9,0.78,1.375,-1
46,2,0.03,22.75,22.75,29.44,10,0.78,1.1,0
46,2,0.03,23.11,23.11,23.94,8,0.84,1.5,0
46,2,0.03,23.47,23.47,23.65,10,0.84,1.5,2
46,2,0.03,24.24,24.24,19.15,1,0.38,1.4,0
46,2,0.03,23.86,23.86,21.1,2,0.38,1.1,1
46,2,0.03,24.2,24.2,23.15,4,0.51,1.82,1
46,2,0.03,23.95,23.95,26.62,8,0.51,1.45,1
46,2,0.03,23.4,23.4,25.56,7,0.54,1.778,0
46,2,0.03,23.33,23.33,25.79,7,0.54,1.275,0
46,2,0.03,24.07,24.07,23.76,6,0.54,1.4,0
46,2,0.03,24.44,24.44,17.83,-1,0.83,1.85,-1
46,2,0.03,23.74,23.74,18.67,-1,0.83,1.583,0
46,2,0.03,24.46,24.46,16.09,-1,0.83,1.1,0
46,2,0.03,21.96,21.96,16.1,-3,0.78,1.792,0
46,2,0.03,23.59,23.59,15.9,-1,0.78,1,1
46,2,0.03,22.82,22.82,16.91,-1,0.78,1.3,0
46,2,0.03,24.48,24.48,19.44,1,0.61,1.1,2
46,2,0.03,22.92,22.92,21.38,1,0.61,1.1,0
46,2,0.03,23.59,23.59,21.39,3,0.64,1.2,0
46,2,0.03,23.42,23.42,21.52,4,0.64,1.3,-2
46,2,0.03,22.42,22.42,22.35,4,0.64,1.525,-1
46,2,0.03,23.14,23.14,17.9,0,0.79,1.79,0
46,2,0.03,22.34,22.34,18.93,2,0.79,1.35,0
46,2,0.03,23.88,23.88,17.46,3,0.79,1.5,-1
46,2,0.03,24.65,24.65,22.91,3,0.77,1.5,0
46,2,0.03,23.35,23.35,24.74,3,0.77,1.3,0
46,2,0.03,22.06,22.06,38.21,8,0.84,1.45,-1
46,2,0.03,21.7,21.7,39.57,8,0.84,1.1,0
46,2,0.03,21.72,21.72,40.65,9,0.84,1.3,0
46,2,0.03,22.42,22.42,27.79,9.444444,0.8,1.49,0
50,2,0.07,23.09,23.16,56.48,28,0.75,1.6,1
50,2,0.03,24.27,24.37,51.6,29,0.45,1.367,1
50,2,0.08,22.58,22.46,55.5,26,0.34,1.6,-1
50,2,0.05,23.52,23.57,51.44,28,0.64,1.05,0
50,2,0.04,23.54,23.64,50.9,28,0.34,1.267,-1
50,2,0.13,22.34,22.24,56.03,24,0.34,1.6,-1
50,2,0.09,23.04,22.99,53.7,27,0.34,1.45,0
50,2,0.05,23.35,23.38,52.11,27,0.36,1.05,-1
50,2,0.19,22.3,22.19,56.52,27,0.44,1.6,-1
50,2,0.02,23.26,23.28,54.2,31,0.74,1.05,-1
50,2,0.04,24.03,24.03,52.45,33,0.44,1.267,-1
50,2,0.08,23.09,23.09,59.13,28,0.24,1.6,-1
50,2,0.03,23.88,23.93,57.68,32,0.24,1.7,1
50,2,0.03,24.7,24.73,55.38,33,0.24,1.35,1
50,2,0.05,24.12,24.17,57.35,29,0.34,1.6,-1
50,2,0.02,24.1,24.17,54.91,30,0.34,1.7,0
50,2,0.04,24.58,24.53,51.96,31,0.34,1.9,1
50,2,0.13,22.73,22.6,48.29,26,0.34,1.6,-1
50,2,0.04,23.11,23.09,48.4,28,0.44,1.6,-1
50,2,0.05,23.54,23.5,48.56,29,0.44,1.58,0
50,2,0.06,22.94,22.94,57.14,27,0.56,1.5,0
50,2,0.04,23.74,23.79,53.39,31,0.34,2,1
50,2,0.04,24.1,24.22,52.18,31,0.34,1.05,0
50,2,0.03,23.23,23.16,58.66,29,0.49,1.5,0
50,2,0.04,24,24.03,56.02,32,0.49,1.475,1
50,2,0.12,24.97,24.94,54.44,33,0.49,1.6,1
50,2,0.04,23.52,23.47,60.68,26,0.24,1.483,0
50,2,0.04,23.71,23.81,57.28,23,0.24,1.05,-1
50,2,0.05,23.59,23.74,56.27,26,0.52,1.5,-2
50,2,0.03,24.36,24.34,60.62,25,0.52,1.2,1
50,2,0.03,24.53,24.46,42.23,21,0.73,1.325,1
50,2,0.1,23.47,23.45,42.01,21,0.73,1.36,2
50,2,0.03,21.77,21.35,28.75,4,0.99,1.48,-1
50,2,0.09,22.97,22.84,27.36,6,0.99,1.3,0
50,2,0.02,23.11,22.96,27,8,0.99,1.4,0
50,2,0.07,22.25,22.1,24.01,3,0.59,1.4,-1
50,2,0.02,23.4,23.2,23.3,7,0.57,1.517,1
50,2,0.02,23.66,23.54,23.05,7,0.57,1.471,1
50,2,0.12,22.37,22.11,23.3,4,0.99,1.513,-1
50,2,0.03,22.99,22.84,26.14,2,0.99,1.571,1
50,2,0.03,23.38,23.25,26.27,2,0.99,1.167,1
50,2,0.06,23.21,22.86,23.5,6,0.61,1.583,0
50,2,0.02,23.86,23.83,23.99,9,0.61,1.25,0
50,2,0.05,24.17,24.17,23.94,11,0.61,1.15,0
50,2,0.05,23.26,22.93,23.23,7,1.08,1.6,-1
50,2,0.03,23.86,23.76,23.95,10,1.08,1.325,1
50,2,0.02,23.76,23.64,36.01,8,0.69,1.583,1
50,2,0.03,23.88,23.78,35.69,8,0.59,1.4,1
50,2,0.07,22.11,21.86,27.57,5,0.72,1.657,0
50,2,0.03,23.59,23.52,28.36,7.944444,0.72,1.5,1
50,2,0.02,24.27,24.17,27.63,9,0.62,1.514,2
50,2,0.1,22.87,22.59,25.52,5,0.94,1.614,1
50,2,0.02,23.66,23.57,26.19,8,0.94,1.371,1
50,2,0.03,24.22,24.14,26.27,9,0.94,1.583,1
50,2,0.11,23.14,22.93,24.79,6,0.84,1.614,0
50,2,0.03,23.26,23.18,25.69,8,0.84,1.42,0
50,2,0.03,24.05,24.03,24.86,9,0.66,1.514,1
50,2,0.03,23.04,22.99,25.74,4,0.69,1.45,0
50,2,0.03,23.93,23.68,26.14,9,0.69,1.25,0
50,2,0.07,25.45,25.22,26.26,10,0.69,1.2,1
50,2,0.02,23.21,22.96,25.58,6,0.73,1.633,1
50,2,0.1,25.38,25.17,22.26,10,0.73,1.3,1
50,2,0.02,24.24,24.19,16.53,-1,0.81,1.62,2
50,2,0.08,25.55,25.5,18.24,1,0.81,1.2,0
50,2,0.11,24.12,23.99,21.25,2,0.81,1.5,0
50,2,0.03,25.23,25.03,30.99,12,0.54,1.583,1
50,2,0.02,23.23,23.18,26.57,7,0.69,1.66,2
50,2,0.02,24.41,24.29,25.57,7,0.69,1.567,1
50,2,0.03,24.82,24.85,22.09,6,0.69,1.467,2
50,2,0.02,23.33,23.2,20.82,-1,0.66,1.633,-1
50,2,0.03,23.98,23.9,19.2,-1,0.66,1.478,-1
50,2,0.03,24,23.98,19.17,-1.222222,0.66,1.1,0
50,2,0.16,21.65,21.44,17.06,-3,0.8,1.822,-1
50,2,0.03,23.02,22.92,17.55,-2,0.8,1.2,0
50,2,0.02,23.38,23.28,17.78,-1,0.8,1.433,1
50,2,0.02,22.23,22.08,20,0,0.85,1.557,-1
50,2,0.06,23.26,23.08,21.13,1,0.85,1.2,0
50,2,0.09,23.59,23.36,21.18,1,0.85,1.433,0
50,2,0.06,22.39,22.22,23.03,1,0.8,1.6,0
50,2,0.15,23.47,23.26,22.21,4,0.8,1.433,-1
50,2,0.1,24.12,23.92,20.94,4,0.8,1.514,2
50,2,0.1,22.34,22.14,18.97,-1,0.79,1.614,-1
50,2,0.06,23.42,23.22,18.34,2,0.69,1.25,1
50,2,0.05,23.86,23.66,18.08,3,0.69,1.5,-1
50,2,0.14,22.94,22.71,22.66,3,0.75,1.583,-1
50,2,0.02,23.42,23.18,23.82,3,0.75,1.571,2
50,2,0.02,24.51,24.38,39.38,22,0.5,1.567,0
50,2,0.07,26.5,26.55,34.33,28,0.4,1.275,2
50,2,0.04,25.48,25.38,39.09,24,0.38,1.55,0
50,2,0.03,25.57,25.55,41.66,31,0.38,1.583,0
50,2,0.06,26.7,26.8,40.6,31,0.38,1.42,2
50,2,0.03,24.92,24.77,49.28,21,0.61,1.514,1
50,2,0.03,23.33,23.33,51.54,21,0.63,1.4,0
50,2,0.05,22.75,23.05,47.21,16,0.63,1.42,0
50,2,0.03,22.75,22.63,30.31,13,0.9,1.579,0
50,2,0.02,23.57,23.57,30.75,13.611111,0.9,1.311,0
50,2,0.02,24.1,24.05,37.76,21,0.68,1.2,1
50,2,0.06,26.23,26.1,39.56,22,0.58,1.383,2
50,2,0.02,22.9,22.92,46.56,16,0.48,1.517,-2
50,2,0.03,23.23,23.36,43.22,17,0.48,1.42,-2
50,2,0.03,24.12,24.2,40.45,21,0.48,1.514,1
50,2,0.02,23.18,23.26,43.6,16,0.64,1.175,-1
50,2,0.04,23.93,23.9,45.11,18,0.44,1.333,0
50,2,0.05,23.57,23.57,54.34,23,0.71,1.175,0
50,2,0.03,23.54,23.54,58.22,26,0.46,1.4,1
50,2,0.03,21.34,21.17,29.56,10,1.06,1.55,-1
50,2,0.06,22.85,22.85,28.64,12,1.06,1.4,-1
50,2,0.07,23.4,23.35,28.07,11,1.06,1.275,0
29,1,0.03,23.68,23.68,55.63,27,0.43,4,-1
29,1,0.03,23.97,23.97,55.63,30,0.43,1.267,-2
29,1,0.03,23.38,23.38,55.63,29,0.43,1.05,-1
29,1,0.03,23.97,23.97,55.63,26,0.43,4,1
29,1,0.03,23.46,23.46,55.63,28,0.43,1.267,-2
29,1,0.03,23.46,23.46,55.63,29,0.43,1.05,0
29,1,0.03,24.41,24.41,55.63,27,0.43,4,1
29,1,0.03,23.68,23.68,55.63,31,0.43,1.367,0
29,1,0.03,23.6,23.6,55.63,32,0.43,1,-2
29,1,0.03,23.97,23.97,55.63,28,0.34,4,0
29,1,0.03,24.41,24.41,55.63,32,0.34,2,1
29,1,0.03,24.41,24.41,55.63,33,0.34,1.05,-1
29,1,0.03,24.85,24.85,55.63,29,0.43,4,1
29,1,0.03,24.56,24.56,55.63,30,0.36,1.267,1
29,1,0.03,23.9,23.9,55.63,32,0.43,1.05,-1
29,1,0.03,23.6,23.6,55.63,26,0.43,4,0
29,1,0.03,23.68,23.68,55.63,28,0.43,1.05,0
29,1,0.03,23.97,23.97,55.63,28,0.43,4,0
29,1,0.03,25,25,55.63,31,0.43,1,0
29,1,0.03,24.26,24.26,55.63,32,0.43,1.15,0
29,1,0.03,23.38,23.38,55.63,26,0.43,4,0
29,1,0.03,23.31,23.31,55.63,26,0.43,1.05,0
29,1,0.03,25.15,25.15,55.63,24,0.36,1.05,0
29,1,0.03,23.31,23.31,55.63,26,0.36,1.05,-1
29,1,0.03,24.41,24.41,55.63,25,0.36,1.05,0
29,1,0.03,25.44,25.44,55.63,19,0.56,1.05,0
29,1,0.03,24.85,24.85,55.63,21,0.56,1.05,0
29,1,0.03,23.38,23.38,55.63,21,0.56,1.5,0
29,1,0.03,21.61,21.61,30.45,6,0.59,1.1,-1
29,1,0.03,20.43,20.43,30.45,3,0.5,1.1,0
29,1,0.03,21.61,21.61,30.45,7,0.5,1.1,0
29,1,0.03,22.06,22.06,30.45,7,0.5,1.1,-1
29,1,0.03,21.69,21.69,30.45,3,0.8,1.1,0
29,1,0.03,22.2,22.2,30.45,3,0.8,1.1,0
29,1,0.03,22.5,22.5,30.45,9,0.9,1.1,0
29,1,0.03,22.79,22.79,30.45,8,0.91,1.1,0
29,1,0.03,23.6,23.6,30.45,11,0.91,1.1,0
29,1,0.03,23.6,23.6,30.45,13,0.91,1.1,0
29,1,0.03,23.97,23.97,30.45,18,0.42,1.1,0
29,1,0.03,24.41,24.41,30.45,21,0.42,1.1,0
29,1,0.03,23.38,23.38,30.45,20,0.42,1.1,-1
29,1,0.03,20.73,20.73,30.45,5,0.76,1.1,1
29,1,0.03,23.09,23.09,30.45,9,0.76,1.1,0
29,1,0.03,23.24,23.24,30.45,8,0.76,1.1,0
29,1,0.03,21.47,21.47,30.45,5,0.51,1.1,0
29,1,0.03,22.79,22.79,30.45,8,0.51,1.1,-1
29,1,0.03,23.31,23.31,30.45,8,0.51,1.1,0
29,1,0.03,21.61,21.61,22.36,4,0.49,1.1,0
29,1,0.03,23.09,23.09,22.36,9,0.47,1.1,0
29,1,0.03,23.68,23.68,22.36,10,0.47,1.1,0
29,1,0.03,22.2,22.2,22.36,6,0.76,1.1,0
29,1,0.03,23.68,23.68,22.36,8,0.72,1.1,0
29,1,0.03,23.38,23.38,22.36,9,0.74,1.1,0
29,1,0.03,20.73,20.73,22.36,-1,0.74,1.1,0
29,1,0.03,22.79,22.79,22.36,1,0.49,1.1,0
29,1,0.03,22.65,22.65,22.36,2,0.78,1.1,-1
29,1,0.03,23.09,23.09,22.36,4,0.74,3.95,0
29,1,0.03,23.68,23.68,22.36,8,0.55,1.1,0
29,1,0.03,23.68,23.68,22.36,12,0.51,1.1,0
29,1,0.03,23.09,23.09,22.36,7,0.49,1.1,0
29,1,0.03,23.68,23.68,22.36,7,0.51,1.1,0
29,1,0.03,23.6,23.6,22.36,6,0.53,1.1,0
29,1,0.03,21.17,21.17,22.36,1,0.91,1.1,0
29,1,0.03,22.42,22.42,22.36,4,0.74,1.1,0
29,1,0.03,22.87,22.87,22.36,3.388889,0.74,1.1,0
29,1,0.03,21.02,21.02,22.36,-1,0.74,1.1,0
29,1,0.03,22.2,22.2,22.36,2,0.74,1.1,0
29,1,0.03,21.61,21.61,22.36,3,0.49,1.1,0
29,1,0.03,22.79,22.79,22.36,3,0.49,1.1,0
29,1,0.03,24.44,24.44,29.92,14,0.51,1.1,0
29,1,0.03,24.51,24.51,25.23,12,0.51,1.1,0
29,1,0.03,23.48,23.48,19.8,6,0.84,1.1,0
29,1,0.03,24.92,24.92,18,7,0.84,1.1,0
29,1,0.03,24.37,24.37,16.85,6,0.68,1.1,0
29,1,0.03,25.56,25.56,15.72,8,0.68,1.1,0
29,1,0.03,23.26,23.26,15.75,4,0.49,1.1,0
29,1,0.03,24.49,24.49,16.19,8,0.49,1.55,0
29,1,0.03,25.34,25.34,16.76,10,0.49,1.1,0
29,1,0.03,23.72,23.72,21.02,8,0.49,1.1,0
29,1,0.03,24.08,24.08,25.47,11,0.46,1.1,0
29,1,0.03,24.13,24.13,28.13,9,0.51,1.1,0
29,1,0.03,24.44,24.44,28.77,9,0.51,1.1,0
29,1,0.03,24.76,24.76,22.74,14,0.49,1.1,0
29,1,0.03,24.44,24.44,22.34,14,0.57,3,0
57,2,0.04,23.71,23.81,54.3,27,0.34,1.548,1
57,2,0.04,24.07,24.62,51.99,30,0.34,1.267,0
57,2,0.05,23.23,24.28,52.03,28,0.29,1.25,-1
57,2,0.04,22.61,24.23,53.67,29,0.29,1.05,-2
57,2,0.05,22.78,24.68,52.69,29,0.59,1.05,-2
57,2,0.03,23.02,23.04,54.57,24,0.29,1.548,2
57,2,0.02,23.47,24.36,52.03,26,0.29,1.1,0
57,2,0.05,23.3,24.4,51.76,27,0.59,1.05,-2
57,2,0.06,22.97,23.8,57.27,27,0.29,1.548,2
57,2,0.03,23.35,24.79,54.24,31,0.29,1.05,0
57,2,0.07,23.09,25.36,55.83,32,0.29,1.267,1
57,2,0.02,23.26,23.13,46.89,26,0.29,1.548,2
57,2,0.04,23.4,24.15,47.64,28,0.29,1.267,1
57,2,0.04,23.4,24.4,48.86,29,0.29,1.05,-2
57,2,0.03,23.33,23.33,57.66,27,0.29,1.477,2
57,2,0.02,23.18,24.74,57.14,31,0.29,1.267,0
57,2,0.04,23.74,24.56,53.89,30,0.29,1.267,0
57,2,0.04,23.47,23.42,57.56,28,0.29,1.383,1
57,2,0.03,24.41,25.96,55.86,32,0.29,1.05,0
57,2,0.05,24.15,24.95,55.42,26,0.29,1.05,0
57,2,0.03,23.66,24.78,54.51,28,0.29,1.05,0
57,2,0.03,23.54,23.67,55.96,26,0.35,1.1,1
57,2,0.04,24.65,25.76,42.02,21,0.29,1.25,0
57,2,0.03,23.76,25.36,39.27,21,0.29,1.425,-1
57,2,0.03,21.32,22.58,44.19,8,0.54,1,0
57,2,0.02,22.11,23.58,39.88,9,0.54,1.375,0
57,2,0.03,22.63,23.97,34.97,10,0.54,1.14,-1
57,2,0.05,21.32,22.24,37.48,9,0.29,1.5,1
57,2,0.02,22.9,24.57,35.33,11,0.29,1.025,-1
57,2,0.03,23.3,24.29,32.04,10,0.29,1.05,-1
57,2,0.03,21.58,22.07,35.33,8,0.29,1,1
57,2,0.03,22.82,24.61,33.73,10,0.54,1.4,-1
57,2,0.02,22.34,24.05,35.08,10,0.54,1.171,0
57,2,0.03,20.7,21.68,29.81,4,0.54,1,0
57,2,0.06,23.21,24.06,27.99,6,0.54,1.55,0
57,2,0.02,23.28,24.37,26.1,7,0.54,1.05,1
57,2,0.02,21.34,22.42,25.31,3,0.54,1.8,0
57,2,0.03,21.72,24.09,25.85,6.277778,0.54,1.3,-1
57,2,0.03,22.82,24.56,24.87,7,0.54,1.225,1
57,2,0.03,20.67,22.39,25.57,4,0.54,1.4,1
57,2,0.04,22.63,24.1,25,3,0.21,1.78,-1
57,2,0.02,23.3,24.66,27.12,3,0.54,1.4,-1
57,2,0.03,21.39,22.52,26.63,6,0.54,1.1,0
57,2,0.06,23.21,24.54,25.14,9,0.54,1.367,0
57,2,0.08,23.71,25.12,24.08,10,0.54,1.1,0
57,2,0.03,22.11,22.72,24.41,8,0.29,1.35,1
57,2,0.02,23.09,24.79,25.57,11,0.29,1.808,2
57,2,0.03,23.64,25.46,42.62,21,0.29,1.05,1
57,2,0.03,22.51,23.25,41.97,21,0.29,1.25,0
57,2,0.03,22.54,23.43,42.36,20,0.29,1.033,-1
57,2,0.04,22.08,22.4,43.6,7,0.54,1,0
57,2,0.04,23.16,24.18,38.98,7,0.54,1,0
57,2,0.02,23.83,24.9,34.39,9,0.54,1.05,0
57,2,0.02,22.34,25.28,29.1,9,0.601,1.286,0
57,2,0.02,23.95,25.77,28.59,10,0.601,1.25,0
57,2,0.03,22.78,23.52,26.81,6,0.601,1,0
57,2,0.04,23.83,24.83,23.81,8,0.601,1.4,0
57,2,0.03,23.62,25.56,24.79,10,0.351,1.7,1
57,2,0.05,22.61,24.26,18.91,-1,0.291,1.4,1
57,2,0.03,23.57,26.49,19.94,1,0.291,1.05,0
57,2,0.02,24.1,25.34,22.04,2,0.291,1.2,0
57,2,0.02,23.71,24.18,23.74,4,0.351,1,1
57,2,0.02,23.95,26.04,26.42,9,0.351,1.05,0
57,2,0.02,25.06,26.46,27.12,12,0.351,1.05,0
57,2,0.03,24.2,24.59,30.87,12,0.601,1,0
57,2,0.03,22.82,22.55,26.06,7,0.351,1.05,0
57,2,0.04,24.12,24.9,25.68,8,0.351,1.45,1
57,2,0.02,24.99,25.89,23.45,6,0.351,1.2,0
57,2,0.06,22.44,22.82,21.53,-1,0.351,1.05,0
57,2,0.02,24.1,24.74,20.04,-1,0.351,1.2,0
57,2,0.02,23.74,24.98,19.78,-1,0.351,1.05,0
57,2,0.02,22.66,24.36,20.3,0,0.601,1.05,0
57,2,0.04,21.8,22.44,21,0,0.351,1.1,0
57,2,0.05,21.96,24.27,22.11,1,0.68,1.1,0
57,2,0.03,23.38,24.62,22.41,1,0.68,1.1,0
57,2,0.03,22.01,22.45,23.01,1,0.601,1.05,0
57,2,0.02,23.18,24.57,25.54,4,0.601,1.05,0
57,2,0.02,23.16,25.26,22.67,3.388889,0.601,1.05,0
57,2,0.03,22.37,23.11,19.39,-1,0.351,1,0
57,2,0.06,22.44,24.75,21.11,3,0.351,1.075,0
57,2,0.06,22.51,23.62,22.83,3,0.601,1.3,0
57,2,0.02,23.23,24.37,25.48,3,0.351,1.32,1
57,2,0.03,24.48,23.94,46.59,19,0.321,1.625,1
57,2,0.03,23.74,23.71,44.64,16,0.321,1.15,-1
57,2,0.05,22.32,22.35,38.95,8,0.321,1,-1
57,2,0.05,22.87,23.7,38.29,8,0.321,1.643,-1
57,2,0.02,23.81,24.65,37.27,9,0.321,1.7,1
57,2,0.05,23.5,23.9,27.2,9.444444,0.291,1,0
57,2,0.04,24.44,25.74,27.82,13,0.291,1.05,1
57,2,0.02,24.8,25.79,32.17,14,0.291,1,0
57,2,0.06,24.63,26.15,36.02,21,0.291,1.2,1
57,2,0.06,25.91,27.37,40.58,22,0.291,1.05,1
57,2,0.08,23.62,23.77,41.05,18,0.541,1,0
57,2,0.04,24.56,25.96,39.45,21,0.291,1.125,0
57,2,0.02,23.4,24.88,42.78,16,0.291,1.4,1
57,2,0.04,24.68,25.93,43.38,18,0.291,1.05,0
57,2,0.03,23.4,24.76,47.93,19,0.291,1.7,2
57,2,0.03,24.34,25.09,54.23,26,0.291,1.75,1
57,2,0.02,24.7,25.25,54.12,25,0.291,1.3,1
57,2,0.03,22.18,23.19,28.45,10,0.291,1,0
57,2,0.03,23.33,24.59,27.42,11,0.291,1,0
57,2,0.05,24.2,25.48,27.12,11,0.291,1.05,1
57,2,0.05,22.85,23.72,33.1,13,0.291,1,0
57,2,0.07,25.55,26.01,38.53,22,0.291,1,1
23,2,0.03,23.71,23.27,55.61,24,0.59,1.6,-1
23,2,0.03,23.78,23.51,52.99,29,0.59,1.44,0
23,2,0.03,24.07,23.93,53.88,28,0.59,1.3,0
23,2,0.03,23.09,22.77,54.8,24,0.51,4,0
23,2,0.03,24.03,23.8,52.77,28,0.59,1.267,-1
23,2,0.03,24.07,23.88,52.15,29,0.59,1.05,0
23,2,0.03,22.99,22.6,55.66,24,0.59,1.6,0
23,2,0.03,23.52,23.32,52.7,27,0.59,1.1,0
23,2,0.03,22.68,22.41,55.98,26,0.62,1.6,0
23,2,0.03,23.78,23.59,58.04,28,0.59,1.6,0
23,2,0.03,24.03,23.93,58.35,32,0.59,1.05,0
23,2,0.03,24.03,23.8,58.57,28,0.47,1.6,0
23,2,0.03,23.57,23.44,57.14,30,0.47,1,0
23,2,0.03,23.76,23.54,54.62,32,0.39,1.05,0
23,2,0.03,23.4,23.2,49.52,29,0.56,1.1,0
23,2,0.03,23.28,23.06,50.14,29,0.56,1.1,-1
23,2,0.03,23.76,23.46,56.2,27,0.49,1.277,-2
23,2,0.03,23.52,23.25,56.23,31,0.49,1.05,-1
23,2,0.03,23.57,23.35,53.55,30,0.47,1.05,0
23,2,0.03,23.35,23.13,58.87,26,0.63,1.6,0
23,2,0.03,24.36,24.17,55.51,32,0.63,1.167,-1
23,2,0.03,24.44,24.09,55.21,27,0.48,1.583,0
23,2,0.03,22.49,22.29,35.92,10,0.87,1.1,0
23,2,0.03,22.49,22.32,36.34,11,0.91,1.163,0
23,2,0.03,22.97,22.67,34.27,10,0.91,1.1,2
23,2,0.03,23.23,22.94,34.36,10,0.94,1.125,2
23,2,0.03,22.3,22.15,28.32,6,1.13,1.033,0
23,2,0.03,22.73,22.56,26.8,6,1.13,1.033,0
23,2,0.03,21.53,21.16,23.66,3,1.12,1.45,1
23,2,0.03,21.99,21.74,25.05,6.277778,1.12,1.1,1
23,2,0.03,23.04,22.87,22.04,5,1.18,1.6,-1
23,2,0.03,22.78,22.6,36.83,9,0.68,1.833,-1
23,2,0.03,23.23,22.91,38.36,7,0.94,1.2,0
23,2,0.03,23.71,23.54,35.74,9,0.94,1.14,0
23,2,0.03,23.21,23.01,24.86,6,0.83,1.575,-2
23,2,0.03,23.93,23.66,23.58,10,0.83,1.05,1
23,2,0.03,24.07,23.78,23.8,10,0.83,1.2,0
23,2,0.03,22.54,22.31,18.36,-1,1,1.808,0
23,2,0.03,25.02,24.69,19.82,2,1,1.05,0
23,2,0.03,24.46,24.06,20.93,2,1,1.18,0
23,2,0.03,23.95,23.68,22.52,4,0.98,1.825,0
23,2,0.03,24.7,24.48,25.18,8,0.98,1.15,0
23,2,0.03,24.51,24.11,27.21,8,0.89,1.625,0
23,2,0.03,24.73,24.53,24.15,6,0.89,1.06,0
23,2,0.03,23.74,23.51,20.43,-1,0.86,1.715,0
23,2,0.03,24.29,24.02,18.04,-1,0.86,1.025,0
23,2,0.03,22.94,22.67,17.27,-2,0.68,1.025,0
23,2,0.03,23.64,23.32,17.23,0,0.68,1.05,1
23,2,0.03,22.34,22,19.73,-1,1.06,1.65,-1
23,2,0.03,23.3,23.18,22.54,1,1.06,1.16,0
23,2,0.03,22.94,22.57,23.96,3,0.89,1.5,0
23,2,0.03,23.88,23.49,23.2,3,0.89,1,-1
23,2,0.03,22.82,22.6,28.2,8,0.79,1.625,0
23,2,0.03,23.88,23.49,55.35,26,0.45,1.025,0
23,2,0.03,23.9,23.46,56.82,25,0.45,1.3,0
51,2,0.03,23.17,23.17,55.63,27,0.36,1.6,0
51,2,0.03,23.42,23.42,55.63,30,0.66,1.05,-2
51,2,0.03,23.12,23.12,55.63,27,0.46,1.6,-2
51,2,0.03,23.17,23.17,55.63,28,0.76,1.267,-2
51,2,0.03,23.07,23.07,55.63,29,0.66,1.25,-2
51,2,0.03,22.98,22.98,55.63,24,0.46,1.6,0
51,2,0.03,22.93,22.93,55.63,26,0.74,1.25,-1
51,2,0.03,22.93,22.93,55.63,27,0.74,1.4,-1
51,2,0.03,23.37,23.37,55.63,28,0.35,1.548,-2
51,2,0.03,23.37,23.37,55.63,31,0.65,1.25,-1
51,2,0.03,23.37,23.37,55.63,32,0.65,1.24,0
51,2,0.03,23.47,23.47,55.63,28,0.29,1.6,0
51,2,0.03,23.97,23.97,55.63,32,0.59,1.25,-1
51,2,0.03,24.17,24.17,55.63,28,0.34,1.6,0
51,2,0.03,24.36,24.36,55.63,30,0.64,1.05,-2
51,2,0.03,23.77,23.77,55.63,32,0.34,1.367,0
51,2,0.03,23.17,23.17,55.63,26,0.34,1.6,0
51,2,0.03,23.57,23.57,55.63,28,0.69,1.1,-2
51,2,0.03,23.17,23.17,55.63,29,0.69,1.15,-2
51,2,0.03,23.57,23.57,55.63,27,0.47,1.6,0
51,2,0.03,23.97,23.97,55.63,30,0.47,1.367,-2
51,2,0.03,23.97,23.97,55.63,31,0.47,1.05,-2
51,2,0.03,23.42,23.42,55.63,30,0.47,1.05,0
51,2,0.03,23.92,23.92,55.63,28,0.38,1.475,0
51,2,0.03,24.36,24.36,55.63,31,0.38,1.1,-2
51,2,0.03,23.97,23.97,55.63,32,0.38,1.367,0
51,2,0.03,23.47,23.47,55.63,26,0.29,1.6,0
51,2,0.03,23.12,23.12,55.63,26,0.64,1.05,-2
51,2,0.03,23.07,23.07,55.63,28,0.29,1.367,0
51,2,0.03,24.27,24.27,55.63,24,0.28,1.73,1
51,2,0.03,23.02,23.02,55.63,26,0.28,1.35,-1
51,2,0.03,23.87,23.87,55.63,25,0.28,1.3,1
51,2,0.03,24.12,24.12,55.63,21,0.49,1.05,-1
51,2,0.03,22.58,22.58,55.63,21,0.49,1.275,-2
51,2,0.03,21.18,21.18,30.45,8,0.69,1.615,-1
51,2,0.03,21.88,21.88,30.45,9,0.63,1.225,-2
51,2,0.03,21.98,21.98,30.45,10,0.69,1,0
51,2,0.03,21.23,21.23,30.45,9,0.81,1.825,1
51,2,0.03,22.13,22.13,30.45,11,0.81,1.175,0
51,2,0.03,22.33,22.33,30.45,10,0.81,1.625,1
51,2,0.03,21.48,21.48,30.45,8,0.79,1.867,0
51,2,0.03,22.18,22.18,30.45,10,0.79,1.05,-2
51,2,0.03,22.38,22.38,30.45,9,0.79,1.375,1
51,2,0.03,21.88,21.88,30.45,12,0.48,1.9,0
51,2,0.03,21.98,21.98,30.45,8,0.98,1.66,1
51,2,0.03,22.28,22.28,30.45,7,0.98,1.025,-2
51,2,0.03,22.58,22.58,30.45,9,0.44,1.2,2
51,2,0.03,20.78,20.78,30.45,5,0.94,1.9,2
51,2,0.03,21.98,21.98,30.45,7.944444,0.94,1.2,0
51,2,0.03,22.73,22.73,30.45,8,0.94,1.175,1
51,2,0.03,20.68,20.68,30.45,5,1.48,1.65,1
51,2,0.03,22.03,22.03,30.45,8,1.48,1.275,0
51,2,0.03,22.58,22.58,30.45,8,1.48,1.625,0
51,2,0.03,20.78,20.78,30.45,4.944444,0.95,1.54,0
51,2,0.03,21.73,21.73,30.45,8,0.95,1.4,-1
51,2,0.03,22.23,22.23,30.45,9,0.92,1.175,0
51,2,0.03,20.68,20.68,30.45,6,0.74,1.583,-1
51,2,0.03,21.78,21.78,30.45,9,0.74,1.175,-2
51,2,0.03,22.33,22.33,30.45,11,0.66,1.25,1
51,2,0.03,21.38,21.38,30.45,6,0.93,1.65,1
51,2,0.03,22.68,22.68,30.45,10,0.93,1.275,-1
51,2,0.03,23.07,23.07,30.45,11,0.93,1.6,1
51,2,0.03,21.33,21.33,22.36,4,0.93,1.767,0
51,2,0.03,22.18,22.18,22.36,9,0.93,1.175,0
51,2,0.03,22.78,22.78,22.36,10,0.93,1.275,0
51,2,0.03,21.58,21.58,22.36,6,0.61,1.867,0
51,2,0.03,22.73,22.73,22.36,8,1.05,1,-2
51,2,0.03,22.98,22.98,22.36,10,1.05,1.75,0
51,2,0.03,21.38,21.38,22.36,1,0.93,1.85,1
51,2,0.03,22.18,22.18,22.36,1,0.93,1.15,-1
51,2,0.03,21.73,21.73,22.36,2,0.79,1.075,1
51,2,0.03,21.93,21.93,22.36,4,0.94,1.9,1
51,2,0.03,22.78,22.78,22.36,8,0.94,1.05,1
51,2,0.03,23.12,23.12,22.36,12,1.08,1.3,1
51,2,0.03,22.58,22.58,22.36,12,0.66,1.9,0
51,2,0.03,21.98,21.98,22.36,7,0.79,1.833,0
51,2,0.03,22.78,22.78,22.36,7,0.79,1.05,1
51,2,0.03,23.07,23.07,22.36,6,0.84,1.2,0
51,2,0.03,21.18,21.18,22.36,-2,0.99,1.833,1
51,2,0.03,21.58,21.58,22.36,-1,0.99,1.2,1
51,2,0.03,21.63,21.63,22.36,-1,0.99,1.5,0
51,2,0.03,20.28,20.28,22.36,-3,0.99,1.65,1
51,2,0.03,21.08,21.08,22.36,-2,0.99,1.275,2
51,2,0.03,21.48,21.48,22.36,0,0.99,1,0
51,2,0.03,20.78,20.78,22.36,0,0.98,1.772,1
51,2,0.03,21.38,21.38,22.36,2,0.98,1.15,1
51,2,0.03,21.53,21.53,22.36,3,0.98,1.2,0
51,2,0.03,21.08,21.08,22.36,3,0.89,1.65,0
51,2,0.03,21.48,21.48,22.36,3,0.89,1.175,0
51,2,0.03,21.78,21.78,22.36,3,0.89,1.05,0
51,2,0.03,25.06,25.06,38.18,22,0.51,1.867,1
51,2,0.03,25.36,25.36,36.49,27.166667,0.59,1.067,1
51,2,0.03,25.16,25.16,34.32,29,0.59,1.233,1
51,2,0.03,24.91,24.91,38.24,24,0.52,1.933,0
51,2,0.03,25.46,25.46,40.08,30,0.52,1.167,0
51,2,0.03,25.31,25.31,41.62,31,0.52,1.475,0
51,2,0.03,24.96,24.96,48.64,21,0.46,1.9,1
51,2,0.03,23.97,23.97,50.84,21,0.94,1.05,-1
51,2,0.03,23.17,23.17,47.49,16,0.94,1.2,0
51,2,0.03,21.98,21.98,39.42,8,0.88,1.867,1
51,2,0.03,21.98,21.98,38.74,8,0.88,1.375,1
51,2,0.03,22.28,22.28,38.66,9,0.88,1.175,1
51,2,0.03,22.38,22.38,27.64,9.444444,0.63,1.65,0
51,2,0.03,22.78,22.78,27.58,12,0.63,1.05,0
51,2,0.03,23.37,23.37,29.36,13.611111,0.64,1.05,1
51,2,0.03,23.97,23.97,36.64,21,0.58,1.1,1
51,2,0.03,24.46,24.46,40.58,23,0.58,1.05,1
51,2,0.03,23.07,23.07,47.13,16,0.57,1.833,0
51,2,0.03,23.32,23.32,42.05,17,0.57,1.067,0
51,2,0.03,23.77,23.77,39.82,21,0.65,1.367,0
51,2,0.03,23.12,23.12,43.06,16,0.84,1.1,1
51,2,0.03,23.57,23.57,44.83,18,0.84,1.175,1
51,2,0.03,23.07,23.07,45.89,19,0.65,1.9,2
51,2,0.03,23.77,23.77,54.19,26,0.65,1.5,1
51,2,0.03,23.77,23.77,55.9,25,0.65,1.033,0
51,2,0.03,22.73,22.73,27.84,10,0.96,1.777,0
51,2,0.03,23.17,23.17,27.36,11,0.96,1.5,1
51,2,0.03,23.37,23.37,27.63,11,0.96,1.075,0
30,2,0.03,24.54,24.54,55.63,27,0.64,1.983,-1
30,2,0.03,24.92,24.92,55.63,30,0.76,1.267,-2
30,2,0.03,24.21,24.21,55.63,24,0.81,1.983,0
30,2,0.03,24.54,24.54,55.63,28,0.81,1.267,-2
30,2,0.03,24.41,24.41,55.63,29,0.81,1.267,-2
30,2,0.03,24.28,24.28,55.63,24,0.71,1.983,0
30,2,0.03,24.21,24.21,55.63,26,0.81,1.35,-2
30,2,0.03,24.28,24.28,55.63,27,0.46,1.267,-2
30,2,0.03,24.41,24.41,55.63,27,0.71,1.983,-1
30,2,0.03,24.79,24.79,55.63,31,0.71,1.267,-2
30,2,0.03,24.73,24.73,55.63,33,0.71,1.267,-2
30,2,0.03,24.92,24.92,55.63,28,0.86,1.983,-1
30,2,0.03,25.57,25.57,55.63,32,0.86,1.267,1
30,2,0.03,25.57,25.57,55.63,33,0.78,1.45,1
30,2,0.03,25.51,25.51,55.63,28,0.76,1.983,1
30,2,0.03,25.83,25.83,55.63,30,0.76,1.25,-1
30,2,0.03,25.44,25.44,55.63,31,0.76,1.45,0
30,2,0.03,24.41,24.41,55.63,26,0.76,1.983,0
30,2,0.03,24.6,24.6,55.63,28,0.76,1.267,-2
30,2,0.03,24.54,24.54,55.63,29,0.76,1.267,-2
30,2,0.03,24.79,24.79,55.63,27,0.81,1.983,1
30,2,0.03,25.18,25.18,55.63,30,0.81,1.267,-2
30,2,0.03,25.25,25.25,55.63,31,0.81,1.267,-1
30,2,0.03,24.79,24.79,55.63,30,0.81,1.267,-1
30,2,0.03,24.99,24.99,55.63,28,0.71,1.983,0
30,2,0.03,25.57,25.57,55.63,32,0.71,1.45,0
30,2,0.03,25.51,25.51,55.63,33,0.71,1.267,0
30,2,0.03,25.18,25.18,55.63,26,0.46,1.983,1
30,2,0.03,24.79,24.79,55.63,26,0.46,1.05,-2
30,2,0.03,24.54,24.54,55.63,26,0.46,1.25,-1
30,2,0.03,25.76,25.76,55.63,24,0.57,1.62,2
30,2,0.03,24.54,24.54,55.63,26,0.58,1.05,-2
30,2,0.03,25.05,25.05,55.63,25,0.58,1.057,-1
30,2,0.03,25.83,25.83,55.63,21,0.56,1.033,-1
30,2,0.03,24.02,24.02,55.63,21,0.56,1.057,-2
30,2,0.03,22.46,22.46,30.45,8,0.68,1.483,-1
30,2,0.03,23.31,23.31,30.45,9,0.68,1.067,-2
30,2,0.03,23.44,23.44,30.45,10,0.68,1.05,-2
30,2,0.03,22.2,22.2,30.45,9,0.69,1.626,-1
30,2,0.03,23.5,23.5,30.45,11,0.69,1.114,-2
30,2,0.03,23.76,23.76,30.45,11,0.69,1.05,-1
30,2,0.03,22.53,22.53,30.45,8,0.56,1.753,0
30,2,0.03,23.95,23.95,30.45,10,0.56,1.5,-2
30,2,0.03,24.02,24.02,30.45,10,0.56,1.5,-2
30,2,0.03,21.42,21.42,30.45,4,0.68,1.74,1
30,2,0.03,22.92,22.92,30.45,6,0.68,1.067,-2
30,2,0.03,23.5,23.5,30.45,8,0.68,1.067,0
30,2,0.03,21.16,21.16,30.45,3,0.64,1.815,0
30,2,0.03,22.72,22.72,30.45,6.277778,0.64,1.3,-2
30,2,0.03,22.98,22.98,30.45,7,0.64,1.067,-1
30,2,0.03,21.42,21.42,30.45,4,0.74,1.74,-1
30,2,0.03,22.85,22.85,30.45,3,0.74,1.05,-2
30,2,0.03,23.18,23.18,30.45,2,0.74,1.05,-1
30,2,0.03,21.82,21.82,30.45,6,0.74,1.74,0
30,2,0.03,23.31,23.31,30.45,9,0.74,1.1,-1
30,2,0.03,23.95,23.95,30.45,11,0.74,1.05,-1
30,2,0.03,22.14,22.14,30.45,7,0.48,1.798,1
30,2,0.03,24.21,24.21,30.45,11,0.48,1.267,-1
30,2,0.03,24.54,24.54,30.45,13,0.48,1.5,1
30,2,0.03,22.98,22.98,30.45,12,0.66,1.815,0
30,2,0.03,24.73,24.73,30.45,21,0.66,1,-1
30,2,0.03,23.5,23.5,30.45,21,0.66,1.42,-2
30,2,0.03,22.98,22.98,30.45,7,1.13,1.815,0
30,2,0.03,23.5,23.5,30.45,7,1.13,1.5,-2
30,2,0.03,23.89,23.89,30.45,8,1.13,1.5,-1
30,2,0.03,22.4,22.4,22.36,4,0.54,1.73,0
30,2,0.03,23.89,23.89,22.36,9,0.54,1.5,0
30,2,0.03,24.28,24.28,22.36,10,0.54,1.2,0
30,2,0.03,22.92,22.92,22.36,6,0.59,1.787,-1
30,2,0.03,24.08,24.08,22.36,8,0.59,1.24,0
30,2,0.03,24.21,24.21,22.36,10,0.59,1.18,0
30,2,0.03,22.2,22.2,22.36,-1,0.59,1.73,0
30,2,0.03,24.02,24.02,22.36,1,0.59,1.2,0
30,2,0.03,23.44,23.44,22.36,2,0.59,1.15,0
30,2,0.03,23.44,23.44,22.36,4,0.54,1.73,0
30,2,0.03,24.47,24.47,22.36,9,0.54,1.5,1
30,2,0.03,24.67,24.67,22.36,11,0.54,1.05,0
30,2,0.03,23.89,23.89,22.36,7,0.48,1.815,1
30,2,0.03,23.37,23.37,22.36,7,0.46,1.798,-1
30,2,0.03,24.47,24.47,22.36,7,0.46,1.3,-1
30,2,0.03,24.92,24.92,22.36,6,0.46,1.05,-2
30,2,0.03,22.72,22.72,22.36,-1,0.85,1.815,1
30,2,0.03,23.5,23.5,22.36,-1,0.85,1.14,-2
30,2,0.03,23.76,23.76,22.36,-1.222222,0.85,1.16,-1
30,2,0.03,21.95,21.95,22.36,-4,0.61,1.748,-1
30,2,0.03,22.92,22.92,22.36,-2,0.61,1.73,-1
30,2,0.03,23.11,23.11,22.36,0,0.61,1.5,-2
30,2,0.03,22.08,22.08,22.36,0,0.64,1.798,-1
30,2,0.03,22.46,22.46,22.36,1,0.64,1.06,-1
30,2,0.03,22.85,22.85,22.36,1,0.64,1.175,0
30,2,0.03,22.46,22.46,22.36,1,0.72,1.815,-1
30,2,0.03,23.44,23.44,22.36,4,0.72,1.5,-2
30,2,0.03,23.5,23.5,22.36,4,0.72,1.114,-2
30,2,0.03,22.08,22.08,22.36,-2,0.78,1.815,1
30,2,0.03,22.79,22.79,22.36,2,0.78,1.375,0
30,2,0.03,22.98,22.98,22.36,3,0.78,1.2,-1
30,2,0.03,22.2,22.2,22.36,4,0.73,1.815,0
30,2,0.03,22.98,22.98,22.36,6,0.73,1.05,-2
30,2,0.03,23.37,23.37,22.36,7,0.73,1.175,-1
30,2,0.03,25.83,25.83,44.86,21,0.661,1.025,0
30,2,0.03,23.5,23.5,36.79,8,0.54,1.815,2
30,2,0.03,23.5,23.5,35.66,8,0.54,1.5,-1
30,2,0.03,23.95,23.95,35.31,9,0.54,1.157,0
30,2,0.03,23.95,23.95,26.73,9.444444,0.47,1.815,-1
30,2,0.03,24.54,24.54,24.53,12,0.47,1.05,0
30,2,0.03,25.05,25.05,51.14,25,0.46,1.6,0
53,2,0.03,22.66,21.64,56.29,28,0.45,1.6,-1
53,2,0.04,23.57,23.22,53.46,30,0.45,1.267,-2
53,2,0.02,23.21,23.08,54.63,29,0.43,1.567,0
53,2,0.02,23.04,22.13,53.32,26,0.31,1.6,0
53,2,0.02,22.68,21.94,52.64,28,0.43,1.85,-1
53,2,0.07,22.75,21.92,53.16,29,0.45,1.25,0
53,2,0.05,22.68,21.81,53.55,26,0.45,1.267,-2
53,2,0.04,23.33,22.66,51.29,27,0.45,1.85,0
53,2,0.06,23.45,22.79,52.69,27,0.45,1.6,0
53,2,0.02,23.35,22.66,53.05,31,0.45,1.25,0
53,2,0.03,23.4,23.55,54.25,32,0.45,1.45,0
53,2,0.03,23.45,23.08,59.71,31,0.45,1.6,0
53,2,0.02,23.47,22.78,60.21,33,0.45,1.267,-2
53,2,0.03,23.4,23.4,55.63,29,0.45,1.6,0
53,2,0.03,23.28,22.64,58.08,30,0.45,1.267,0
53,2,0.08,23.16,22.5,55.9,31,0.45,1.267,0
53,2,0.02,23.23,22.89,48.45,28,0.55,1.6,0
53,2,0.02,23.42,22.71,50.89,28,0.55,1.267,0
53,2,0.03,23.28,23.26,57.81,29,0.43,1.267,1
53,2,0.03,23.21,23.23,56.28,31,0.45,1.267,0
53,2,0.03,23.11,23.06,54.15,30,0.45,1.45,-2
53,2,0.02,23.54,23.67,57.76,28,0.45,1.4,1
53,2,0.04,23.64,23.37,57.8,31,0.45,1.05,0
53,2,0.02,23.18,22.52,58.41,30,0.45,1.05,0
53,2,0.02,22.97,22.23,55.9,28,0.45,1.45,-1
53,2,0.04,22.92,22.02,55.99,26,0.83,1.271,-2
53,2,0.03,23.3,23.23,48.84,19,0.52,1.4,-1
53,2,0.02,22.44,22.37,34.69,10,0.73,1.233,-1
53,2,0.02,22.39,22.88,34.98,10,0.73,1.2,-1
53,2,0.03,23.18,23.18,34.23,11,0.73,1.314,-1
53,2,0.03,23.21,23.08,28.36,8,0.73,1.133,0
53,2,0.03,21.89,22.41,28.36,6,1.03,1.2,0
53,2,0.02,22.87,22.95,25.86,6,0.67,1.225,-2
53,2,0.02,22.42,23.06,24.06,5.277778,0.82,1.233,0
53,2,0.02,22.13,22.6,24.52,6,1.16,1.14,-1
53,2,0.02,23.09,23.46,38.9,15,0.84,1.2,0
53,2,0.02,23.95,24.08,40.63,21,0.84,1.117,0
53,2,0.04,22.92,23,40.88,18,0.84,1.114,0
53,2,0.02,23.18,23.31,28.53,7.944444,0.88,1,0
53,2,0.02,23.16,23.36,26.46,8,0.65,1.143,0
53,2,0.03,24.1,24.1,26.74,8,0.65,1,-1
53,2,0.03,23.62,23.64,25.44,8,0.75,1.24,0
53,2,0.03,23.88,23.86,25.25,9,0.75,1.357,-1
53,2,0.02,23.93,23.93,24.64,8,0.75,1.233,-1
53,2,0.02,23.35,23.72,25.22,5,0.91,1.243,-1
53,2,0.02,24.48,24.51,28.3,9,0.91,1.05,0
53,2,0.02,23.42,23.5,25.26,7,0.7,1.24,-1
53,2,0.02,23.21,23.78,18.88,1,1.03,1.15,-1
53,2,0.07,24.32,24.9,19.78,1,1.03,1.175,0
53,2,0.02,24.34,24.29,22.4,2,1.03,1.18,0
53,2,0.02,24.41,24.34,24.95,5,1.15,1.15,0
53,2,0.02,24.94,24.94,29.48,12,1.15,1.114,0
53,2,0.02,22.87,23,17.64,-2,0.99,1.088,0
53,2,0.02,23.23,23.31,17.7,-1,1.14,1.114,-1
53,2,0.02,23.83,23.83,17.52,-1,1.14,1.3,0
53,2,0.02,22.78,23.07,20.13,1,1.09,1.333,-1
53,2,0.03,23.66,23.71,21.33,1,1.09,1.114,0
53,2,0.02,23.26,23.23,22.82,3,1.28,1.117,0
53,2,0.02,24.1,24.15,21.15,3,1.28,1.188,0
53,2,0.02,23.23,23.8,18.67,0,1.01,1.157,0
53,2,0.02,24.1,24.07,18.44,3,1.01,1.05,0
53,2,0.02,23.18,23.63,23.32,3,0.78,1.05,0
53,2,0.02,23.69,24.16,24.22,3,0.78,1.05,0
53,2,0.02,24.34,24.39,24.19,3,0.78,1.157,0
53,2,0.04,25.38,25.43,32.42,22,0.691,1.1,0
53,2,0.04,25.62,25.35,35.39,28,0.481,1.26,0
53,2,0.04,25.62,25.25,39.89,28,0.721,1.25,0
53,2,0.04,25.72,25.39,43.18,31,0.721,1.233,0
53,2,0.04,25.6,24.87,43.95,19,0.721,1.05,-1
53,2,0.04,22.85,22.7,29.31,11,0.501,1.14,-1
53,2,0.04,23.93,23.83,31.08,13,0.501,1.14,-1
53,2,0.04,24.94,25.47,40.22,22,0.95,1.114,0
53,2,0.04,22.54,22.29,45.81,17,0.501,1.34,-1
53,2,0.04,22.2,22.03,45.54,16,0.83,1.22,-1
53,2,0.04,22.92,22.77,46.69,17,0.83,1.267,-1
65,2,0.03,23.45,23.45,55.63,31,0.45,1.267,-1
65,2,0.03,23.15,23.15,55.63,28,0.59,1.35,-1
65,2,0.03,22.74,22.74,55.63,28,0.64,1.85,-1
65,2,0.03,22.34,22.34,55.63,29,0.69,1,-1
65,2,0.03,22.54,22.54,55.63,25,0.61,4,0
65,2,0.03,22.34,22.34,55.63,26,0.61,1.5,0
65,2,0.03,22.34,22.34,55.63,27,1.11,1,-1
65,2,0.03,23.15,23.15,55.63,27,0.7,4,0
65,2,0.03,23.45,23.45,55.63,31,0.7,1,-1
65,2,0.03,23.96,23.96,55.63,28,0.45,4,1
65,2,0.03,23.54,23.54,53.11,27,0.5,3.35,0
65,2,0.03,22.27,22.27,56.57,28,0.88,1.35,-2
65,2,0.03,22.27,22.27,56.08,24,0.83,1,-1
65,2,0.03,22.94,22.94,57.29,27,0.36,3,0
65,2,0.03,23.18,23.18,55.93,28,0.36,1,-1
65,2,0.03,23.86,23.86,54.41,27,0.65,2.567,0
65,2,0.03,23.62,23.62,56.65,26,0.48,1.45,-2
65,2,0.03,20.36,20.36,42.21,10,0.85,1.15,1
65,2,0.03,20.6,20.6,40.14,10,0.56,1.175,1
65,2,0.03,21.1,21.1,39.44,11,0.63,1.32,-1
65,2,0.03,20.72,20.72,37.35,10,0.63,1.275,-1
65,2,0.03,20.41,20.41,37.97,10,0.9,1.475,0
65,2,0.03,20.84,20.84,34.67,10,0.9,1.2,1
65,2,0.03,19.53,19.53,32.99,6,0.9,1.6,-1
65,2,0.03,19.75,19.75,30.59,7,0.9,1.5,0
65,2,0.03,18.75,18.75,29.44,6.277778,0.88,1.375,-2
65,2,0.03,17.94,17.94,30.7,4,1.2,2.85,-1
65,2,0.03,19.13,19.13,30.77,3,0.88,1.3,-1
65,2,0.03,19.32,19.32,33.04,3,0.88,1.2,-2
65,2,0.03,18.01,18.01,31.54,6,1.37,1.625,-2
65,2,0.03,19.84,19.84,29.07,9,1.37,1.475,0
65,2,0.03,20.91,20.91,27.07,11,1.37,1.44,1
65,2,0.03,19.86,19.86,29.94,8,1.05,1.467,0
65,2,0.03,21.56,21.56,27.76,11,1.05,1.467,0
65,2,0.03,22.23,22.23,27.91,13,0.85,1.367,0
65,2,0.03,21.13,21.13,39.12,9,0.75,1.2,1
65,2,0.03,19.36,19.36,31.56,5,1.25,1.525,0
65,2,0.03,21.22,21.22,32.85,9,1.25,1.25,1
65,2,0.03,22.25,22.25,32.21,9,1.25,1.55,2
65,2,0.03,19.91,19.91,30.71,7,1.38,1.6,0
65,2,0.03,20.67,20.67,28.46,8,1.38,1.175,1
65,2,0.03,21.77,21.77,27,10,1.38,1,2
65,2,0.03,18.37,18.37,25.46,-1,1.26,1.65,0
65,2,0.03,20.03,20.03,24.91,1,1.26,1.5,0
65,2,0.03,20.65,20.65,27.52,2,1.26,1.375,0
65,2,0.03,20.86,20.86,29.35,4,1.26,1.4,1
65,2,0.03,21.68,21.68,31.09,8,1.26,1.475,1
65,2,0.03,22.54,22.54,32.64,12,1.26,1.2,1
65,2,0.03,21.27,21.27,30.66,7,1.16,1.775,0
65,2,0.03,22.03,22.03,29.08,7,1.16,1.367,1
65,2,0.03,22.32,22.32,27.01,4,1.16,1.5,1
65,2,0.03,19.67,19.67,24.34,-1,1.26,2.85,0
65,2,0.03,20.1,20.1,24.24,-1,1.26,1.4,0
65,2,0.03,18.51,18.51,26.08,0,1.29,1.25,0
65,2,0.03,19.36,19.36,26.62,1,1.29,1.2,0
65,2,0.03,20.08,20.08,26.77,1,1.29,1.5,1
65,2,0.03,18.82,18.82,28.18,1,1.13,2.85,1
65,2,0.03,19.96,19.96,27.74,4,1.13,1.3,1
65,2,0.03,20.72,20.72,24.62,3.388889,1.13,1.1,1
65,2,0.03,18.41,18.41,22.77,0,1.17,1.325,0
65,2,0.03,19.34,19.34,23.3,2,1.17,1.125,-1
65,2,0.03,19.18,19.18,29.68,3,1.26,1.767,0
65,2,0.03,20.2,20.2,29.4,3,1.26,1.3,1
65,2,0.03,21.03,21.03,28.22,3,1.26,1.225,1
65,2,0.03,21.3,21.3,29.39,9.444444,0.98,2.95,0
65,2,0.03,22.68,22.68,30.24,13,0.98,1.375,0
65,2,0.03,23.4,23.4,30.33,13.611111,0.98,1.05,2
54,1,0.03,23.06,23.06,55.63,23,0.34,1.6,1
54,1,0.03,24.82,24.72,49.74,29,0.34,1.25,0
54,1,0.03,24.36,24.06,50.48,31,0.34,1.267,0
54,1,0.03,23.59,23.27,53.09,24,0.34,1.6,0
54,1,0.03,24.17,24,49.11,27,0.34,1.05,0
54,1,0.03,24.07,23.75,48.53,29,0.34,1.05,0
54,1,0.03,23.74,23.34,54.67,23,0.34,1.6,1
54,1,0.03,23.64,23.39,51.01,26,0.34,1.267,0
54,1,0.03,23.83,23.59,50.56,27,0.34,1.267,0
54,1,0.03,23.52,23.27,54.08,23,0.34,1.6,0
54,1,0.03,24.87,24.7,49.11,29,0.34,1.267,0
54,1,0.03,24.56,24.28,50.12,32,0.34,1.267,0
54,1,0.03,24.56,24.26,58.31,26,0.34,1.6,1
54,1,0.03,25.72,25.44,51.67,31,0.34,1.267,1
54,1,0.03,25.45,25.13,53.16,33,0.34,1.267,1
54,1,0.03,25.45,25.1,56.08,25,0.36,1.6,1
54,1,0.03,26.23,25.85,50.15,29,0.36,1.45,2
54,1,0.03,24.85,24.67,52.06,27,0.36,1.267,1
54,1,0.03,25.33,25.11,50.29,30,0.36,1.267,0
54,1,0.03,25.09,24.76,49.9,31,0.36,1.267,0
54,1,0.03,25.28,24.93,59.17,26,0.36,1.75,1
54,1,0.03,24.82,24.45,53.82,23,0.36,1.267,1
54,1,0.03,24.65,24.33,51.91,27,0.36,1.45,0
54,1,0.03,24.85,24.52,59.38,26,0.41,1.375,0
54,1,0.03,24.46,24.24,55.84,26,0.41,1.3,0
54,1,0.03,25.33,25.31,42.16,20,0.43,1.533,1
54,1,0.03,24.15,23.75,40.06,21,0.43,1.6,0
54,1,0.03,21.72,21.7,45.17,14,0.43,1.675,0
54,1,0.03,21.56,21.53,26.51,3,0.5,1.425,0
54,1,0.03,22.23,22.18,23.7,6,0.5,1,0
54,1,0.03,18.6,18.82,28.63,2,0.5,1.65,0
54,1,0.03,20.77,21.19,30.01,5,0.5,1.025,-1
54,1,0.03,21.94,22.01,30.98,7,0.5,1.275,0
54,1,0.03,21.51,20.99,45.01,12,0.41,1.025,-2
54,1,0.03,22.92,22.87,45.38,14,0.41,1.1,0
54,1,0.03,22.61,22.61,32.84,9,0.41,1.375,0
54,1,0.03,19.1,19.32,31.4,3,0.68,1.2,0
54,1,0.03,21.68,21.7,30.09,7,0.68,1.175,-1
54,1,0.03,22.58,22.58,28.82,8,0.68,1.5,0
54,1,0.03,21.44,21.71,30.57,8,0.68,1,0
54,1,0.03,23.42,23.75,28.01,9,0.43,1,1
54,1,0.03,22.66,22.9,27.14,6,0.59,1,1
54,1,0.03,24.51,24.66,25.85,10,0.59,1,1
54,1,0.03,21.6,21.63,39.6,7,0.43,1,0
54,1,0.03,21.8,21.82,38.96,8,0.43,1.175,-1
54,1,0.03,20.25,20.47,43.36,9,0.68,1.45,0
54,1,0.03,23.42,23.4,39.86,14,0.68,1.5,0
54,1,0.03,23.76,23.74,38.74,15,0.68,1.275,0
54,1,0.03,20.65,20.8,28.06,1,0.77,1.1,0
54,1,0.03,23.4,23.18,27.33,9,0.52,1.475,-1
54,1,0.03,23.93,23.71,27.64,9,0.52,1.275,-1
54,1,0.03,19.27,19.37,19.48,-1,0.74,1.85,0
54,1,0.03,22.78,23.22,21.34,1,0.74,1.1,1
54,1,0.03,22.82,22.87,22.65,1.444444,0.74,1.1,0
54,1,0.03,21.84,21.89,25.31,4,0.68,1.45,0
54,1,0.03,23.38,23.43,26.17,7,0.68,1.1,0
54,1,0.03,24.15,24.2,27.59,9,0.43,1.1,1
54,1,0.03,22.68,22.73,31.78,6,0.41,1.65,0
54,1,0.03,24.6,24.65,38.27,18,0.41,2.1,0
54,1,0.03,25.62,25.65,40.09,18.611111,0.41,1.75,0
54,1,0.03,22.56,22.39,29.73,8,0.43,1.25,-1
54,1,0.03,23.45,23.42,24.06,7,0.43,1.1,0
54,1,0.03,24.27,24.29,25.21,8,0.43,1.35,1
54,1,0.03,21.94,22.09,17.84,-2,0.48,1.7,0
54,1,0.03,22.25,22.23,17.92,-1,0.48,1.4,0
54,1,0.03,20.01,20.11,21.37,-1,0.68,1.85,-1
54,1,0.03,21.72,21.77,22.58,1,0.43,1.55,0
54,1,0.03,22.25,22.25,23.12,1,0.43,1.7,-1
54,1,0.03,22.51,22.61,23.31,3,0.68,1.25,0
54,1,0.03,22.85,22.9,22.99,4,0.41,1.55,0
54,1,0.03,20.34,20.49,21.39,-2,0.68,1.675,-1
54,1,0.03,22.2,22.32,19.24,1,0.68,1.1,-1
54,1,0.03,22.54,22.56,19.84,2,0.68,1.1,0
54,1,0.03,20.39,20.51,23.1,4,0.75,1.84,0
54,1,0.03,22.23,22.28,25.34,3,0.75,1.15,0
54,1,0.03,22.42,22.47,26.24,3,0.75,1.05,1
54,1,0.03,22.34,22.42,29.74,11,0.43,1.675,0
54,1,0.03,25.89,25.79,29.56,23,0.43,2,1
54,1,0.03,26.11,25.96,29.07,22.722222,0.43,1.1,1
54,1,0.03,24.53,24.48,37.87,16,0.43,1.675,1
54,1,0.03,27.38,27.28,34.42,27,0.43,1.1,1
54,1,0.03,27.21,26.86,32.52,28,0.43,1.1,2
54,1,0.03,25.52,25.52,36.78,21,0.39,1.1,0
54,1,0.03,25.21,25.16,46.36,17,0.43,1.573,0
54,1,0.03,25.28,24.66,43.46,18,0.43,1.1,0
54,1,0.03,22.51,22.54,28.58,10.222222,0.68,1.675,0
54,1,0.03,23.06,23.14,28.32,11,0.68,1.25,0
54,1,0.03,23.9,23.86,29.9,14,0.68,1.1,0
54,1,0.03,22.54,22.41,47.89,17,0.41,1.85,0
54,1,0.03,23.52,23.47,43.7,17,0.41,1.1,-1
54,1,0.03,24.05,23.95,40.05,20,0.41,1.1,0
54,1,0.03,22.8,22.82,44.07,16,0.43,1.1,0
54,1,0.03,23.81,23.76,45.03,17,0.43,1.4,0
54,1,0.03,20.46,20.66,29.45,8,0.43,1.825,1
54,1,0.03,23.98,23.93,26.35,11,0.43,1.1,0
54,1,0.03,23.83,23.64,26.75,11,0.43,1.1,-1
54,1,0.03,20.58,20.63,31.26,7,0.68,1.85,-1
54,1,0.03,22.75,22.85,29.54,11,0.43,1.2,-1
54,1,0.03,23.52,23.52,30.11,9,0.43,1.1,0
54,1,0.03,21.44,21.63,34.46,11,0.43,1.1,1
54,1,0.03,24.85,24.77,32.84,17,0.43,1.1,0
54,1,0.03,24.65,24.48,36.72,21,0.43,1.1,0
61,2,0.03,23.73,23.73,55.63,27,0.44,1.6,1
61,2,0.03,23.43,23.43,55.63,30,0.34,1.267,0
61,2,0.03,25.53,25.53,55.63,29,0.34,1.45,2
61,2,0.03,23.73,23.73,55.63,26,0.44,1.6,0
61,2,0.03,23.5,23.5,55.63,28,0.44,1.267,0
61,2,0.03,25.23,25.23,55.63,28,0.44,1.4,1
61,2,0.03,24.63,24.63,55.63,24,0.62,1.6,0
61,2,0.03,23.58,23.58,55.63,26,0.62,1.3,-1
61,2,0.03,25.23,25.23,55.63,27,0.62,1.4,0
61,2,0.03,23.8,23.8,55.63,27,0.44,1.6,0
61,2,0.03,23.95,23.95,55.63,31,0.44,1.4,0
61,2,0.03,24.33,24.33,55.63,32,0.44,1.4,0
61,2,0.03,25.23,25.23,55.63,29,0.44,1.6,2
61,2,0.03,24.33,24.33,55.63,32,0.44,1.25,1
61,2,0.03,24.4,24.4,55.63,33,0.44,1.15,0
61,2,0.03,23.28,23.28,55.63,26,0.32,1.6,1
61,2,0.03,24.03,24.03,55.63,28,0.32,1.25,0
61,2,0.03,25.3,25.3,55.63,29,0.32,1.367,1
61,2,0.03,23.35,23.35,55.63,27,0.32,1.25,0
61,2,0.03,23.73,23.73,55.63,31,0.24,1.25,0
61,2,0.03,24.4,24.4,55.63,28,0.44,1.8,1
61,2,0.03,24.18,24.18,55.63,31,0.44,1.3,0
61,2,0.03,24.18,24.18,55.63,32,0.44,1.4,2
61,2,0.03,25.08,25.08,55.63,27,0.44,1.475,1
61,2,0.03,25.45,25.45,55.63,26,0.44,1.325,1
61,2,0.03,25.45,25.45,55.63,26,0.44,1.4,-1
61,2,0.03,26.06,26.06,55.63,24,0.53,1.55,1
61,2,0.03,25.15,25.15,55.63,26,0.53,1.325,0
61,2,0.03,24.55,24.55,55.63,25,0.53,1.433,2
61,2,0.03,23.05,23.05,30.45,8,0.48,1.4,0
61,2,0.03,24.93,24.93,30.45,9,0.48,1.333,0
61,2,0.03,25,25,30.45,10,0.48,1.415,0
61,2,0.03,23.5,23.5,30.45,9,0.29,1.425,0
61,2,0.03,25.6,25.6,30.45,11,0.29,1.44,1
61,2,0.03,24.93,24.93,30.45,11,0.29,1.467,0
61,2,0.03,22.75,22.75,30.45,7,0.41,1.4,1
61,2,0.03,23.95,23.95,30.45,10,0.41,1.3,0
61,2,0.03,24.48,24.48,30.45,10,0.41,1.63,0
61,2,0.03,23.65,23.65,30.45,4,0.45,1.217,0
61,2,0.03,25.15,25.15,30.45,6,0.45,1.2,0
61,2,0.03,23.65,23.65,30.45,8,0.45,1.578,-1
61,2,0.03,23.43,23.43,30.45,3,0.39,1.25,0
61,2,0.03,23.58,23.58,30.45,6.277778,0.39,1.238,0
61,2,0.03,23.2,23.2,30.45,4,0.47,1.2,0
61,2,0.03,23.58,23.58,30.45,3,0.47,1.05,0
61,2,0.03,23.58,23.58,30.45,2,0.47,1.267,0
61,2,0.03,24.63,24.63,30.45,6,0.45,1.033,0
61,2,0.03,24.4,24.4,30.45,9,0.45,1.3,-1
61,2,0.03,24.63,24.63,30.45,11,0.45,1.683,0
61,2,0.03,23.12,23.12,30.45,7,0.55,1.433,-1
61,2,0.03,24.1,24.1,30.45,11,0.55,1.2,0
61,2,0.03,25.76,25.76,30.45,13,0.55,1.72,0
61,2,0.03,22.97,22.97,30.45,9,0.5,1.333,0
61,2,0.03,24.55,24.55,30.45,21,0.5,1.275,-2
61,2,0.03,23.28,23.28,30.45,21,0.5,2,1
61,2,0.03,23.73,23.73,30.45,8,0.45,1.35,1
61,2,0.03,23.35,23.35,30.45,7,0.45,1.433,0
61,2,0.03,23.43,23.43,30.45,8,0.45,1.32,0
61,2,0.03,22.82,22.82,22.36,4,0.32,1.464,-1
61,2,0.03,24.03,24.03,22.36,9,0.32,1.522,1
61,2,0.03,24.33,24.33,22.36,10,0.32,1.383,0
61,2,0.03,25.76,25.76,22.36,6,0.39,1.3,0
61,2,0.03,24.33,24.33,22.36,9,0.39,1.233,-1
61,2,0.03,24.63,24.63,22.36,10,0.39,1.12,0
61,2,0.03,22.97,22.97,22.36,-1,0.46,1.475,0
61,2,0.03,23.88,23.88,22.36,1,0.46,1.325,-1
61,2,0.03,23.12,23.12,22.36,4,0.41,1.5,0
61,2,0.03,23.88,23.88,22.36,9,0.41,1.275,0
61,2,0.03,24.03,24.03,22.36,11,0.41,1.367,-1
61,2,0.03,23.95,23.95,22.36,8,0.39,1.75,0
61,2,0.03,24.03,24.03,22.36,6,0.39,1.533,0
61,2,0.03,23.65,23.65,22.36,-1,0.43,1.467,-1
61,2,0.03,23.05,23.05,22.36,-1.222222,0.5,1,-1
61,2,0.03,22.45,22.45,22.36,-3,0.57,1.333,0
61,2,0.03,22.9,22.9,22.36,-2,0.57,1.2,-1
61,2,0.03,23.2,23.2,22.36,-1,0.57,1.325,-1
61,2,0.03,22.52,22.52,22.36,0,0.39,1.25,-1
61,2,0.03,23.28,23.28,22.36,1,0.39,1.1,-1
61,2,0.03,22.67,22.67,22.36,1,0.52,1.2,0
61,2,0.03,23.35,23.35,22.36,4,0.39,1.18,-1
61,2,0.03,23.28,23.28,22.36,3.388889,0.39,1.025,-1
61,2,0.03,22.67,22.67,22.36,-1,0.41,1.1,-1
61,2,0.03,23.5,23.5,22.36,2,0.41,1.233,-1
61,2,0.03,23.12,23.12,22.36,3,0.41,1.5,-1
61,2,0.03,22.9,22.9,22.36,3,0.53,1.067,-1
61,2,0.03,23.12,23.12,22.36,3,0.53,1.45,-1
61,2,0.03,23.35,23.35,22.36,3,0.53,1.2,-1
61,2,0.03,23.84,23.84,30.61,22.888889,0.4,1.25,0
61,2,0.03,24.44,24.44,32.2,22,0.4,1.4,0
61,2,0.03,25.38,25.38,34.3,22,0.35,1.05,0
55,1,0.03,23.5,23.5,55.63,29,0.46,1.6,1
55,1,0.03,23.3,23.3,55.63,30,0.46,1.267,1
55,1,0.03,23.2,23.2,55.63,27,0.51,1.6,1
55,1,0.03,23.7,23.7,55.63,28,0.51,1.35,0
55,1,0.03,23.3,23.3,55.63,27,0.46,1.4,1
55,1,0.03,23.3,23.3,55.63,31,0.46,1.5,-1
55,1,0.03,23.5,23.5,55.63,29,0.46,1,0
55,1,0.03,23.7,23.7,55.63,32,0.46,1,0
55,1,0.03,23.7,23.7,55.63,32,0.46,1.35,1
55,1,0.03,23.3,23.3,55.63,27,0.46,1,1
55,1,0.03,23.6,23.6,55.63,28,0.46,1,1
55,1,0.03,23.7,23.7,55.63,27,0.45,1.4,1
55,1,0.03,23.5,23.5,55.63,29,0.45,1,0
55,1,0.03,23.3,23.3,55.63,30,0.53,1,0
55,1,0.03,22.9,22.9,55.63,24,0.45,1.6,0
55,1,0.03,23.3,23.3,55.63,24,0.45,1,-1
55,1,0.03,23.3,23.3,55.63,26,0.45,1,0
55,1,0.03,23.3,23.3,55.63,27,0.45,1.6,1
55,1,0.03,23.3,23.3,55.63,28,0.45,1,0
55,1,0.03,23,23,55.63,23,0.45,1,0
55,1,0.03,23.7,23.7,55.63,25,0.46,2.2,1
55,1,0.03,23.7,23.7,55.63,28,0.46,1,0
55,1,0.03,22.9,22.9,55.63,30,0.46,1,0
55,1,0.03,24,24,55.63,31,0.46,1.365,0
55,1,0.03,23.7,23.7,55.63,31,0.46,1,0
55,1,0.03,23.4,23.4,55.63,32,0.46,1,1
55,1,0.03,22.9,22.65,38.42,9,0.5,1.1,-1
55,1,0.03,22.66,22.39,33.98,10,0.5,1.3,0
55,1,0.03,20.27,20.86,38.71,8,0.95,1,-1
55,1,0.03,23.38,22.73,32.41,11,0.59,1.25,0
55,1,0.03,21.8,22.07,35.82,10,0.5,1.883,0
55,1,0.03,23.16,23.09,33.83,10,0.5,1.325,0
55,1,0.03,24.07,23.58,30.79,9,0.5,1.275,0
55,1,0.03,19.13,19.71,30.84,4,0.67,1.867,-1
55,1,0.03,22.27,22.18,28.02,6,1.03,1.22,-2
55,1,0.03,20.32,21.08,27.6,3,0.9,1.66,-2
55,1,0.03,22.68,22.63,24.69,6.277778,0.9,1.25,-1
55,1,0.03,23.28,22.89,23.23,7,0.54,1.35,0
55,1,0.03,19.89,20.62,25.58,4,0.96,2,0
55,1,0.03,22.25,22.4,25.68,3,0.96,1.4,0
55,1,0.03,23.11,22.89,26.83,3,0.96,1.5,0
55,1,0.03,20.01,20.79,27.91,6,0.63,2,0
55,1,0.03,22.97,22.87,24.95,9,0.97,1.25,-1
55,1,0.03,23.86,23.49,23.47,11,0.63,1.333,0
55,1,0.03,22.49,22.69,24.13,7,0.58,1.5,0
55,1,0.03,24.6,24.08,24.14,13,0.58,1.05,0
55,1,0.03,24.6,24.11,24.35,13,0.58,1.12,-1
55,1,0.03,22.85,23.19,40.45,15,0.59,1.73,-1
55,1,0.03,24.73,24.45,39.27,21,0.59,1.233,0
55,1,0.03,23.38,22.54,39.59,20,0.59,1.425,0
55,1,0.03,22.92,22.6,41.3,7,0.5,1.2,-1
55,1,0.03,23.26,23.11,37.54,7,0.5,1.5,-1
55,1,0.03,22.7,22.7,22.36,5,0.68,1,0
55,1,0.03,23.9,23.9,22.36,9,0.68,1.05,-1
55,1,0.03,24.5,24.5,22.36,9,0.68,1.25,0
55,1,0.03,22.1,22.1,22.36,4,0.58,1.575,-1
55,1,0.03,23.8,23.8,22.36,9,0.58,1.2,0
55,1,0.03,24.4,24.4,22.36,9,0.58,1.25,0
55,1,0.03,21.9,21.9,22.36,-1,0.97,1.925,1
55,1,0.03,24.9,24.9,22.36,1,0.63,1.1,0
55,1,0.03,23.7,23.7,22.36,2,0.63,1.05,0
55,1,0.03,22.9,22.9,22.36,4,0.84,1.867,-1
55,1,0.03,24.5,24.5,22.36,9,0.84,2,0
55,1,0.03,25.1,25.1,22.36,12,0.84,1.05,0
55,1,0.03,24.5,24.5,22.36,14,0.59,1.515,0
55,1,0.03,26.1,26.1,22.36,19,0.59,1.62,0
55,1,0.03,26.5,26.5,22.36,19,0.59,1.1,1
55,1,0.03,22.3,22.3,22.36,8,0.5,1.533,0
55,1,0.03,24.5,24.5,22.36,7,0.5,1.65,0
55,1,0.03,24.5,24.5,22.36,4,0.5,1.1,0
55,1,0.03,22.8,22.8,22.36,-1,0.67,1.25,0
55,1,0.03,23.4,23.4,22.36,-1,0.67,1.05,-1
55,1,0.03,23.5,23.5,22.36,-1,0.67,1.46,0
55,1,0.03,21.3,21.3,22.36,-3,0.84,1.425,0
55,1,0.03,22.5,22.5,22.36,-1,0.84,1.2,-1
55,1,0.03,22.9,22.9,22.36,0,0.84,1.2,0
55,1,0.03,22,22,22.36,1,0.93,1.59,0
55,1,0.03,22.9,22.9,22.36,1,0.59,1.25,0
55,1,0.03,23.3,23.3,22.36,1,0.93,1.05,-1
55,1,0.03,23.7,23.7,22.36,3.388889,0.59,1.614,0
55,1,0.03,21.7,21.7,22.36,-1,0.93,1.725,0
55,1,0.03,23.3,23.3,22.36,2,0.59,1.3,-1
55,1,0.03,23.3,23.3,22.36,3,0.59,1.075,0
55,1,0.03,22.5,22.5,22.36,3,0.5,1.7,0
55,1,0.03,23.1,23.1,22.36,3,0.84,1.5,-1
55,1,0.03,23.4,23.4,22.36,3,0.5,1.125,0
55,1,0.03,23.3,23.3,31.02,13,0.54,1.4,0
55,1,0.03,26.1,26.1,31.02,23,0.54,1.2,1
55,1,0.03,26.9,26.9,31.02,20.555556,0.54,1.05,0
55,1,0.03,25.5,25.5,31.02,19,0.43,1.875,0
55,1,0.03,27.1,27.1,31.02,28,0.43,2,0
55,1,0.03,26.9,26.9,31.02,29,0.43,1.2,1
55,1,0.03,26.1,26.1,31.02,21,0.43,1.875,1
55,1,0.03,27.4,27.4,31.02,30,0.43,1.1,1
55,1,0.03,26.1,26.1,31.02,21,0.42,1.75,1
55,1,0.03,24.9,24.9,31.02,21,0.42,1.25,0
55,1,0.03,22.1,22.1,31.02,16,0.42,1.35,0
55,1,0.03,21.3,21.3,31.02,8,0.5,1.775,-1
55,1,0.03,22.8,22.8,31.02,9,0.5,1.4,-1
55,1,0.03,22.5,22.5,31.02,9.444444,0.5,1.475,-1
55,1,0.03,23.7,23.7,31.02,12,0.5,1.25,-1
55,1,0.03,24.4,24.4,31.02,14,0.5,1.25,0
55,1,0.03,26.1,26.1,31.02,21,0.43,1.575,0
55,1,0.03,25.9,25.9,31.02,23,0.43,1.35,0
55,1,0.03,22.8,22.8,31.02,16,0.5,1.575,0
55,1,0.03,23.3,23.3,31.02,18,0.5,1.075,0
55,1,0.03,24,24,31.02,21,0.5,1.05,0
55,1,0.03,22.1,22.1,31.02,14,0.5,1.7,-1
55,1,0.03,24.3,24.3,31.02,18,0.5,1.5,-1
55,1,0.03,24.3,24.3,31.02,18,0.5,1.6,0
55,1,0.03,24.4,24.4,31.02,21,0.5,1.1,0
65,2,0.03,22.29,22.29,55.63,27,0.57,1.525,0
65,2,0.03,22.02,22.02,30.45,9,0.78,1.275,-1
65,2,0.03,21.5,21.5,30.45,9,0.57,1.8,0
65,2,0.03,21.94,21.94,30.45,10,0.57,1.525,0
65,2,0.03,22.98,22.98,30.45,10,0.57,1.425,-1
65,2,0.03,22.63,22.63,30.45,6,0.68,1.3,0
65,2,0.03,22.46,22.46,30.45,6,0.68,1.5,0
65,2,0.03,20.89,20.89,30.45,3,0.93,1.933,0
65,2,0.03,22.81,22.81,30.45,7,0.93,1.625,1
65,2,0.03,22.81,22.81,30.45,7,0.93,1.5,0
65,2,0.03,22.2,22.2,30.45,6,0.85,1.4,0
65,2,0.03,22.72,22.72,30.45,2,0.85,1.5,0
65,2,0.03,22.02,22.02,30.45,8,0.57,1.9,0
65,2,0.03,23.5,23.5,22.36,2,0.7,1.55,0
65,2,0.03,23.85,23.85,22.36,2,0.7,1.5,0
65,2,0.03,22.98,22.98,22.36,4,0.65,1.42,0
65,2,0.03,23.24,23.24,22.36,3.388889,0.65,1.5,0
65,2,0.03,22.63,22.63,22.36,3,0.79,1.575,0
65,2,0.03,23.41,23.41,31.02,10.222222,0.57,1.2,-1
65,2,0.03,23.85,23.85,31.02,14,0.57,1.5,-1
51,1,0.03,22.63,22.63,54.8,27,0.49,1.35,0
51,1,0.03,22.7,22.7,53.02,28,0.49,1.6,0
51,1,0.03,22.92,22.92,51.77,29,0.49,1.1,1
51,1,0.03,22.49,22.49,56.05,25,0.42,1.6,0
51,1,0.03,22.54,22.54,54.56,26,0.42,1.267,1
51,1,0.03,22.66,22.66,52.99,27,0.42,1.45,0
51,1,0.03,22.46,22.46,56.97,28,0.42,1.6,0
51,1,0.03,22.61,22.61,55.97,31,0.42,1.45,0
51,1,0.03,23.28,23.28,54.83,32,0.42,1.45,1
51,1,0.03,23.04,23.04,60.17,28,0.36,1.6,-1
51,1,0.03,23.69,23.69,58.83,33,0.36,1.567,0
51,1,0.03,23.52,23.52,55.02,32,0.46,1.267,0
51,1,0.03,22.68,22.68,49.62,28,0.46,1.35,-1
51,1,0.03,22.49,22.49,51.3,29,0.46,1.35,-1
51,1,0.03,22.66,22.66,59.37,27,0.46,3,0
51,1,0.03,23.04,23.04,59.83,29,0.44,1.5,0
51,1,0.03,23.5,23.5,58.18,32,0.44,1.35,0
51,1,0.03,23.04,23.04,62.46,26,0.52,1.175,0
51,1,0.03,21.96,21.96,38.59,9,0.55,1.04,-2
51,1,0.03,22.3,22.3,34.94,10,0.55,1.05,-1
51,1,0.03,21.34,21.34,35.9,9,0.7,1.56,1
51,1,0.03,22.92,22.92,34.5,11,0.7,1.225,2
51,1,0.03,22.68,22.68,32.25,10,0.7,1.95,2
51,1,0.03,21.29,21.29,28.88,5,0.87,1.73,0
51,1,0.03,22.3,22.3,27.45,7,0.87,1.05,0
51,1,0.03,21.87,21.87,24.29,6,0.97,1.52,0
51,1,0.03,22.8,22.8,26.4,2,0.97,1.45,1
51,1,0.03,22.85,22.85,26.91,3,0.97,1.3,0
51,1,0.03,22.11,22.11,25.5,8,0.47,1.75,0
51,1,0.03,22.97,22.97,24.23,9,0.47,1.367,1
51,1,0.03,22.51,22.51,23.72,8,0.65,1.55,1
51,1,0.03,24.05,24.05,23.69,13,0.67,1.84,2
51,1,0.03,23.95,23.95,24.3,13,0.67,1.3,2
51,1,0.03,23.23,23.23,42.57,21,0.58,1.5,0
51,1,0.03,23.09,23.09,41.9,20,0.58,1.05,0
51,1,0.03,22.94,22.94,38.33,7,0.72,1.767,1
51,1,0.03,23.54,23.54,34.53,9,0.72,1.488,1
51,1,0.03,22.27,22.27,25.41,4,0.52,1.52,1
51,1,0.03,24.27,24.27,26.44,9,0.58,1.55,2
51,1,0.03,24.53,24.53,27.14,10,0.58,1.35,0
51,1,0.03,22.68,22.68,25.61,6,0.63,1.867,1
51,1,0.03,24.32,24.32,22.92,10,0.59,1.14,1
51,1,0.03,23.88,23.88,17.63,1,0.89,1.62,2
51,1,0.03,24.68,24.68,18.48,1,0.89,1.325,1
51,1,0.03,24.53,24.53,20.62,2,0.89,1.2,2
51,1,0.03,24.41,24.41,23.37,5,0.56,1.6,2
51,1,0.03,24.73,24.73,25.21,8,0.56,1.18,1
51,1,0.03,23.64,23.64,30.25,12,0.56,1.28,0
51,1,0.03,24.82,24.82,30.96,12,0.56,1.588,1
51,1,0.03,23.54,23.54,24.55,7,0.88,1.567,1
51,1,0.03,24.46,24.46,23.34,6,0.99,1.338,1
51,1,0.03,23.74,23.74,19.46,-2,0.8,1.6,1
51,1,0.03,23.26,23.26,17.94,-1,0.8,1.271,1
51,1,0.03,23.98,23.98,17.11,-1,0.8,1.3,1
51,1,0.03,21.94,21.94,17.25,-2,1.06,1.4,2
51,1,0.03,23.3,23.3,16.66,-1,1.06,1.314,1
51,1,0.03,23.66,23.66,16.61,0,0.81,1.283,1
51,1,0.03,21.58,21.58,19.75,-1,1.73,1.55,0
51,1,0.03,23.57,23.57,20.46,1,1.73,1.4,1
51,1,0.03,22.49,22.49,22.01,1,0.81,1.44,0
51,1,0.03,23.76,23.76,21.37,4,1.01,1.18,2
51,1,0.03,22.9,22.9,18.17,-1,0.95,1.82,1
51,1,0.03,26.28,26.28,33.74,28,0.54,1.271,-1
51,1,0.03,25.7,25.7,38.05,24,0.51,1.667,2
51,1,0.03,26.57,26.57,40.85,31,0.46,1.314,1
51,1,0.03,24.63,24.63,49.49,22,0.46,1.656,0
51,1,0.03,24.07,24.07,50.37,21,0.46,1.15,0
51,1,0.03,20.96,20.96,41.31,8,0.92,1.633,-1
51,1,0.03,22.44,22.44,40.4,9,0.92,1.233,0
51,1,0.03,22.56,22.56,27.6,9.444444,0.63,1.65,0
51,1,0.03,23.45,23.45,28.72,13,0.63,1.467,0
51,1,0.03,24.05,24.05,29.48,13.611111,0.63,1.433,0
51,1,0.03,24.99,24.99,37.95,22,0.88,1.667,1
51,1,0.03,24.6,24.6,42.6,23,0.88,1.7,1
51,1,0.03,22.37,22.37,48.56,16,0.92,1.75,-1
51,1,0.03,22.23,22.23,44.26,16,1.23,1.671,-1
51,1,0.03,23.52,23.52,45,17,1.23,1.275,1
51,1,0.03,23.74,23.74,54.8,21,0.67,1.367,0
34,1,0.07,24.48,23.65,60.89,27,0.42,1.548,1
34,1,0.04,24.29,24.12,54.82,30,0.46,1.05,-1
34,1,0.04,23.86,23.73,53.63,32,0.46,1.05,-2
34,1,0.04,23.04,22.92,48.78,28,0.46,1.05,-2
34,1,0.09,23.04,22.81,57.96,27,0.46,2.8,1
34,1,0.03,23.52,23.47,56.45,30,0.46,1.05,-2
34,1,0.03,23.33,23.18,55.77,31,0.46,1.05,-2
34,1,0.04,22.97,22.79,54.97,30,0.46,1.05,-1
34,1,0.03,23.16,22.96,58.96,28,0.46,2.8,0
34,1,0.03,23.69,23.64,57.03,31,0.44,1.05,-1
34,1,0.03,23.74,23.71,57.16,32,0.46,1.05,0
34,1,0.06,23.4,23.07,61.85,26,0.46,2.8,1
34,1,0.12,22.82,22.7,58.14,26,0.46,1.4,1
34,1,0.03,22.87,22.72,56.82,28,0.46,1.05,-2
34,1,0.03,23.02,22.79,52.1,24,0.46,2.8,1
34,1,0.06,23.3,23.1,50.87,29,0.46,1.05,-2
34,1,0.03,23.4,23.33,49.9,30,0.46,1.05,-2
34,1,0.09,22.46,22.21,55.39,24,0.46,2.8,1
34,1,0.03,22.37,22.37,57.33,27,0.38,2.8,1
34,1,0.03,23.21,23.08,54.13,28,0.45,1.05,-2
34,1,0.04,21.29,21.24,57.2,24,0.46,2.8,0
34,1,0.02,22.63,22.8,53.14,28,0.46,1.05,-2
34,1,0.03,22.2,21.93,53.2,30,0.46,1.05,-2
34,1,0.03,21.75,21.87,57.58,24,0.46,2.8,1
34,1,0.03,23.3,23.43,51.79,31,0.46,1.05,-2
34,1,0.03,23.4,23.42,52.59,32,0.46,1.05,-1
34,1,0.03,23.02,22.5,57.55,26,0.58,1.45,0
34,1,0.03,24.24,24.62,43.08,21,0.47,1.675,0
34,1,0.03,22.66,22.61,41.7,21,0.47,1.033,0
34,1,0.03,21.27,21.39,38.84,9,0.55,1.4,-1
34,1,0.03,21.8,21.84,35.42,10,0.55,1.28,-1
34,1,0.03,20.36,20.46,38.55,8,0.56,1.625,0
34,1,0.03,21.68,21.92,35.84,10,0.56,1.5,0
34,1,0.03,22.32,22.3,32.62,9,0.56,1.1,0
34,1,0.02,19.08,19.15,31.66,4,0.59,1.7,-1
34,1,0.03,20.77,21.06,30.35,6,0.59,1.525,-1
34,1,0.03,21.68,21.65,27.87,7,0.59,1.35,-1
34,1,0.03,19.86,19.94,26.86,3,0.72,1,-2
34,1,0.03,20.84,21.06,27.13,6.277778,0.72,1.35,-2
34,1,0.03,21.53,21.46,25.66,7,0.72,1.15,-2
34,1,0.03,19.41,19.46,27.76,4,0.73,1.625,-1
34,1,0.03,20.77,20.77,28,3,0.98,1.075,-2
34,1,0.03,21.82,21.75,28.89,3,0.71,1.15,1
34,1,0.13,19.89,20.09,30.07,6,0.56,1.5,0
34,1,0.03,21.56,21.85,26.44,9,0.73,1.65,-1
34,1,0.03,22.75,22.78,24.7,11,0.73,1,-1
34,1,0.03,20.22,20.44,26.21,7,0.56,1.5,-2
34,1,0.03,22.9,23.19,25.39,11,0.73,1,0
34,1,0.03,23.09,23.09,26.15,13,0.56,1.2,0
34,1,0.03,23.09,23.31,43.72,21,0.57,1.05,-2
34,1,0.07,21.84,21.57,43.96,20,0.57,1.05,-2
34,1,0.03,22.18,22.2,40.57,7,0.56,1.325,-2
34,1,0.03,22.58,22.56,36.88,9,0.56,1.3,-1
34,1,0.03,21.39,21.46,28.22,4,0.47,1.55,0
34,1,0.03,22.9,23.07,28.17,9,0.47,1.25,-1
34,1,0.03,23.45,23.42,29.23,10,0.47,1.125,0
34,1,0.03,21.82,21.87,28.08,4,0.57,1.5,0
34,1,0.03,22.75,22.85,24.83,9,0.57,1.125,0
34,1,0.03,23.16,23.18,25.14,10,0.57,1,0
34,1,0.03,21.63,21.53,19.07,-1,0.75,1.525,0
34,1,0.03,23.71,23.76,20.26,1,0.58,1.325,-1
34,1,0.03,23.23,22.96,22.26,2,0.58,1.15,0
34,1,0.03,22.66,22.51,25.54,4,0.57,1.667,0
34,1,0.03,23.78,23.71,27.29,9,0.57,1.825,0
34,1,0.03,24.17,24.1,28.88,12,0.57,1.225,0
34,1,0.03,23.71,23.69,32.57,12,0.56,1.667,0
34,1,0.03,25.11,25.04,41.87,19,0.56,1.225,-1
34,1,0.03,22.56,22.36,28.14,7,0.52,1.5,0
34,1,0.03,23.33,23.3,26.64,7,0.52,1.55,0
34,1,0.03,23.57,23.47,25.44,6,0.48,1.3,-1
34,1,0.03,22.51,22.56,22.97,-1,0.57,1.5,1
34,1,0.03,23.59,23.67,20.77,-1,0.57,1.05,-2
34,1,0.03,23.33,23.18,19.3,-1,0.57,1.05,-1
34,1,0.03,20.58,21.02,19.42,-3,0.77,1.667,0
34,1,0.03,22.34,22.57,18.76,-2,0.77,1.233,0
34,1,0.03,23.06,23.14,18.32,0,0.77,1.1,-1
34,1,0.03,21.18,21.2,20.97,-1,0.73,1.5,0
34,1,0.03,22.61,22.71,21.67,1,0.58,1.25,-2
34,1,0.03,23.09,23.11,21.57,1,0.58,1.05,-1
34,1,0.03,21.72,21.92,24.56,-0.277778,0.57,1.5,0
34,1,0.03,23.06,23.16,23.21,4,0.57,1.05,-1
34,1,0.03,22.97,22.87,22.38,3.388889,0.57,1.3,0
34,1,0.03,21.65,21.73,24.41,3,0.62,1.667,-1
34,1,0.03,22.56,22.68,25.09,3,0.7,1.36,-1
34,1,0.03,22.82,22.8,26,3,0.62,1.117,-1
34,1,0.03,22.63,22.66,32.38,17,0.56,1.5,0
34,1,0.03,24.46,24.88,31.87,23,0.56,1,0
34,1,0.03,25.57,25.75,32.61,20.555556,0.56,1,0
34,1,0.03,24.53,24.51,39.25,22,0.56,1.5,0
34,1,0.03,21.06,21.1,42.42,9,0.53,1.5,-1
34,1,0.03,22.06,21.94,28.51,8,0.56,1.5,-1
34,1,0.05,22.34,22.42,29.74,12,0.56,1.125,-1
34,1,0.03,23.04,23.14,31.58,13.611111,0.56,1,-1
34,1,0.03,23.45,23.92,40.84,21,0.57,1,-1
34,1,0.03,22.44,22.47,45.22,17,0.56,1.625,-1
34,1,0.03,22.97,23.02,42.38,21,0.56,1.2,-1
34,1,0.03,21.89,22.01,46.88,16,0.81,1,-1
34,1,0.03,22.94,23.07,48.61,18,0.47,1,-1
34,1,0.03,22.7,22.68,56.95,25,0.56,1,0
34,1,0.04,22.85,22.82,59.13,25,0.56,1.4,-1
26,1,0.03,23.71,23.27,55.61,24,0.53,4,1
26,1,0.03,23.86,23.61,53.63,31,0.53,2,0
26,1,0.03,24.03,23.83,52.8,29,0.53,1.267,1
26,1,0.03,23.09,22.82,54.67,24,0.53,4,1
26,1,0.03,23.78,23.56,51.79,28,0.46,1.267,0
26,1,0.03,24.07,23.9,52.62,29,0.46,1.267,-1
26,1,0.03,22.99,22.6,55.66,24,0.53,4,0
26,1,0.03,23.16,22.94,53.5,26,0.46,1.3,-1
26,1,0.03,23.52,23.32,52.7,27,0.46,1.3,-1
26,1,0.03,22.68,22.41,55.98,26,0.46,4,2
26,1,0.03,23.4,23.18,54.09,31,0.46,1.3,0
26,1,0.03,23.66,23.47,54.76,32,0.46,1.45,-1
26,1,0.03,24.03,23.88,58.01,32,0.46,1.45,0
26,1,0.03,24.03,23.85,58.69,33,0.46,1.267,0
26,1,0.03,23.57,23.47,57.02,30,0.46,1.475,0
26,1,0.03,23.76,23.54,54.62,32,0.46,1.3,0
26,1,0.03,23.3,23.13,49.07,28,0.53,1.44,-1
26,1,0.03,23.23,23.03,49.94,29,0.53,1.575,0
26,1,0.03,23.76,23.46,56.2,27,0.51,1.267,-1
26,1,0.03,23.52,23.25,56.23,31,0.53,1.45,-2
26,1,0.03,23.57,23.35,53.55,30,0.53,1.45,-1
26,1,0.03,24.36,24.17,55.51,32,0.53,1.567,-1
26,1,0.03,24.77,24.52,54.82,32,0.45,1.267,-1
26,1,0.03,23.66,23.37,56.5,26,0.53,1.267,-1
26,1,0.03,23.78,23.46,54.93,28,0.53,1.267,-1
26,1,0.03,24.65,24.26,56.74,26,0.5,1.04,0
26,1,0.03,23.69,23.27,42.49,21,0.35,1.643,-2
26,1,0.03,23.57,23.37,42.87,21,0.35,1.05,0
26,1,0.03,21.65,21.5,39.96,9,0.59,1.283,0
26,1,0.03,22.51,22.32,36.35,10,0.59,1,0
26,1,0.03,22.49,22.32,36.34,11,0.59,1.4,0
26,1,0.03,22.9,22.65,33.4,10,0.59,1.767,0
26,1,0.03,22.51,22.29,33.63,10,0.67,1,0
26,1,0.03,23.4,23.01,31.94,9,0.67,1.75,0
26,1,0.03,21.99,21.67,28.16,6,0.88,1.15,0
26,1,0.03,22.66,22.41,26.66,7,0.88,1.55,0
26,1,0.03,21.87,21.67,24.19,2,0.67,3.125,0
26,1,0.03,21.89,21.67,25.08,6.277778,0.67,1.125,-1
26,1,0.03,23.02,22.62,23.76,7,0.67,1.05,0
26,1,0.03,22.63,22.44,25.5,3,0.67,1.375,0
26,1,0.03,23.59,23.25,26.26,3,0.67,1.325,0
26,1,0.03,22.27,22.13,25.68,6,0.67,1.65,0
26,1,0.03,23.23,22.96,24.94,9,0.67,1.4,0
26,1,0.03,23.62,23.32,23.73,11,0.67,1.175,1
26,1,0.03,23.69,23.42,24.83,11,0.59,1.425,0
26,1,0.03,22.78,22.6,36.83,9,0.67,3.333,0
26,1,0.03,24,23.73,39.79,21,0.59,1.225,0
26,1,0.03,23.26,22.93,40.72,20,0.59,1.425,0
26,1,0.03,23.09,22.77,39.76,7,0.67,1.067,0
26,1,0.03,23.71,23.54,35.74,9,0.67,1.05,0
26,1,0.03,23.95,23.71,27.51,9,0.59,1.025,0
26,1,0.03,24.51,24.26,27.11,9,0.59,1,0
26,1,0.03,22.23,21.93,18.06,-1,0.67,1.9,0
26,1,0.03,25.09,24.84,19.72,1,0.59,1.14,0
26,1,0.03,24.7,24.28,20.42,2,0.67,1.5,0
26,1,0.03,24.07,23.85,21.77,4,0.67,1.9,0
26,1,0.03,24.7,24.48,25.18,8,0.59,1.8,0
26,1,0.03,24.22,24.05,24.73,7,0.59,1.267,0
26,1,0.03,24.68,24.5,24.15,6,0.59,1.067,0
26,1,0.03,24.17,23.87,18.86,-1,0.57,1.075,0
26,1,0.03,24.27,23.99,17.9,-1,0.57,1.05,0
26,1,0.03,23.23,22.91,17.21,-1,0.67,1.25,-1
26,1,0.03,23.64,23.32,17.23,0,0.67,1.55,1
26,1,0.03,22.51,22.19,19.81,-1,0.67,1.9,-2
26,1,0.03,23.09,22.89,21.46,1,0.59,1.05,0
26,1,0.03,23.71,23.37,20.78,1,0.59,1.1,0
26,1,0.03,23.18,23.01,21.3,1,0.59,1.5,1
26,1,0.03,23.71,23.39,21.33,4,0.59,1.55,2
26,1,0.03,23.74,23.37,18.35,2,0.67,1.5,0
26,1,0.03,22.94,22.75,20.94,3,0.67,2,-1
26,1,0.03,23.83,23.49,23.23,3,0.67,1.571,0
26,1,0.03,24.39,23.97,24.2,3,0.67,1,0
26,1,0.03,22.2,22.03,39.3,8,0.59,1.433,0
26,1,0.03,22.3,21.93,40.26,8,0.59,1.91,0
26,1,0.03,22.58,22.26,40.03,9,0.59,1.125,0
26,1,0.03,22.68,22.26,27.75,9.444444,0.5,1.867,0
26,1,0.03,23.09,22.84,29,12,0.5,1.325,0
26,1,0.03,25.19,24.69,40.37,23,0.5,1.025,0
26,1,0.03,23.62,23.34,40.53,21,0.5,1.7,0
26,1,0.03,23.9,23.46,56.82,25,0.5,1.025,0
27,2,0.03,23.96,23.96,55.63,24,0.4,2.8,1
27,2,0.03,24.14,24.14,55.63,31,0.4,1.5,-2
27,2,0.03,24.23,24.23,55.63,29,0.4,1.05,0
27,2,0.03,23.23,23.23,55.63,24,0.58,2.8,0
27,2,0.03,23.59,23.59,55.63,28,0.58,1.05,-1
27,2,0.03,23.59,23.59,55.63,29,0.58,1,0
27,2,0.03,23.23,23.23,55.63,24,0.34,2.8,-1
27,2,0.03,23.96,23.96,55.63,27,0.34,1.1,-1
27,2,0.03,23.14,23.14,55.63,23,0.31,2.8,-1
27,2,0.03,23.78,23.78,55.63,31,0.56,1.05,0
27,2,0.03,23.59,23.59,55.63,32,0.31,1.05,0
27,2,0.03,23.87,23.87,55.63,26,0.32,2.8,-1
27,2,0.03,24.14,24.14,55.63,32,0.64,1.05,-1
27,2,0.03,23.96,23.96,55.63,33,0.64,1.267,0
27,2,0.03,23.5,23.5,55.63,27,0.34,1.548,1
27,2,0.03,23.87,23.87,55.63,31,0.34,1.5,-1
27,2,0.03,23.5,23.5,55.63,31,0.34,1.6,0
27,2,0.03,23.14,23.14,55.63,26,0.34,2.8,0
27,2,0.03,23.5,23.5,55.63,28,0.34,2,0
27,2,0.03,23.41,23.41,55.63,29,0.64,1.05,-1
27,2,0.03,23.5,23.5,55.63,27,0.34,2.033,-2
27,2,0.03,23.59,23.59,55.63,31,0.68,1.05,0
27,2,0.03,23.59,23.59,55.63,30,0.68,1.05,-2
27,2,0.03,23.23,23.23,55.63,26,0.54,2.55,-2
27,2,0.03,24.68,24.68,55.63,31,0.54,1.05,0
27,2,0.03,24.5,24.5,55.63,32,0.54,2,0
