,PMV,PPD,SET,Clo,Met,Air temperature (¡C),Relative humidity (%),Air velocity (m/s),Thermal sensation,Ta_m (¡C),Operative temperature (¡C),Radiant temperature (¡C),Globe temperature (¡C),Tg_m (¡C)
0,0.6,13,23.25666667,0.436666667,1.19,22.8,62,0.17,1,23.53333333,23.7,23.4,23.83333333,23.83333333
1,0.6,13,23.25666667,0.436666667,1.19,22.8,62,0.17,1,23.53333333,23.7,23.4,23.83333333,23.83333333
2,0.6,13,23.42333333,0.516666667,1.19,22.8,62,0.17,-1,22.93333333,23.2,23.4,23.43333333,23.43333333
3,0.6,13,23.25666667,0.436666667,1.19,22.8,62,0.17,1,23.53333333,23.7,23.4,23.83333333,23.83333333
4,0.6,13,23.42333333,0.516666667,1.19,22.8,62,0.17,-1,22.93333333,23.2,23.4,23.43333333,23.43333333
5,0.6,13,23.42333333,0.516666667,1.19,22.8,62,0.17,-1,22.93333333,23.2,23.4,23.43333333,23.43333333
6,0.6,13,23.42333333,0.516666667,1.19,22.8,62,0.17,-2,22.93333333,23.2,23.4,23.43333333,23.43333333
7,0.6,13,23.25666667,0.436666667,1.19,22.8,62,0.17,0,23.53333333,23.7,23.4,23.83333333,23.83333333
8,0.6,13,23.42333333,0.516666667,1.19,22.8,62,0.17,-2,22.93333333,23.2,23.4,23.43333333,23.43333333
9,0.6,13,23.42333333,0.516666667,1.19,22.8,62,0.17,-1,22.93333333,23.2,23.4,23.43333333,23.43333333
10,0.7,14,23.25666667,0.436666667,1.19,22.8,62,0.16,-1,23.53333333,23.7,24.2,23.83333333,23.83333333
11,0.7,14,23.25666667,0.436666667,1.19,22.8,62,0.16,1,23.53333333,23.7,24.2,23.83333333,23.83333333
12,0.7,14,23.25666667,0.436666667,1.19,22.8,62,0.16,-1,23.53333333,23.7,24.2,23.83333333,23.83333333
13,0.7,14,23.25666667,0.436666667,1.19,22.8,62,0.16,0,23.53333333,23.7,24.2,23.83333333,23.83333333
14,0.7,14,23.25666667,0.436666667,1.19,22.8,62,0.16,0,23.53333333,23.7,24.2,23.83333333,23.83333333
15,0.7,14,23.25666667,0.436666667,1.19,22.8,62,0.16,0,23.53333333,23.7,24.2,23.83333333,23.83333333
16,0.7,14,23.25666667,0.436666667,1.19,22.8,62,0.16,1,23.53333333,23.7,24.2,23.83333333,23.83333333
17,0.7,14,23.25666667,0.436666667,1.19,22.8,62,0.16,2,23.53333333,23.7,24.2,23.83333333,23.83333333
18,0.7,14,23.25666667,0.436666667,1.19,22.8,62,0.16,-1,23.53333333,23.7,24.2,23.83333333,23.83333333
19,0.7,14,23.25666667,0.436666667,1.19,22.8,62,0.16,-1,23.53333333,23.7,24.2,23.83333333,23.83333333
20,0.7,14,23.25666667,0.436666667,1.19,22.8,62,0.16,0,23.53333333,23.7,24.2,23.83333333,23.83333333
21,0.7,14,23.25666667,0.436666667,1.19,22.8,62,0.16,0,23.53333333,23.7,24.2,23.83333333,23.83333333
22,0.7,14,23.25666667,0.436666667,1.19,22.8,62,0.16,0,23.53333333,23.7,24.2,23.83333333,23.83333333
23,0.7,14,23.25666667,0.436666667,1.19,22.8,62,0.16,-2,23.53333333,23.7,24.2,23.83333333,23.83333333
24,0.7,14,23.25666667,0.436666667,1.19,22.8,62,0.16,0,23.53333333,23.7,24.2,23.83333333,23.83333333
25,0.7,14,23.25666667,0.436666667,1.19,22.8,62,0.16,-2,23.53333333,23.7,24.2,23.83333333,23.83333333
26,0.7,14,23.25666667,0.436666667,1.19,22.8,62,0.16,2,23.53333333,23.7,24.2,23.83333333,23.83333333
27,0.7,14,23.25666667,0.436666667,1.19,22.8,62,0.16,-1,23.53333333,23.7,24.2,23.83333333,23.83333333
28,0.7,14,23.25666667,0.436666667,1.19,22.8,62,0.16,0,23.53333333,23.7,24.2,23.83333333,23.83333333
29,0.7,14,23.25666667,0.436666667,1.19,22.8,62,0.16,0,23.53333333,23.7,24.2,23.83333333,23.83333333
30,0.7,14,23.25666667,0.436666667,1.19,22.8,62,0.16,2,23.53333333,23.7,24.2,23.83333333,23.83333333
31,0.7,14,23.25666667,0.436666667,1.19,22.8,62,0.16,1,23.53333333,23.7,24.2,23.83333333,23.83333333
32,0.7,14,23.25666667,0.436666667,1.19,22.8,62,0.16,0,23.53333333,23.7,24.2,23.83333333,23.83333333
33,0.7,14,23.25666667,0.436666667,1.19,22.8,62,0.16,-2,23.53333333,23.7,24.2,23.83333333,23.83333333
34,0.7,14,23.25666667,0.436666667,1.19,22.8,62,0.16,0,23.53333333,23.7,24.2,23.83333333,23.83333333
35,0.7,14,23.25666667,0.436666667,1.19,22.8,62,0.16,1,23.53333333,23.7,24.2,23.83333333,23.83333333
36,0.7,14,23.25666667,0.436666667,1.19,22.8,62,0.16,1,23.53333333,23.7,24.2,23.83333333,23.83333333
37,0.7,14,23.25666667,0.436666667,1.19,22.8,62,0.16,0,23.53333333,23.7,24.2,23.83333333,23.83333333
38,0.7,14,23.25666667,0.436666667,1.19,22.8,62,0.16,0,23.53333333,23.7,24.2,23.83333333,23.83333333
39,0.7,14,23.25666667,0.436666667,1.19,22.8,62,0.16,0,23.53333333,23.7,24.2,23.83333333,23.83333333
40,0.7,14,23.25666667,0.436666667,1.19,22.8,62,0.16,-2,23.53333333,23.7,24.2,23.83333333,23.83333333
41,0.5,11,24.07,0.516666667,1.323333333,22.4,54,0.13,0,22.6,22.9,23.4,23.1,23.1
42,0.5,11,24.07,0.516666667,1.323333333,22.4,54,0.13,1,22.6,22.9,23.4,23.1,23.1
43,0.5,11,24.07,0.516666667,1.323333333,22.4,54,0.13,-2,22.6,22.9,23.4,23.1,23.1
44,0.5,11,24.07,0.516666667,1.323333333,22.4,54,0.13,0,22.6,22.9,23.4,23.1,23.1
45,0.5,11,24.07,0.516666667,1.323333333,22.4,54,0.13,0,22.6,22.9,23.4,23.1,23.1
46,0.5,11,24.07,0.516666667,1.323333333,22.4,54,0.13,-1,22.6,22.9,23.4,23.1,23.1
47,0.5,11,24.07,0.516666667,1.323333333,22.4,54,0.13,1,22.6,22.9,23.4,23.1,23.1
48,0.5,11,24.07,0.516666667,1.323333333,22.4,54,0.13,1,22.6,22.9,23.4,23.1,23.1
49,0.5,11,24.07,0.516666667,1.323333333,22.4,54,0.13,1,22.6,22.9,23.4,23.1,23.1
50,0.5,11,24.07,0.516666667,1.323333333,22.4,54,0.13,-1,22.6,22.9,23.4,23.1,23.1
51,0.5,11,24.07,0.516666667,1.323333333,22.4,54,0.13,0,22.6,22.9,23.4,23.1,23.1
52,0.5,11,24.07,0.516666667,1.323333333,22.4,54,0.13,-2,22.6,22.9,23.4,23.1,23.1
53,0.5,11,24.07,0.516666667,1.323333333,22.4,54,0.13,0,22.6,22.9,23.4,23.1,23.1
54,0.5,11,24.07,0.516666667,1.323333333,22.4,54,0.13,-2,22.6,22.9,23.4,23.1,23.1
55,0.5,11,24.07,0.516666667,1.323333333,22.4,54,0.13,1,22.6,22.9,23.4,23.1,23.1
56,0.5,11,24.07,0.516666667,1.323333333,22.4,54,0.13,2,22.6,22.9,23.4,23.1,23.1
57,0.5,11,24.07,0.516666667,1.323333333,22.4,54,0.13,-1,22.6,22.9,23.4,23.1,23.1
58,0.5,11,24.07,0.516666667,1.323333333,22.4,54,0.13,2,22.6,22.9,23.4,23.1,23.1
59,0.5,11,24.07,0.516666667,1.323333333,22.4,54,0.13,-1,22.6,22.9,23.4,23.1,23.1
60,0.5,11,24.07,0.516666667,1.323333333,22.4,54,0.13,-1,22.6,22.9,23.4,23.1,23.1
61,0.5,11,24.07,0.516666667,1.323333333,22.4,54,0.13,-1,22.6,22.9,23.4,23.1,23.1
62,0.5,11,24.07,0.516666667,1.323333333,22.4,54,0.13,-2,22.6,22.9,23.4,23.1,23.1
63,0.5,11,24.07,0.516666667,1.323333333,22.4,54,0.13,-2,22.6,22.9,23.4,23.1,23.1
64,0.5,11,24.07,0.516666667,1.323333333,22.4,54,0.13,1,22.6,22.9,23.4,23.1,23.1
65,0.5,11,24.07,0.516666667,1.323333333,22.4,54,0.13,2,22.6,22.9,23.4,23.1,23.1
66,0.5,11,24.07,0.516666667,1.323333333,22.4,54,0.13,2,22.6,22.9,23.4,23.1,23.1
67,0.5,11,24.07,0.516666667,1.323333333,22.4,54,0.13,0,22.6,22.9,23.4,23.1,23.1
68,0.5,11,24.07,0.516666667,1.323333333,22.4,54,0.13,-2,22.6,22.9,23.4,23.1,23.1
69,0.5,11,24.07,0.516666667,1.323333333,22.4,54,0.13,-1,22.6,22.9,23.4,23.1,23.1
70,0.5,11,24.07,0.516666667,1.323333333,22.4,54,0.13,2,22.6,22.9,23.4,23.1,23.1
71,0.5,11,24.07,0.516666667,1.323333333,22.4,54,0.13,1,22.6,22.9,23.4,23.1,23.1
72,0.5,11,24.07,0.516666667,1.323333333,22.4,54,0.13,-1,22.6,22.9,23.4,23.1,23.1
73,0.5,11,24.07,0.516666667,1.323333333,22.4,54,0.13,1,22.6,22.9,23.4,23.1,23.1
74,0.5,11,24.07,0.516666667,1.323333333,22.4,54,0.13,1,22.6,22.9,23.4,23.1,23.1
75,0.5,11,24.07,0.516666667,1.323333333,22.4,54,0.13,-2,22.6,22.9,23.4,23.1,23.1
76,0.5,11,24.07,0.516666667,1.323333333,22.4,54,0.13,0,22.6,22.9,23.4,23.1,23.1
77,0.5,11,24.07,0.516666667,1.323333333,22.4,54,0.13,0,22.6,22.9,23.4,23.1,23.1
78,0.5,11,24.07,0.516666667,1.323333333,22.4,54,0.13,0,22.6,22.9,23.4,23.1,23.1
79,0.5,11,24.07,0.516666667,1.323333333,22.4,54,0.13,-1,22.6,22.9,23.4,23.1,23.1
80,0.5,11,24.07,0.516666667,1.323333333,22.4,54,0.13,1,22.6,22.9,23.4,23.1,23.1
81,0.5,11,24.07,0.516666667,1.323333333,22.4,54,0.13,1,22.6,22.9,23.4,23.1,23.1
82,0.5,11,24.07,0.516666667,1.323333333,22.4,54,0.13,0,22.6,22.9,23.4,23.1,23.1
83,0.5,11,24.07,0.516666667,1.323333333,22.4,54,0.13,1,22.6,22.9,23.4,23.1,23.1
84,0.5,11,24.07,0.516666667,1.323333333,22.4,54,0.13,0,22.6,22.9,23.4,23.1,23.1
85,0.5,11,24.07,0.516666667,1.323333333,22.4,54,0.13,1,22.6,22.9,23.4,23.1,23.1
86,0.5,11,24.07,0.516666667,1.323333333,22.4,54,0.13,-1,22.6,22.9,23.4,23.1,23.1
87,0.5,11,24.07,0.516666667,1.323333333,22.4,54,0.13,-2,22.6,22.9,23.4,23.1,23.1
88,0.5,11,24.07,0.516666667,1.323333333,22.4,54,0.13,1,22.6,22.9,23.4,23.1,23.1
89,0.5,11,24.07,0.516666667,1.323333333,22.4,54,0.13,1,22.6,22.9,23.4,23.1,23.1
90,0.5,11,24.07,0.516666667,1.323333333,22.4,54,0.13,0,22.6,22.9,23.4,23.1,23.1
91,0.5,11,24.07,0.516666667,1.323333333,22.4,54,0.13,2,22.6,22.9,23.4,23.1,23.1
92,0.5,11,24.07,0.516666667,1.323333333,22.4,54,0.13,0,22.6,22.9,23.4,23.1,23.1
93,0.5,11,24.07,0.516666667,1.323333333,22.4,54,0.13,-1,22.6,22.9,23.4,23.1,23.1
94,0.5,11,24.07,0.516666667,1.323333333,22.4,54,0.13,0,22.6,22.9,23.4,23.1,23.1
95,0.5,11,24.07,0.516666667,1.323333333,22.4,54,0.13,0,22.6,22.9,23.4,23.1,23.1
96,0.5,11,24.07,0.516666667,1.323333333,22.4,54,0.13,0,22.6,22.9,23.4,23.1,23.1
97,0.5,11,24.07,0.516666667,1.323333333,22.4,54,0.13,-1,22.6,22.9,23.4,23.1,23.1
98,0.5,11,24.07,0.516666667,1.323333333,22.4,54,0.13,-1,22.6,22.9,23.4,23.1,23.1
99,0.5,11,24.07,0.516666667,1.323333333,22.4,54,0.13,0,22.6,22.9,23.4,23.1,23.1
100,0.5,11,24.07,0.516666667,1.323333333,22.4,54,0.13,-1,22.6,22.9,23.4,23.1,23.1
101,0.5,11,24.07,0.516666667,1.323333333,22.4,54,0.13,1,22.6,22.9,23.4,23.1,23.1
102,0.5,11,24.07,0.516666667,1.323333333,22.4,54,0.13,-1,22.6,22.9,23.4,23.1,23.1
103,0.5,11,24.07,0.516666667,1.323333333,22.4,54,0.13,1,22.6,22.9,23.4,23.1,23.1
104,0.5,11,24.07,0.516666667,1.323333333,22.4,54,0.13,-1,22.6,22.9,23.4,23.1,23.1
105,0.5,11,24.07,0.516666667,1.323333333,22.4,54,0.13,-1,22.6,22.9,23.4,23.1,23.1
106,0.8,19,22.49666667,0.45,1.19,23.5,62.8,0.19,2,22.86666667,23.26666667,24.8,23.63333333,23.63333333
107,0.8,19,22.49666667,0.45,1.19,23.5,62.8,0.19,2,22.86666667,23.26666667,24.8,23.63333333,23.63333333
108,0.8,19,22.49666667,0.45,1.19,23.5,62.8,0.19,-2,22.86666667,23.26666667,24.8,23.63333333,23.63333333
109,0.8,19,22.49666667,0.45,1.19,23.5,62.8,0.19,2,22.86666667,23.26666667,24.8,23.63333333,23.63333333
110,0.8,19,22.49666667,0.45,1.19,23.5,62.8,0.19,-2,22.86666667,23.26666667,24.8,23.63333333,23.63333333
111,0.8,19,22.49666667,0.45,1.19,23.5,62.8,0.19,2,22.86666667,23.26666667,24.8,23.63333333,23.63333333
112,0.8,19,22.49666667,0.45,1.19,23.5,62.8,0.19,0,22.86666667,23.26666667,24.8,23.63333333,23.63333333
113,0.8,19,22.49666667,0.45,1.19,23.5,62.8,0.19,2,22.86666667,23.26666667,24.8,23.63333333,23.63333333
114,0.8,19,22.49666667,0.45,1.19,23.5,62.8,0.19,1,22.86666667,23.26666667,24.8,23.63333333,23.63333333
115,0.8,19,22.49666667,0.45,1.19,23.5,62.8,0.19,-1,22.86666667,23.26666667,24.8,23.63333333,23.63333333
116,0.8,19,22.49666667,0.45,1.19,23.5,62.8,0.19,1,22.86666667,23.26666667,24.8,23.63333333,23.63333333
117,0.8,19,22.49666667,0.45,1.19,23.5,62.8,0.19,-1,22.86666667,23.26666667,24.8,23.63333333,23.63333333
118,0.8,19,22.49666667,0.45,1.19,23.5,62.8,0.19,1,22.86666667,23.26666667,24.8,23.63333333,23.63333333
119,0.8,19,22.49666667,0.45,1.19,23.5,62.8,0.19,1,22.86666667,23.26666667,24.8,23.63333333,23.63333333
120,0.8,19,22.49666667,0.45,1.19,23.5,62.8,0.19,1,22.86666667,23.26666667,24.8,23.63333333,23.63333333
121,0.8,20,25.56666667,0.44,1.216666667,23.8,56.6,0.43,1,27.3,27.36666667,24.9,27.43333333,27.43333333
122,0.8,20,25.56666667,0.44,1.216666667,23.8,56.6,0.43,1,27.3,27.36666667,24.9,27.43333333,27.43333333
123,0.8,20,25.56666667,0.44,1.216666667,23.8,56.6,0.43,-1,27.3,27.36666667,24.9,27.43333333,27.43333333
124,0.8,20,25.56666667,0.44,1.216666667,23.8,56.6,0.43,2,27.3,27.36666667,24.9,27.43333333,27.43333333
125,0.8,20,25.56666667,0.44,1.216666667,23.8,56.6,0.43,1,27.3,27.36666667,24.9,27.43333333,27.43333333
126,0.8,20,25.56666667,0.44,1.216666667,23.8,56.6,0.43,1,27.3,27.36666667,24.9,27.43333333,27.43333333
127,0.8,20,25.56666667,0.44,1.216666667,23.8,56.6,0.43,0,27.3,27.36666667,24.9,27.43333333,27.43333333
128,0.8,20,25.56666667,0.44,1.216666667,23.8,56.6,0.43,0,27.3,27.36666667,24.9,27.43333333,27.43333333
129,0.8,20,25.56666667,0.44,1.216666667,23.8,56.6,0.43,-2,27.3,27.36666667,24.9,27.43333333,27.43333333
130,0.8,20,25.56666667,0.44,1.216666667,23.8,56.6,0.43,2,27.3,27.36666667,24.9,27.43333333,27.43333333
131,0.8,20,25.56666667,0.44,1.216666667,23.8,56.6,0.43,0,27.3,27.36666667,24.9,27.43333333,27.43333333
132,0.8,20,25.56666667,0.44,1.216666667,23.8,56.6,0.43,-1,27.3,27.36666667,24.9,27.43333333,27.43333333
133,0.8,20,25.56666667,0.44,1.216666667,23.8,56.6,0.43,1,27.3,27.36666667,24.9,27.43333333,27.43333333
134,0.8,20,25.56666667,0.44,1.216666667,23.8,56.6,0.43,2,27.3,27.36666667,24.9,27.43333333,27.43333333
135,0.8,20,25.56666667,0.44,1.216666667,23.8,56.6,0.43,1,27.3,27.36666667,24.9,27.43333333,27.43333333
136,0.8,20,25.56666667,0.44,1.216666667,23.8,56.6,0.43,-1,27.3,27.36666667,24.9,27.43333333,27.43333333
137,0.8,20,25.56666667,0.44,1.216666667,23.8,56.6,0.43,-2,27.3,27.36666667,24.9,27.43333333,27.43333333
138,0.8,20,25.56666667,0.44,1.216666667,23.8,56.6,0.43,2,27.3,27.36666667,24.9,27.43333333,27.43333333
139,0.8,20,25.56666667,0.44,1.216666667,23.8,56.6,0.43,0,27.3,27.36666667,24.9,27.43333333,27.43333333
140,0.8,20,25.56666667,0.44,1.216666667,23.8,56.6,0.43,-1,27.3,27.36666667,24.9,27.43333333,27.43333333
141,0.8,20,25.56666667,0.44,1.216666667,23.8,56.6,0.43,0,27.3,27.36666667,24.9,27.43333333,27.43333333
142,0.8,20,25.56666667,0.44,1.216666667,23.8,56.6,0.43,-1,27.3,27.36666667,24.9,27.43333333,27.43333333
143,0.8,20,25.56666667,0.44,1.216666667,23.8,56.6,0.43,1,27.3,27.36666667,24.9,27.43333333,27.43333333
144,0.8,20,25.56666667,0.44,1.216666667,23.8,56.6,0.43,1,27.3,27.36666667,24.9,27.43333333,27.43333333
145,0.8,20,25.56666667,0.44,1.216666667,23.8,56.6,0.43,-1,27.3,27.36666667,24.9,27.43333333,27.43333333
146,0.8,20,25.56666667,0.44,1.216666667,23.8,56.6,0.43,1,27.3,27.36666667,24.9,27.43333333,27.43333333
147,0.9,23,27.03,0.623333333,1.456666667,24.7,58.4,0.12,2,23.33333333,23.63333333,25.1,23.83333333,23.83333333
148,0.9,23,27.03,0.623333333,1.456666667,24.7,58.4,0.12,2,23.33333333,23.63333333,25.1,23.83333333,23.83333333
149,0.9,23,27.03,0.623333333,1.456666667,24.7,58.4,0.12,1,23.33333333,23.63333333,25.1,23.83333333,23.83333333
150,0.9,23,27.03,0.623333333,1.456666667,24.7,58.4,0.12,1,23.33333333,23.63333333,25.1,23.83333333,23.83333333
151,0.9,23,27.03,0.623333333,1.456666667,24.7,58.4,0.12,1,23.33333333,23.63333333,25.1,23.83333333,23.83333333
152,0.9,23,27.03,0.623333333,1.456666667,24.7,58.4,0.12,0,23.33333333,23.63333333,25.1,23.83333333,23.83333333
153,0.9,23,27.03,0.623333333,1.456666667,24.7,58.4,0.12,2,23.33333333,23.63333333,25.1,23.83333333,23.83333333
154,0.9,23,27.03,0.623333333,1.456666667,24.7,58.4,0.12,1,23.33333333,23.63333333,25.1,23.83333333,23.83333333
155,0.9,23,26.55,0.466666667,1.586666667,24.7,58.4,0.12,-2,23.46666667,23.83333333,25.1,24.1,24.1
156,0.9,23,27.03,0.623333333,1.456666667,24.7,58.4,0.12,0,23.33333333,23.63333333,25.1,23.83333333,23.83333333
157,0.9,23,27.03,0.623333333,1.456666667,24.7,58.4,0.12,0,23.33333333,23.63333333,25.1,23.83333333,23.83333333
158,0.9,23,27.03,0.623333333,1.456666667,24.7,58.4,0.12,1,23.33333333,23.63333333,25.1,23.83333333,23.83333333
159,0.9,23,27.03,0.623333333,1.456666667,24.7,58.4,0.12,0,23.33333333,23.63333333,25.1,23.83333333,23.83333333
160,0.9,23,26.55,0.466666667,1.586666667,24.7,58.4,0.12,-1,23.46666667,23.83333333,25.1,24.1,24.1
161,0.9,23,27.03,0.623333333,1.456666667,24.7,58.4,0.12,0,23.33333333,23.63333333,25.1,23.83333333,23.83333333
162,0.9,23,26.55,0.466666667,1.586666667,24.7,58.4,0.12,-2,23.46666667,23.83333333,25.1,24.1,24.1
163,0.9,23,27.03,0.623333333,1.456666667,24.7,58.4,0.12,2,23.33333333,23.63333333,25.1,23.83333333,23.83333333
164,0.9,23,27.03,0.623333333,1.456666667,24.7,58.4,0.12,0,23.33333333,23.63333333,25.1,23.83333333,23.83333333
165,0.9,23,27.03,0.623333333,1.456666667,24.7,58.4,0.12,2,23.33333333,23.63333333,25.1,23.83333333,23.83333333
166,0.9,23,27.03,0.623333333,1.456666667,24.7,58.4,0.12,1,23.33333333,23.63333333,25.1,23.83333333,23.83333333
167,0.9,23,27.03,0.623333333,1.456666667,24.7,58.4,0.12,1,23.33333333,23.63333333,25.1,23.83333333,23.83333333
168,0.9,23,27.03,0.623333333,1.456666667,24.7,58.4,0.12,1,23.33333333,23.63333333,25.1,23.83333333,23.83333333
169,0.9,23,27.03,0.623333333,1.456666667,24.7,58.4,0.12,1,23.33333333,23.63333333,25.1,23.83333333,23.83333333
170,0.9,23,27.03,0.623333333,1.456666667,24.7,58.4,0.12,1,23.33333333,23.63333333,25.1,23.83333333,23.83333333
171,0.9,23,27.03,0.623333333,1.456666667,24.7,58.4,0.12,1,23.33333333,23.63333333,25.1,23.83333333,23.83333333
172,0.9,23,26.55,0.466666667,1.586666667,24.7,58.4,0.12,-2,23.46666667,23.83333333,25.1,24.1,24.1
173,0.9,23,27.03,0.623333333,1.456666667,24.7,58.4,0.12,2,23.33333333,23.63333333,25.1,23.83333333,23.83333333
174,0.9,23,27.03,0.623333333,1.456666667,24.7,58.4,0.12,2,23.33333333,23.63333333,25.1,23.83333333,23.83333333
175,0.9,23,27.03,0.623333333,1.456666667,24.7,58.4,0.12,0,23.33333333,23.63333333,25.1,23.83333333,23.83333333
176,0.9,23,26.55,0.466666667,1.586666667,24.7,58.4,0.12,-2,23.46666667,23.83333333,25.1,24.1,24.1
177,0.9,23,27.03,0.623333333,1.456666667,24.7,58.4,0.12,0,23.33333333,23.63333333,25.1,23.83333333,23.83333333
178,0.9,23,27.03,0.623333333,1.456666667,24.7,58.4,0.12,1,23.33333333,23.63333333,25.1,23.83333333,23.83333333
179,0.9,23,26.55,0.466666667,1.586666667,24.7,58.4,0.12,-2,23.46666667,23.83333333,25.1,24.1,24.1
180,0.9,23,26.55,0.466666667,1.586666667,24.7,58.4,0.12,-2,23.46666667,23.83333333,25.1,24.1,24.1
181,0.9,23,26.55,0.466666667,1.586666667,24.7,58.4,0.12,-2,23.46666667,23.83333333,25.1,24.1,24.1
182,0.9,23,27.03,0.623333333,1.456666667,24.7,58.4,0.12,0,23.33333333,23.63333333,25.1,23.83333333,23.83333333
183,0.9,23,26.55,0.466666667,1.586666667,24.7,58.4,0.12,-1,23.46666667,23.83333333,25.1,24.1,24.1
184,0.9,23,26.55,0.466666667,1.586666667,24.7,58.4,0.12,-2,23.46666667,23.83333333,25.1,24.1,24.1
185,0.9,23,26.55,0.466666667,1.586666667,24.7,58.4,0.12,-1,23.46666667,23.83333333,25.1,24.1,24.1
186,0.9,23,26.55,0.466666667,1.586666667,24.7,58.4,0.12,-1,23.46666667,23.83333333,25.1,24.1,24.1
187,0.9,23,26.55,0.466666667,1.586666667,24.7,58.4,0.12,-2,23.46666667,23.83333333,25.1,24.1,24.1
188,0.9,23,26.55,0.466666667,1.586666667,24.7,58.4,0.12,-1,23.46666667,23.83333333,25.1,24.1,24.1
189,0.9,23,26.55,0.466666667,1.586666667,24.7,58.4,0.12,-2,23.46666667,23.83333333,25.1,24.1,24.1
190,0.6,14,24.94333333,0.493333333,1.323333333,23.2,62.4,0.13,1,23.53333333,23.73333333,24.7,23.86666667,23.86666667
191,0.6,14,24.94333333,0.493333333,1.323333333,23.2,62.4,0.13,0,23.53333333,23.73333333,24.7,23.86666667,23.86666667
192,0.6,14,24.94333333,0.493333333,1.323333333,23.2,62.4,0.13,0,23.53333333,23.73333333,24.7,23.86666667,23.86666667
193,0.6,14,24.94333333,0.493333333,1.323333333,23.2,62.4,0.13,2,23.53333333,23.73333333,24.7,23.86666667,23.86666667
194,0.6,14,24.94333333,0.493333333,1.323333333,23.2,62.4,0.13,2,23.53333333,23.73333333,24.7,23.86666667,23.86666667
195,0.6,14,23.04666667,0.393333333,1.19,23.2,62.4,0.13,-1,23.53333333,23.7,24.7,23.83333333,23.83333333
196,0.6,14,24.94333333,0.493333333,1.323333333,23.2,62.4,0.13,2,23.53333333,23.73333333,24.7,23.86666667,23.86666667
197,0.6,14,23.04666667,0.393333333,1.19,23.2,62.4,0.13,-1,23.53333333,23.7,24.7,23.83333333,23.83333333
198,0.6,14,24.94333333,0.493333333,1.323333333,23.2,62.4,0.13,1,23.53333333,23.73333333,24.7,23.86666667,23.86666667
199,0.7,16,23.21,0.516666667,1.19,23.1,63.8,0.18,0,22.93333333,23.2,24.1,23.43333333,23.43333333
200,0.7,16,23.21,0.516666667,1.19,23.1,63.8,0.18,-2,22.93333333,23.2,24.1,23.43333333,23.43333333
201,0.7,16,23.21,0.516666667,1.19,23.1,63.8,0.18,-1,22.93333333,23.2,24.1,23.43333333,23.43333333
202,0.7,16,23.21,0.516666667,1.19,23.1,63.8,0.18,-1,22.93333333,23.2,24.1,23.43333333,23.43333333
203,0.7,16,23.21,0.516666667,1.19,23.1,63.8,0.18,-1,22.93333333,23.2,24.1,23.43333333,23.43333333
204,0.7,16,23.21,0.516666667,1.19,23.1,63.8,0.18,-2,22.93333333,23.2,24.1,23.43333333,23.43333333
205,0.7,16,23.21,0.516666667,1.19,23.1,63.8,0.18,0,22.93333333,23.2,24.1,23.43333333,23.43333333
206,0.7,16,23.21,0.516666667,1.19,23.1,63.8,0.18,-2,22.93333333,23.2,24.1,23.43333333,23.43333333
207,-2.35,89.65,18.54,0.61,0.99,18.3,59.1,0.1,-2,18.3,18.8,19.2,19.2,19.2
208,-1.09,29.85,21.46,0.78,1.19,19,71.3,0.28,-2,19,20.1,21.3,21.1,21.1
209,-0.64,13.64,23,0.78,1.19,19,71.3,0.1,-1,19,20.1,21.2,21.1,21.1
210,-2.43,91.95,17.95,0.31,1.19,19.3,49.8,0.15,0,19.3,19.8,20.2,20.2,20.2
211,-0.03,5.02,25.42,0.78,1.59,19.3,49.8,0.1,-2,19.3,19.8,20.2,20.2,20.2
212,-0.26,6.41,24.12,0.64,1.59,19.3,49.8,0.05,-2,19.3,19.8,20.2,20.2,20.2
213,-1.92,72.94,18.88,0.61,1.19,19.4,35.6,0.35,-2,19.4,19.9,20.4,20.3,20.3
214,-1.58,55.14,20.11,0.61,1.19,19.4,35.6,0.2,-2,19.4,19.9,20.4,20.3,20.3
215,-1.45,48.25,20.18,0.78,1.19,19.4,35.6,0.4,-2,19.4,19.9,20.4,20.3,20.3
216,-1.27,38.86,21.11,0.61,1.19,20.5,37.6,0.2,-2,20.5,20.9,21.2,21.2,21.2
217,-0.59,12.22,23.21,0.78,1.19,20.5,37.6,0.1,-2,20.5,20.9,21.2,21.2,21.2
218,-1.15,32.86,21.19,0.78,1.19,20.5,37.6,0.4,-2,20.5,20.9,21.3,21.2,21.2
219,-1.3,40.45,20.73,0.4,1.19,20.8,63.8,0.1,-2,20.8,21.2,21.6,21.6,21.6
220,-3,99.12,15.38,0.31,0.99,20.8,63.8,0.45,-1,20.8,21.2,21.7,21.6,21.6
221,-0.27,6.5,23.88,0.44,1.59,20.8,63.8,0.01,-2,20.8,21.2,21.6,21.6,21.6
222,-0.56,11.47,22.48,0.31,1.59,20.9,63.2,0.1,0,20.9,21.3,21.6,21.6,21.6
223,-0.53,10.79,23.29,0.64,1.19,21.2,60,0.01,0,21.2,21.7,22.2,22.2,22.2
224,-1.39,45.05,21.67,0.64,0.99,21.2,60,0.15,0,21.2,21.7,22.3,22.2,22.2
225,-0.83,19.7,22.8,0.78,0.99,21.2,60,0.1,0,21.2,21.7,22.2,22.2,22.2
226,-1.85,69.56,20.27,0.44,0.99,21.2,60,0.1,0,21.2,21.7,22.2,22.2,22.2
227,-2.51,93.72,18.95,0.44,0.99,21.2,60,0.25,-1,21.2,21.7,22.3,22.2,22.2
228,-0.26,6.37,24.47,0.78,1.19,21.2,60,0.1,-2,21.2,21.7,22.2,22.2,22.2
229,-1.87,70.49,20.39,0.4,0.99,21.6,49.8,0.05,0,21.6,22.2,22.8,22.8,22.8
230,-1.05,28.34,21.64,0.4,1.19,21.6,49.8,0.05,-2,21.6,22.2,22.8,22.8,22.8
231,-1.94,73.76,20.48,0.47,0.99,21.6,50.4,0.15,-1,21.6,22,22.4,22.4,22.4
232,-1.94,73.76,20.48,0.47,0.99,21.6,50.4,0.15,-2,21.6,22,22.4,22.4,22.4
233,-1.94,73.76,20.48,0.47,0.99,21.6,50.4,0.15,-2,21.6,22,22.4,22.4,22.4
234,-1.72,63.06,20.7,0.44,0.99,21.6,49.8,0.01,0,21.6,22.2,22.8,22.8,22.8
235,-1.33,41.65,20.86,0.31,1.19,21.6,56.4,0.1,2,21.6,22.2,22.9,22.8,22.8
236,-1.18,34.21,21.56,0.44,1.19,21.6,50.4,0.15,0,21.6,22,22.4,22.4,22.4
237,-1.63,57.96,20.75,0.47,0.99,21.8,57.4,0.01,0,21.8,22.1,22.3,22.3,22.3
238,-1.07,29.02,22.1,0.64,0.99,21.8,57.4,0.05,-2,21.8,22.1,22.3,22.3,22.3
239,-0.6,12.48,23.4,0.64,1.19,21.8,57.4,0.15,-1,21.8,22.1,22.3,22.3,22.3
240,-0.43,8.85,23.59,0.64,1.19,21.8,57.4,0.05,1,21.8,22.1,22.3,22.3,22.3
241,-2.27,87.32,19.4,0.31,0.99,21.8,57.4,0.1,0,21.8,22.1,22.3,22.3,22.3
242,-0.74,16.59,23.08,0.78,0.99,21.8,57.4,0.1,0,21.8,22.1,22.3,22.3,22.3
243,-1.36,43.36,20.65,0.31,1.19,21.8,57.4,0.1,0,21.8,22.1,22.3,22.3,22.3
244,-1.66,59.45,20.87,0.4,0.99,21.9,59.7,0.01,-2,21.9,22.6,23.2,23.2,23.2
245,-1.65,59.23,20.89,0.4,0.99,21.9,59.7,0.05,-2,21.9,22.6,23.2,23.2,23.2
246,-1.66,59.53,20.85,0.4,0.99,21.9,61.1,0.1,2,21.9,22.5,23.2,23.1,23.1
247,-0.98,25.35,22.45,0.61,0.99,21.9,61.1,0.1,0,21.9,22.5,23.2,23.1,23.1
248,-1.66,59.53,20.85,0.4,0.99,21.9,61.1,0.1,0,21.9,22.5,23.2,23.1,23.1
249,-0.99,25.85,22.64,0.78,0.99,21.9,59.7,0.25,-2,21.9,22.6,23.3,23.2,23.2
250,-0.58,12.04,23.63,0.78,0.99,21.9,61.1,0.1,1,21.9,22.5,23.2,23.1,23.1
251,-0.57,11.7,23.65,0.78,0.99,21.9,59.7,0.01,1,21.9,22.6,23.2,23.2,23.2
252,-1.4,45.5,21.57,0.64,0.99,21.9,61.1,0.25,-1,21.9,22.5,23.2,23.1,23.1
253,-2.05,79.13,20.17,0.44,0.99,21.9,61.1,0.22,-1,21.9,22.5,23.2,23.1,23.1
254,-1.27,38.57,21.99,0.64,0.99,21.9,61.1,0.2,0,21.9,22.5,23.2,23.1,23.1
255,-0.58,12.04,23.63,0.78,0.99,21.9,61.1,0.1,0,21.9,22.5,23.2,23.1,23.1
256,-2.06,79.24,20.04,0.31,0.99,21.9,61.1,0.1,-2,21.9,22.5,23.2,23.1,23.1
257,-1.63,57.93,20.94,0.4,0.99,22,59.2,0.1,1,22,22.6,23.3,23.2,23.2
258,-1.98,75.89,20.21,0.31,0.99,22,59.9,0.1,-1,22,22.6,23.3,23.2,23.2
259,-1.99,76.12,20.2,0.31,0.99,22,59.2,0.1,-1,22,22.6,23.3,23.2,23.2
260,-0.96,24.4,22.53,0.61,0.99,22,59.2,0.1,-1,22,22.6,23.3,23.2,23.2
261,-1.63,57.93,20.94,0.4,0.99,22,59.2,0.1,-1,22,22.6,23.3,23.2,23.2
262,-1.99,76.12,20.2,0.31,0.99,22,59.2,0.1,0,22,22.6,23.3,23.2,23.2
263,-0.96,24.4,22.53,0.61,0.99,22,59.2,0.1,0,22,22.6,23.3,23.2,23.2
264,-2.75,97.35,18.78,0.31,0.99,22,59.2,0.25,0,22,22.6,23.3,23.2,23.2
265,-1.49,50.37,21.24,0.44,0.99,22,59.2,0.05,0,22,22.6,23.2,23.2,23.2
266,-2.02,77.78,20.13,0.31,0.99,22,59.2,0.1,0,22,22.6,23.3,23.2,23.2
267,-0.56,11.61,23.71,0.78,0.99,22,59.2,0.1,0,22,22.6,23.3,23.2,23.2
268,-1.07,29.14,21.45,0.31,1.19,22.4,61,0.1,0,22.4,22.7,23,23,23
269,-0.16,5.56,24,0.31,1.59,22.4,61,0.1,0,22.4,22.7,23,23,23
270,-1.07,29.14,21.45,0.31,1.19,22.4,61,0.1,0,22.4,22.7,23,23,23
271,-0.98,25.34,21.97,0.47,1.19,22.4,61,0.2,0,22.4,22.7,23,23,23
272,-1.07,29.14,21.45,0.31,1.19,22.4,61,0.1,0,22.4,22.7,23,23,23
273,-0.63,13.37,22.8,0.47,1.19,22.4,61,0.1,1,22.4,22.7,23,23,23
274,-1.41,45.93,20.85,0.31,1.19,22.4,61,0.18,-1,22.4,22.7,23,23,23
275,-0.63,13.37,22.8,0.47,1.19,22.4,61,0.1,2,22.4,22.7,23,23,23
276,-0.51,10.47,23.53,0.64,1.19,22.4,61,0.2,-1,22.4,22.7,23,23,23
277,-1.52,51.96,20.53,0.31,1.19,22.4,61,0.2,-1,22.4,22.7,23,23,23
278,0.11,5.23,25.35,0.64,1.59,22.4,61,0.28,-1,22.4,22.7,23,23,23
279,-0.05,5.06,24.18,0.64,1.59,22.4,61,0.45,-1,22.4,22.7,23.1,23,23
280,-0.39,8.21,24.17,0.64,1.19,22.4,61,0.15,-2,22.4,22.7,23,23,23
281,-1.52,51.96,20.53,0.31,1.19,22.4,61,0.2,-2,22.4,22.7,23,23,23
282,-1.58,55.35,21.39,0.47,0.99,22.6,59.8,0.2,0,22.6,23.3,24,23.9,23.9
283,-1.14,32.46,22.15,0.47,0.99,22.6,59.8,0.1,0,22.6,23.3,24,23.9,23.9
284,-1.94,73.83,20.76,0.31,0.99,22.6,59.8,0.15,0,22.6,23.3,24,23.9,23.9
285,-1.2,35.24,22.05,0.47,0.99,22.6,52.3,0.05,0,22.6,23.3,23.9,23.9,23.9
286,-0.89,21.6,22.36,0.44,1.19,22.6,59.8,0.2,-2,22.6,23.3,24,23.9,23.9
287,0.13,5.35,26.09,0.78,1.19,22.6,59.8,0.1,-2,22.6,23.3,24,23.9,23.9
288,-2.3,88.27,19.93,0.31,0.99,22.6,52.3,0.2,0,22.6,23.3,24,23.9,23.9
289,-0.97,24.79,21.9,0.31,1.19,22.6,52.3,0.01,0,22.6,23.3,23.9,23.9,23.9
290,-0.96,24.64,21.92,0.31,1.19,22.6,52.3,0.05,0,22.6,23.3,23.9,23.9,23.9
291,-1.27,38.91,21.88,0.44,0.99,22.6,52.3,0.05,1,22.6,23.3,23.9,23.9,23.9
292,-1.27,38.74,21.89,0.44,0.99,22.6,52.3,0.1,0,22.6,23.3,24,23.9,23.9
293,-1.27,38.74,21.89,0.44,0.99,22.6,52.3,0.1,0,22.6,23.3,24,23.9,23.9
294,-1.27,38.74,21.89,0.44,0.99,22.6,52.3,0.1,0,22.6,23.3,24,23.9,23.9
295,-1.27,38.91,21.88,0.44,0.99,22.6,52.3,0.05,0,22.6,23.3,23.9,23.9,23.9
296,-1.27,38.91,21.88,0.44,0.99,22.6,52.3,0.05,-2,22.6,23.3,23.9,23.9,23.9
297,-3,99.12,17.62,0.31,0.99,22.6,52.3,0.5,-1,22.6,23.3,24,23.9,23.9
298,-1.27,38.91,21.88,0.44,0.99,22.6,52.3,0.05,-1,22.6,23.3,23.9,23.9,23.9
299,-1.27,38.74,21.89,0.44,0.99,22.6,52.3,0.1,1,22.6,23.3,24,23.9,23.9
300,-0.58,12,23.11,0.44,1.19,22.6,52.3,0.05,-2,22.6,23.3,23.9,23.9,23.9
301,-1.78,65.75,20.78,0.31,0.99,22.6,52.3,0.05,2,22.6,23.3,23.9,23.9,23.9
302,-1.2,35.3,22.03,0.47,0.99,22.8,48.4,0.05,0,22.8,23.3,23.8,23.8,23.8
303,-0.72,15.92,22.94,0.47,1.19,22.8,58.9,0.15,-2,22.8,23.1,23.3,23.3,23.3
304,-1.42,46.59,21.35,0.4,0.99,22.8,58.9,0.1,-1,22.8,23.1,23.3,23.3,23.3
305,-1.21,35.78,21.84,0.47,0.99,22.8,58.9,0.1,-1,22.8,23.1,23.3,23.3,23.3
306,-2.5,93.35,19.09,0.4,0.99,22.8,58.9,0.4,1,22.8,23.1,23.3,23.3,23.3
307,-1.42,46.59,21.35,0.4,0.99,22.8,58.9,0.1,0,22.8,23.1,23.3,23.3,23.3
308,-0.69,14.99,22.57,0.4,1.19,22.8,58.9,0.1,0,22.8,23.1,23.3,23.3,23.3
309,-1.2,35.48,21.13,0.47,1.19,22.8,58.9,0.35,0,22.8,23.1,23.3,23.3,23.3
310,-1.42,46.59,21.35,0.4,0.99,22.8,58.9,0.1,0,22.8,23.1,23.3,23.3,23.3
311,-1.45,48.2,21.67,0.47,0.99,22.8,58.9,0.15,0,22.8,23.1,23.3,23.3,23.3
312,-1.67,60.03,21.18,0.4,0.99,22.8,58.9,0.15,0,22.8,23.1,23.3,23.3,23.3
313,-1.29,39.92,21.79,0.47,0.99,22.8,42.9,0.1,0,22.8,23.2,23.5,23.5,23.5
314,-1.29,40.01,21.78,0.47,0.99,22.8,42.9,0.05,0,22.8,23.2,23.5,23.5,23.5
315,-1.5,51.05,21.29,0.4,0.99,22.8,42.9,0.05,0,22.8,23.2,23.5,23.5,23.5
316,-1.29,40.01,21.78,0.47,0.99,22.8,42.9,0.05,0,22.8,23.2,23.5,23.5,23.5
317,-0.97,24.68,21.89,0.31,1.19,22.8,48.4,0.01,0,22.8,23.3,23.8,23.8,23.8
318,-1.49,50.13,20.71,0.31,1.19,22.8,48.4,0.23,0,22.8,23.3,23.9,23.8,23.8
319,-0.77,17.54,22.88,0.44,1.19,22.8,48.4,0.15,-1,22.8,23.3,23.9,23.8,23.8
320,-0.96,24.48,21.91,0.31,1.19,22.8,48.4,0.1,-1,22.8,23.3,23.8,23.8,23.8
321,-0.58,12.1,23.06,0.44,1.19,22.8,48.4,0.01,-1,22.8,23.3,23.8,23.8,23.8
322,-0.58,12.04,23.07,0.44,1.19,22.8,48.4,0.05,-2,22.8,23.3,23.8,23.8,23.8
323,-0.58,12.04,23.07,0.44,1.19,22.8,48.4,0.05,-1,22.8,23.3,23.8,23.8,23.8
324,0,5,25.82,0.78,1.19,22.8,58.9,0.13,-2,22.8,23.1,23.3,23.3,23.3
325,-1.79,66.7,20.56,0.31,0.99,22.8,58.9,0.1,-1,22.8,23.1,23.3,23.3,23.3
326,-0.59,12.32,23.01,0.64,1.19,22.8,58.9,0.3,-1,22.8,23.1,23.3,23.3,23.3
327,-0.98,25.17,21.71,0.31,1.19,22.8,58.9,0.1,1,22.8,23.1,23.3,23.3,23.3
328,-1.53,52.43,21.49,0.44,0.99,22.8,58.9,0.15,1,22.8,23.1,23.3,23.3,23.3
329,-0.59,12.21,22.93,0.44,1.19,22.8,58.9,0.05,0,22.8,23.1,23.3,23.3,23.3
330,-0.14,5.38,24.69,0.64,1.19,22.8,58.9,0.05,0,22.8,23.1,23.3,23.3,23.3
331,-0.21,5.92,24.42,0.64,1.19,22.8,42.9,0.05,-2,22.8,23.2,23.5,23.5,23.5
332,-1.37,43.77,21.61,0.44,0.99,22.8,42.9,0.1,0,22.8,23.2,23.5,23.5,23.5
333,-2.13,82.34,20.3,0.31,0.99,22.8,42.9,0.15,-1,22.8,23.2,23.5,23.5,23.5
334,-1.88,70.86,20.49,0.31,0.99,22.8,42.9,0.01,1,22.8,23.2,23.5,23.5,23.5
335,-1.87,70.64,20.5,0.31,0.99,22.8,42.9,0.1,1,22.8,23.2,23.5,23.5,23.5
336,-1.37,43.77,21.61,0.44,0.99,22.8,42.9,0.1,0,22.8,23.2,23.5,23.5,23.5
337,-1.82,67.82,20.84,0.44,0.99,22.8,42.9,0.2,0,22.8,23.2,23.5,23.5,23.5
338,-3,99.12,17.94,0.31,0.99,22.8,42.9,0.4,0,22.8,23.2,23.6,23.5,23.5
339,-1.87,70.74,20.49,0.31,0.99,22.8,42.9,0.05,0,22.8,23.2,23.5,23.5,23.5
340,-1.26,38.22,21.86,0.44,0.99,23,46.6,0.05,-2,23,23.4,23.7,23.7,23.7
341,-1.26,38.22,21.86,0.44,0.99,23,46.6,0.05,-2,23,23.4,23.7,23.7,23.7
342,-1.26,38.22,21.86,0.44,0.99,23,46.6,0.05,-1,23,23.4,23.7,23.7,23.7
343,-1.75,64.61,20.76,0.31,0.99,23,46.6,0.05,-1,23,23.4,23.7,23.7,23.7
344,-1.75,64.61,20.76,0.31,0.99,23,46.6,0.05,1,23,23.4,23.7,23.7,23.7
345,-1.75,64.61,20.76,0.31,0.99,23,46.6,0.05,1,23,23.4,23.7,23.7,23.7
346,-1.75,64.61,20.76,0.31,0.99,23,46.6,0.05,0,23,23.4,23.7,23.7,23.7
347,-0.95,24,21.9,0.31,1.19,23,46.6,0.05,0,23,23.4,23.7,23.7,23.7
348,-0.95,24,21.9,0.31,1.19,23,46.6,0.05,0,23,23.4,23.7,23.7,23.7
349,-1.75,64.61,20.76,0.31,0.99,23,46.6,0.05,0,23,23.4,23.7,23.7,23.7
350,-1.24,37.19,21.97,0.44,0.99,23.1,41.5,0.05,-2,23.1,23.5,23.9,23.9,23.9
351,-1.24,37.19,21.97,0.44,0.99,23.1,41.5,0.05,-1,23.1,23.5,23.9,23.9,23.9
352,-1.24,37.09,21.97,0.44,0.99,23.1,41.5,0.1,1,23.1,23.5,23.9,23.9,23.9
353,-0.38,8.01,24.35,0.78,0.99,23.1,41.5,0.05,0,23.1,23.5,23.9,23.9,23.9
354,-1.24,37.31,21.96,0.44,0.99,23.1,41.5,0.01,0,23.1,23.5,23.9,23.9,23.9
355,-1.29,39.83,21.72,0.4,0.99,23.2,53.5,0.05,0,23.2,23.5,23.7,23.7,23.7
356,-0.59,12.24,22.93,0.4,1.19,23.2,53.5,0.05,0,23.2,23.5,23.7,23.7,23.7
357,-1.86,70.22,20.68,0.4,0.99,23.2,53.5,0.23,0,23.2,23.5,23.7,23.7,23.7
358,0.15,5.45,25.87,0.44,1.59,23.2,53.5,0.13,0,23.2,23.5,23.7,23.7,23.7
359,0.23,6.13,25.87,0.44,1.59,23.2,53.5,0.1,-1,23.2,23.5,23.7,23.7,23.7
360,-0.42,8.72,23.47,0.4,1.19,23.4,66.3,0.05,0,23.4,23.7,24,24,24
361,-1.23,36.53,21.91,0.4,0.99,23.4,50.8,0.1,0,23.4,23.7,23.9,23.9,23.9
362,-1.03,27.42,22.38,0.47,0.99,23.4,50.8,0.05,0,23.4,23.7,23.9,23.9,23.9
363,-2.1,80.88,18.98,0.31,1.19,23.4,66.3,0.65,1,23.4,23.7,24.1,24,24
364,-0.69,15.02,22.52,0.31,1.19,23.4,66.3,0.05,0,23.4,23.7,24,24,24
365,-1.34,42.56,22.04,0.44,0.99,23.4,50.8,0.15,-1,23.4,23.7,23.9,23.9,23.9
366,-1.58,55.07,21.13,0.31,0.99,23.4,50.8,0.1,2,23.4,23.7,23.9,23.9,23.9
367,-1.58,55.07,21.13,0.31,0.99,23.4,50.8,0.1,0,23.4,23.7,23.9,23.9,23.9
368,0.59,12.42,28.22,0.61,1.59,23.6,60.7,0.1,0,23.6,23.9,24.1,24.1,24.1
369,0.78,17.88,29.69,0.78,1.59,23.6,60.7,0.1,1,23.6,23.9,24.1,24.1,24.1
370,0.78,17.88,29.69,0.78,1.59,23.6,60.7,0.1,0,23.6,23.9,24.1,24.1,24.1
371,-0.61,12.86,23.16,0.44,1.19,23.6,60.7,0.18,0,23.6,23.8,24,24,24
372,-0.68,14.84,22.53,0.31,1.19,23.6,60.7,0.05,0,23.6,23.8,24,24,24
373,-1.43,47.01,21.41,0.31,0.99,23.6,60.7,0.1,1,23.6,23.8,24,24,24
374,-1.2,35.47,22.31,0.44,0.99,23.6,60.7,0.15,-2,23.6,23.8,24,24,24
375,-0.68,14.82,22.53,0.31,1.19,23.6,60.7,0.1,-1,23.6,23.8,24,24,24
376,-0.32,7.18,23.81,0.44,1.19,23.6,60.7,0.08,-2,23.6,23.8,24,24,24
377,-0.68,14.84,22.53,0.31,1.19,23.6,60.7,0.05,-2,23.6,23.8,24,24,24
378,0.66,14.1,28.36,0.61,1.59,23.8,59.7,0.01,0,23.8,24.1,24.3,24.3,24.3
379,0.24,6.18,25.65,0.31,1.59,23.8,62,0.1,0,23.8,24.2,24.5,24.5,24.5
380,-0.24,6.15,24.13,0.44,1.19,23.8,62,0.01,0,23.8,24.1,24.3,24.3,24.3
381,-0.59,12.2,22.85,0.31,1.19,23.8,62,0.01,0,23.8,24.1,24.3,24.3,24.3
382,-0.91,22.46,23.08,0.47,0.99,24,63.6,0.15,2,24,24.3,24.6,24.6,24.6
383,-0.11,5.25,24.69,0.47,1.19,24,63.6,0.1,1,24,24.3,24.6,24.6,24.6
384,-0.85,20.4,22.76,0.4,0.99,24,63.6,0.01,0,24,24.3,24.6,24.6,24.6
385,-0.2,5.84,24.27,0.4,1.19,24,62.2,0.1,0,24,24.5,24.9,24.9,24.9
386,0.46,9.32,26.93,0.4,1.59,24,62.2,0.1,0,24,24.5,24.9,24.9,24.9
387,0.78,17.94,28.25,0.31,1.98,24,62.2,0.1,0,24,24.5,24.9,24.9,24.9
388,0.32,7.07,26,0.31,1.59,24,62.2,0.1,0,24,24.5,24.9,24.9,24.9
389,0.47,9.57,26.92,0.4,1.59,24,62.2,0.05,-1,24,24.5,24.9,24.9,24.9
390,0.32,7.09,26,0.31,1.59,24,62.2,0.05,0,24,24.5,24.9,24.9,24.9
391,-1.66,59.55,21.48,0.31,0.99,24,39.7,0.15,0,24,24.3,24.5,24.5,24.5
392,-1.39,44.94,21.66,0.31,0.99,24,39.7,0.05,1,24,24.3,24.5,24.5,24.5
393,0.59,12.33,27.68,0.47,1.59,24.2,62.6,0.05,0,24.2,24.6,24.9,24.9,24.9
394,-0.32,7.16,24.24,0.47,1.19,24.2,61.3,0.15,1,24.2,24.2,24.2,24.2,24.2
395,-0.47,9.68,23.67,0.4,1.19,24.2,61.3,0.15,1,24.2,24.2,24.2,24.2,24.2
396,0.41,8.56,26.6,0.4,1.59,24.2,61.3,0.05,2,24.2,24.2,24.2,24.2,24.2
397,-0.08,5.15,24.75,0.44,1.19,24.2,62.6,0.1,0,24.2,24.6,24.9,24.9,24.9
398,-0.08,5.15,24.75,0.44,1.19,24.2,62.6,0.1,0,24.2,24.6,24.9,24.9,24.9
399,-0.26,6.43,24.52,0.44,1.19,24.2,62.6,0.15,0,24.2,24.6,24.9,24.9,24.9
400,-1.07,29.38,22.29,0.31,0.99,24.2,62.6,0.01,2,24.2,24.6,24.9,24.9,24.9
401,-0.2,5.84,24.25,0.44,1.19,24.2,61.3,0.1,0,24.2,24.2,24.2,24.2,24.2
402,-0.2,5.84,24.25,0.44,1.19,24.2,61.3,0.1,-1,24.2,24.2,24.2,24.2,24.2
403,-0.52,10.69,22.97,0.31,1.19,24.2,61.3,0.05,-1,24.2,24.2,24.2,24.2,24.2
404,-0.52,10.69,22.97,0.31,1.19,24.2,61.3,0.05,2,24.2,24.2,24.2,24.2,24.2
405,0.81,18.93,28.3,0.31,1.98,24.3,62.1,0.05,0,24.3,24.5,24.7,24.7,24.7
406,0.03,5.02,25.1,0.47,1.19,24.4,60.1,0.05,0,24.4,24.8,25.1,25.1,25.1
407,-0.45,9.24,23.61,0.4,1.19,24.4,60.1,0.2,0,24.4,24.8,25.1,25.1,25.1
408,-0.1,5.22,24.54,0.4,1.19,24.4,60.1,0.05,0,24.4,24.8,25.1,25.1,25.1
409,-0.69,15.01,23.22,0.4,0.99,24.4,60.1,0.05,0,24.4,24.8,25.1,25.1,25.1
410,-0.1,5.22,24.54,0.4,1.19,24.4,60.1,0.05,0,24.4,24.8,25.1,25.1,25.1
411,-0.1,5.22,24.54,0.4,1.19,24.4,60.1,0.05,1,24.4,24.8,25.1,25.1,25.1
412,0.54,11.02,27.14,0.4,1.59,24.4,60.1,0.05,-1,24.4,24.8,25.1,25.1,25.1
413,-0.69,15.01,23.22,0.4,0.99,24.4,60.1,0.05,-2,24.4,24.8,25.1,25.1,25.1
414,0.54,11.02,27.14,0.4,1.59,24.4,60.1,0.05,2,24.4,24.8,25.1,25.1,25.1
415,-0.02,5.01,24.89,0.44,1.19,24.4,60.1,0.05,0,24.4,24.8,25.1,25.1,25.1
416,-0.34,7.41,23.65,0.31,1.19,24.4,60.1,0.05,0,24.4,24.8,25.1,25.1,25.1
417,-0.34,7.41,23.65,0.31,1.19,24.4,60.1,0.05,0,24.4,24.8,25.1,25.1,25.1
418,-0.02,5.01,24.89,0.44,1.19,24.4,60.1,0.05,0,24.4,24.8,25.1,25.1,25.1
419,-0.58,12,23.51,0.44,0.99,24.4,60.1,0.05,1,24.4,24.8,25.1,25.1,25.1
420,-1.17,33.61,22.49,0.4,0.99,24.6,47.3,0.2,0,24.6,24.9,25.2,25.2,25.2
421,-0.64,13.69,23.5,0.44,0.99,24.6,47.3,0.1,0,24.6,24.9,25.2,25.2,25.2
422,-0.05,5.06,24.68,0.44,1.19,24.6,47.3,0.05,0,24.6,24.9,25.2,25.2,25.2
423,-0.05,5.06,24.68,0.44,1.19,24.6,47.3,0.05,0,24.6,24.9,25.2,25.2,25.2
424,-0.37,7.88,23.53,0.31,1.19,24.6,47.3,0.1,0,24.6,24.9,25.2,25.2,25.2
425,-0.37,7.86,23.53,0.31,1.19,24.6,47.3,0.05,0,24.6,24.9,25.2,25.2,25.2
426,-0.37,7.86,23.53,0.31,1.19,24.6,47.3,0.05,-2,24.6,24.9,25.2,25.2,25.2
427,-0.836666667,20.66,22.63333333,0.34,1.59,24.9,62.2,0.01,0,24.9,24.9,24.9,24.9,24.9
428,0.18,5.68,25.66,0.4,1.19,25.2,63.4,0.1,1,25.2,25.6,26,26,26
429,0.18,5.68,25.66,0.4,1.19,25.2,63.4,0.1,0,25.2,25.6,26,26,26
430,1.07,29.18,29.38,0.4,1.98,25.9,61.8,0.2,0,25.9,26,26.1,26.1,26.1
431,1.21,35.94,30.8,0.4,1.98,25.9,61.8,0.1,2,25.9,26,26.1,26.1,26.1
432,0.41,8.56,26.36,0.44,1.19,26,62.6,0.01,1,26,25.9,25.9,25.9,25.9
433,-0.2,5.85,23.64,0.44,1.19,26.2,44.7,0.5,1,26.2,26.8,27.3,27.2,27.2
434,0.46,9.47,26.46,0.44,1.19,26.2,44.7,0.1,1,26.2,26.7,27.2,27.2,27.2
435,0.66,14.16,27.12,0.31,1.59,26.2,44.7,0.15,1,26.2,26.7,27.3,27.2,27.2
436,-0.03,5.01,25.28,0.44,0.99,26.8,74.1,0.2,1,26.8,26.6,26.4,26.4,26.4
437,1,26.09,28.82,0.05,1.6,28.3,78,0.15,0,28.3,28.4,28.4,28.4,28.4
438,0.97,24.71,29.02,0.17,1.39,28.3,78,0.15,-1,28.3,28.4,28.4,28.4,28.4
439,1.1,30.6,29.96,0.32,1.29,28.3,78,0.15,1,28.3,28.4,28.4,28.4,28.4
440,0.85,20.33,27.46,0.42,1.38,28.1,77.9,0.43,0,28.1,27.6,27.1,27.2,27.2
441,-0.28,6.59,23.07,0.11,1.25,28.1,77.9,0.43,0,28.1,27.6,27.1,27.2,27.2
442,0.11,5.26,24.23,0.2,1.27,28.1,77.9,0.43,-1,28.1,27.6,27.1,27.2,27.2
443,0.39,8.12,24.91,0.2,1.41,28.1,77.9,0.43,-1,28.1,27.6,27.1,27.2,27.2
444,0.88,21.42,27.6,0.42,1.41,28.1,77.9,0.43,0,28.1,27.6,27.1,27.2,27.2
445,0.18,5.64,25.78,0.2,1.16,27.2,85.2,0.2,-2,27.2,27.4,27.6,27.6,27.6
446,0.01,5,25.23,0.21,1.08,27.2,85.2,0.2,-1,27.2,27.4,27.6,27.6,27.6
447,-0.71,15.64,22.51,0.09,1.19,27.1,84.4,0.42,0,27.1,27.6,28.1,28,28
448,0.35,7.6,25.79,0.36,1.21,27.1,84.4,0.42,0,27.1,27.6,28.1,28,28
449,-0.33,7.24,24.03,0.07,1.08,27.6,82.5,0.21,-1,27.6,27.8,28,28,28
450,0.16,5.5,25.29,0.07,1.26,27.6,82.5,0.21,0,27.6,27.8,28,28,28
451,0.88,21.4,28.75,0.37,1.28,27.6,82.5,0.21,-1,27.6,27.8,28,28,28
452,0.4,8.3,26.7,0.21,1.04,27.8,81.2,0.15,0,27.8,28.1,28.4,28.4,28.4
453,0.04,5.03,25.44,0.09,1.04,27.8,81.2,0.15,-1,27.8,28.1,28.4,28.4,28.4
454,0.94,23.63,29.28,0.36,1.17,27.8,81.2,0.15,0,27.8,28.1,28.4,28.4,28.4
455,0.69,15.14,27.69,0.35,1.16,27.6,82.5,0.22,0,27.6,27.9,28.2,28.2,28.2
456,0.76,17.16,27.77,0.21,1.4,27.6,82.5,0.22,0,27.6,27.9,28.2,28.2,28.2
457,1.18,34.05,29.8,0.37,1.48,28.2,82.7,0.28,1,28.2,28.2,28.2,28.2,28.2
458,0.29,6.7,25.61,0.21,1.1,28.2,82.7,0.28,2,28.2,28.2,28.2,28.2,28.2
459,0.46,9.41,26.55,0.37,0.99,28.2,82.7,0.28,0,28.2,28.2,28.2,28.2,28.2
460,0.44,9.04,26.16,0.24,1.13,28.2,82.7,0.28,0,28.2,28.2,28.2,28.2,28.2
461,0.01,5,24.56,0.09,1.17,28.2,82.7,0.28,-1,28.2,28.2,28.2,28.2,28.2
462,-1.37,43.85,22.1,0.05,1.01,28,83.3,0.48,-1,28,28.2,28.4,28.4,28.4
463,0.07,5.1,24.89,0.33,1,28,83.3,0.48,0,28,28.2,28.4,28.4,28.4
464,-1.39,44.97,22.11,0.05,1.01,28,83.3,0.48,-1,28,28.2,28.4,28.4,28.4
465,0.39,8.23,25.89,0.24,1.12,28.2,82,0.3,0,28.2,28.3,28.3,28.3,28.3
466,1.23,36.69,29.7,0.31,1.63,28.2,82,0.3,0,28.2,28.3,28.3,28.3,28.3
467,1.29,39.97,29.32,0.2,1.85,28.2,82,0.3,1,28.2,28.3,28.3,28.3,28.3
468,0.85,20.31,27.62,0.25,1.39,28.2,82,0.3,0,28.2,28.3,28.3,28.3,28.3
469,-0.53,10.97,22.71,0.05,1.17,28.4,79.3,0.5,0,28.4,28.6,28.7,28.7,28.7
470,1.38,44.45,30.09,0.34,1.16,28.8,74.2,0.08,2,28.8,29.1,29.3,29.3,29.3
471,1.23,36.91,28.96,0.31,1.05,28.8,74.2,0.08,0,28.8,29.1,29.3,29.3,29.3
472,1.39,44.83,30.16,0.34,1.17,28.8,74.2,0.08,1,28.8,29.1,29.3,29.3,29.3
473,1.36,43.16,30.8,0.21,1.51,28.8,74.9,0.15,2,28.8,29,29.2,29.2,29.2
474,1.01,26.59,28.58,0.07,1.39,28.8,74.9,0.15,1,28.8,29,29.2,29.2,29.2
475,1.07,29.27,28.56,0.34,1.05,28.9,66.7,0.12,0,28.9,29.1,29.2,29.2,29.2
476,0.66,14.12,26.6,0.21,1.02,28.9,66.7,0.2,0,28.9,29.3,29.6,29.6,29.6
477,0.9,22.01,27.39,0.24,1.12,28.9,66.7,0.2,2,28.9,29.3,29.6,29.6,29.6
478,1.11,31.17,28.45,0.34,1.16,28.9,66.7,0.2,1,28.9,29.3,29.6,29.6,29.6
479,0.37,7.85,26.42,0.21,0.94,28.9,66.7,0.2,0,28.9,29.3,29.6,29.6,29.6
480,0.91,22.57,27.34,0.07,0.99,29.6,70.2,0.1,0,29.6,29.8,29.9,29.9,29.9
481,1.74,63.64,32.65,0.46,1.32,29.6,70.2,0.1,0,29.6,29.8,29.9,29.9,29.9
482,1.74,64.04,32.76,0.46,1.34,29.6,70.2,0.1,0,29.6,29.8,29.9,29.9,29.9
483,1.34,42.33,29.25,0.2,1.13,29.6,70.2,0.1,0,29.6,29.8,29.9,29.9,29.9
484,1.26,38.14,28.69,0.24,1.06,29.2,71.2,0.08,0,29.2,29.4,29.6,29.6,29.6
485,1,25.92,27.28,0.09,1.06,29.2,71.2,0.08,0,29.2,29.4,29.6,29.6,29.6
486,0.96,24.49,27.14,0.05,1.1,29.2,71.2,0.08,1,29.2,29.4,29.6,29.6,29.6
487,1.2,35.35,29.01,0.36,0.95,29.8,69.1,0.18,2,29.8,30,30.1,30.1,30.1
488,1.29,39.66,29.05,0.35,0.99,29.8,69.1,0.18,0,29.8,30,30.1,30.1,30.1
489,0.85,20.1,27.08,0.1,1.33,28.8,75.5,0.23,0,28.8,29.1,29.4,29.4,29.4
490,1.09,30.01,28.43,0.22,1.32,28.8,75.5,0.23,0,28.8,29.1,29.4,29.4,29.4
491,1.47,49.34,30.45,0.36,1.12,29.6,70.2,0.12,1,29.6,29.7,29.8,29.8,29.8
492,0.45,9.2,26.98,0.07,0.91,29.6,70.2,0.12,1,29.6,29.7,29.8,29.8,29.8
493,1.16,33.19,27.32,0.21,1.25,29.8,67.3,0.32,2,29.8,29.9,30,30,30
494,1.57,54.46,30.28,0.34,1.45,29.8,61.9,0.21,0,29.8,29.9,30,30,30
495,1.32,41.33,27.69,0.21,1.45,29.8,61.9,0.32,0,29.8,29.9,30,30,30
496,1.21,35.81,27.22,0.2,1.36,29.8,61.9,0.32,0,29.8,29.9,30,30,30
497,1.04,27.9,27.05,0.34,1.02,29.8,61.9,0.32,2,29.8,29.9,30,30,30
498,1.61,56.7,30.24,0.2,1.15,29.8,74.1,0.17,0,29.8,30.7,31.6,31.5,31.5
499,1.6,56.56,30.91,0.35,1.15,29.8,74.1,0.17,1,29.8,30.2,30.5,30.5,30.5
500,1.36,43.35,29.76,0.32,1.06,29.3,73.2,0.11,1,29.3,29.6,29.8,29.8,29.8
501,1.43,46.94,30.48,0.37,1.2,29.3,73.2,0.17,0,29.3,29.6,29.8,29.8,29.8
502,1.28,39.17,29.5,0.21,1.27,29.3,73.2,0.17,-1,29.3,29.6,29.8,29.8,29.8
503,0.77,17.4,26.43,0.33,1.02,29.2,73.8,0.45,0,29.2,29.6,30,29.9,29.9
504,0.78,17.7,26.56,0.35,1,29.2,73.8,0.45,0,29.2,29.6,30,29.9,29.9
505,0.74,16.68,28.05,0.2,1.15,28.1,80.6,0.15,1,28.1,28.5,28.8,28.8,28.8
506,1.03,27.38,29.52,0.36,1.14,28.1,80.6,0.15,0,28.1,28.5,28.8,28.8,28.8
507,1.23,36.82,30.61,0.2,1.56,28.1,79.2,0.15,0,28.1,28.5,28.8,28.8,28.8
508,1.37,44.05,31.86,0.35,1.52,28.1,79.2,0.15,1,28.1,28.5,28.8,28.8,28.8
509,0.84,20,28.14,0.05,1.42,28.2,78.6,0.12,0,28.2,28.3,28.4,28.4,28.4
510,1.2,35.08,30.47,0.36,1.39,28.2,78.6,0.17,0,28.2,28.3,28.4,28.4,28.4
511,0.4,8.39,26.22,0.05,1.26,28.2,78.6,0.17,1,28.2,28.3,28.4,28.4,28.4
512,0.79,18.27,27.63,0.05,1.5,28.2,78.6,0.17,0,28.2,28.3,28.4,28.4,28.4
513,0.87,20.97,27.39,0.05,1.6,28.1,79.2,0.21,0,28.1,28.4,28.7,28.7,28.7
514,1.13,31.75,29.63,0.35,1.36,28.1,79.2,0.21,-1,28.1,28.4,28.7,28.7,28.7
515,0.57,11.83,27.14,0.35,0.99,28.1,79.2,0.21,0,28.1,28.4,28.7,28.7,28.7
516,0.9,22.08,28.24,0.05,1.39,28,79.9,0.11,0,28,28.5,28.9,28.9,28.9
517,1.37,43.78,31.63,0.35,1.42,28,79.9,0.11,0,28,28.5,28.9,28.9,28.9
518,1.02,26.78,28.99,0.36,1.06,28,79.9,0.11,1,28,28.5,28.9,28.9,28.9
519,0.35,7.51,26.53,0.09,1.09,27.8,82.5,0.13,-2,27.8,28.3,28.7,28.7,28.7
520,1.39,44.73,32.32,0.35,1.55,27.8,81.2,0.13,0,27.8,28.3,28.7,28.7,28.7
521,0.96,24.59,28.24,0.05,1.52,27.2,79.5,0.09,-2,27.2,28,28.9,28.8,28.8
522,0.67,14.53,27.24,0.24,1.15,28.1,75.9,0.19,1,28.1,28.4,28.7,28.7,28.7
523,0.2,5.8,25.41,0.07,1.15,28.1,75.9,0.19,-1,28.1,28.4,28.7,28.7,28.7
524,0.88,21.26,27.85,0.34,1.09,28.7,72.2,0.19,0,28.7,28.7,28.7,28.7,28.7
525,0.79,18.25,27.81,0.35,1.09,28.1,75.9,0.19,1,28.1,28.4,28.7,28.7,28.7
526,0.34,7.33,26.08,0.21,1.02,28.1,75.9,0.19,1,28.1,28.4,28.7,28.7,28.7
527,0.59,12.42,26.74,0.2,1.02,27.9,73.8,0.1,-1,27.9,28.4,28.8,28.8,28.8
528,1.14,32.58,29.86,0.34,1.17,28.2,79.9,0.11,0,28.2,28.5,28.8,28.8,28.8
529,0.68,14.67,27.25,0.05,1.22,28.2,79.9,0.11,1,28.2,28.5,28.8,28.8,28.8
530,1.21,35.59,30.32,0.34,1.23,28.2,79.9,0.11,2,28.2,28.5,28.8,28.8,28.8
531,0.24,6.21,25.79,0.05,1.13,28.3,75.3,0.15,0,28.3,28.4,28.5,28.5,28.5
532,1.09,29.99,29.36,0.2,1.48,28.3,72,0.15,0,28.3,28.4,28.5,28.5,28.5
533,2.2,84.9,35.51,0.36,2.4,28.1,79.2,0.05,1,28.1,28.4,28.6,28.6,28.6
534,2.25,86.55,34.31,0.09,2.59,28.1,79.2,0.05,1,28.1,28.4,28.6,28.6,28.6
535,2.34,89.48,35.31,0.24,2.59,28.1,80.6,0.05,0,28.1,28.4,28.6,28.6,28.6
536,1.92,72.86,32.93,0.05,2.3,28.1,80.6,0.05,0,28.1,28.4,28.6,28.6,28.6
537,1.26,38.24,30.14,0.21,1.42,28.1,79.2,0.05,1,28.1,28.4,28.6,28.6,28.6
538,1.22,36,29.85,0.35,1.18,28.1,80.6,0.05,0,28.1,28.4,28.6,28.6,28.6
539,0.84,20,27.81,0.13,1.16,28.1,83.3,0.08,-1,28.1,28.4,28.6,28.6,28.6
540,1.19,34.65,29.74,0.37,1.11,28.1,83.3,0.08,2,28.1,28.4,28.6,28.6,28.6
541,1.6,56.54,33.05,0.35,1.59,28.7,79.5,0.08,0,28.7,28.6,28.6,28.6,28.6
542,1.68,60.73,30.74,0.32,1.98,28.8,78.2,0.42,1,28.8,29,29.1,29.1,29.1
543,1.25,37.74,28.82,0.35,1.48,28.8,78.2,0.42,0,28.8,29,29.1,29.1,29.1
544,0.45,9.13,24.78,0.07,1.36,28.8,78.2,0.42,0,28.8,29,29.1,29.1,29.1
545,1.11,30.78,28.09,0.34,1.36,28.8,78.2,0.42,1,28.8,29,29.1,29.1,29.1
546,1,26.22,27.19,0.07,1.51,29,80.2,0.3,0,29,29.2,29.4,29.4,29.4
547,1.11,31.16,27.37,0.05,1.65,29,80.2,0.3,0,29,29.2,29.4,29.4,29.4
548,0.47,9.52,25.67,0.09,1.16,29,80.2,0.3,-1,29,29.2,29.4,29.4,29.4
549,0.89,21.74,27.46,0.31,1.06,29,80.2,0.3,1,29,29.2,29.4,29.4,29.4
550,0.23,6.11,25.06,0.07,1.09,29,80.2,0.3,0,29,29.2,29.4,29.4,29.4
551,0.24,6.21,26.11,0.21,1.07,27.6,83.9,0.17,0,27.6,27.8,27.9,27.9,27.9
552,-0.07,5.12,24.95,0.09,1.1,27.6,82.5,0.17,1,27.6,27.8,27.9,27.9,27.9
553,-0.13,5.37,24.81,0.09,1.07,27.6,83.9,0.17,0,27.6,27.8,27.9,27.9,27.9
554,0.46,9.36,27.02,0.34,1.02,27.6,82.5,0.17,0,27.6,27.8,27.9,27.9,27.9
555,0.42,8.74,26.88,0.21,0.96,28.4,75.3,0.12,1,28.4,28.5,28.6,28.6,28.6
556,-0.1,5.22,26.34,0.21,0.85,28.4,75.3,0.12,-1,28.4,28.5,28.6,28.6,28.6
557,0.56,11.66,27.95,0.37,0.91,28.4,75.3,0.12,1,28.4,28.5,28.6,28.6,28.6
558,1.09,30.03,29.49,0.34,1.17,28.4,75.3,0.12,1,28.4,28.5,28.6,28.6,28.6
559,0.98,25.21,28.61,0.07,1.44,28.4,75.3,0.12,-1,28.4,28.5,28.6,28.6,28.6
560,1.08,29.59,29.21,0.2,1.36,28.4,72.1,0.12,0,28.4,28.6,28.7,28.7,28.7
561,1.11,31.2,29.49,0.35,1.19,28.4,72.1,0.12,2,28.4,28.6,28.7,28.7,28.7
562,0.9,22.18,28.26,0.21,1.19,28.4,72.1,0.12,2,28.4,28.6,28.7,28.7,28.7
563,0.89,21.59,28.18,0.21,1.19,28.4,72.1,0.12,1,28.4,28.6,28.7,28.7,28.7
564,0.52,10.62,26.46,0.05,1.18,28.4,72.1,0.12,1,28.4,28.6,28.7,28.7,28.7
565,0.6,12.58,27.6,0.23,1.31,26.7,75.9,0.15,1,26.7,27.5,28.3,28.2,28.2
566,0.36,7.69,25.73,0.35,1.25,26.7,75.9,0.35,-1,26.7,27.5,28.3,28.2,28.2
567,0.37,7.83,26.7,0.28,1.12,26.7,75.9,0.15,-1,26.7,27.5,28.3,28.2,28.2
568,0.54,11.17,27.45,0.39,1.08,26.7,75.9,0.15,1,26.7,27.5,28.3,28.2,28.2
569,0.29,6.78,26.71,0.38,0.99,26.7,75.9,0.15,1,26.7,27.5,28.3,28.2,28.2
570,0.23,6.08,26.47,0.35,0.99,26.7,75.9,0.15,1,26.7,27.5,28.3,28.2,28.2
571,-0.08,5.14,25.45,0.23,0.99,26.7,75.9,0.15,1,26.7,27.5,28.3,28.2,28.2
572,0.42,8.72,26.39,0.37,1.18,26.7,75.9,0.25,0,26.7,27.5,28.3,28.2,28.2
573,0.72,16.06,28.24,0.28,1.33,26.7,75.9,0.15,1,26.7,27.5,28.3,28.2,28.2
574,1.83,68.57,32.92,0.34,1.43,29.8,71.6,0.09,2,29.8,30.1,30.4,30.4,30.4
575,1.58,55.1,30.31,0.12,1.32,29.8,71.6,0.09,2,29.8,30.1,30.4,30.4,30.4
576,1.55,53.43,30.46,0.34,1.17,30,71.7,0.18,1,30,30.1,30.1,30.1,30.1
577,1.52,51.86,30.27,0.31,1.18,30,71.7,0.18,0,30,30.1,30.1,30.1,30.1
578,1.32,41.53,28.08,0.33,1.19,30,71.7,0.42,0,30,30.1,30.1,30.1,30.1
579,1.51,51.52,30.01,0.34,1.17,30,71.7,0.21,1,30,30.1,30.1,30.1,30.1
580,1.43,47.13,29.67,0.18,1.06,30.2,73,0.13,1,30.2,30.3,30.4,30.4,30.4
581,1.52,51.98,30.14,0.24,1.04,30.2,73,0.13,2,30.2,30.3,30.4,30.4,30.4
582,1.77,65.44,31.54,0.21,1.6,30.1,71.7,0.2,2,30.1,30.3,30.5,30.5,30.5
583,1.92,73.16,33.23,0.34,1.7,30.1,71.7,0.2,2,30.1,30.3,30.5,30.5,30.5
584,1.13,31.94,27.71,0.09,1.1,30.1,71.7,0.2,2,30.1,30.3,30.5,30.5,30.5
585,1.62,57.5,30.03,0.33,1.18,30.5,70.1,0.23,0,30.5,30.4,30.3,30.3,30.3
586,1.49,50.36,29.13,0.21,1.21,30.5,70.1,0.23,1,30.5,30.4,30.3,30.3,30.3
587,1.06,28.71,27.05,0.09,1.06,30.5,70.1,0.23,-1,30.5,30.4,30.3,30.3,30.3
588,0.89,21.91,26.52,0.05,1.03,30.5,70.1,0.23,2,30.5,30.4,30.3,30.3,30.3
589,1.11,31.09,27.81,0.05,1.05,29.4,77.8,0.07,0,29.4,29.7,30,30,30
590,1.25,37.6,29,0.21,0.96,29.4,77.8,0.07,0,29.4,29.7,30,30,30
591,0.89,21.66,29.18,0.34,0.8,29.4,77.8,0.07,0,29.4,29.7,30,30,30
592,0.86,20.52,29.28,0.34,0.77,29.4,77.8,0.07,2,29.4,29.9,30.3,30.3,30.3
593,0.99,25.71,27.85,0.09,0.96,29.4,77.8,0.07,0,29.4,29.7,30,30,30
594,1.67,59.95,31.29,0.35,1.13,29.4,77.8,0.07,1,29.4,29.7,30,30,30
595,1.16,33.51,27.66,0.32,1.09,29.8,77.9,0.45,2,29.8,30,30.1,30.1,30.1
596,0.26,6.42,26.32,0.13,0.92,29.4,79.1,0.25,1,29.4,29.7,29.9,29.9,29.9
597,0.78,17.74,28.2,0.35,0.89,29.4,79.1,0.25,1,29.4,29.7,29.9,29.9,29.9
598,0.89,21.74,27.36,0.18,1.08,29.4,71.4,0.19,1,29.4,29.5,29.6,29.6,29.6
599,1.45,48.36,30.52,0.34,1.34,29.4,71.4,0.19,1,29.4,29.5,29.6,29.6,29.6
600,0.99,25.71,27.49,0.05,1.34,29.4,71.4,0.19,1,29.4,29.5,29.6,29.6,29.6
601,0.54,11.2,26.08,0.05,1.08,29.4,71.4,0.19,1,29.4,29.5,29.6,29.6,29.6
602,1.07,28.98,28.15,0.23,1.12,29.4,71.4,0.19,0,29.4,29.5,29.6,29.6,29.6
603,0.93,23.24,26.74,0.34,1.19,29.2,73.1,0.51,-1,29.2,29.3,29.4,29.4,29.4
604,0.82,19.1,26.39,0.35,1.1,29.2,73.1,0.51,1,29.2,29.3,29.4,29.4,29.4
605,0.61,12.85,25.49,0.21,1.06,29.6,70.8,0.44,0,29.6,29.7,29.7,29.7,29.7
606,0.83,19.65,26.35,0.33,1.06,29.6,70.8,0.44,0,29.6,29.4,29.2,29.2,29.2
607,1.05,28.42,27.95,0.05,1.05,29.8,75.4,0.11,1,29.8,29.9,30,30,30
608,1.05,28.42,27.95,0.05,1.05,29.8,75.4,0.11,2,29.8,29.9,30,30,30
609,1.11,30.85,28.27,0.09,1.02,29.8,75.4,0.11,2,29.8,29.9,30,30,30
610,1.17,33.8,30,0.32,1.01,29.5,92.1,0.21,1,29.5,29.2,29,29,29
611,0.81,18.99,28.27,0.09,1.13,29.5,92.1,0.21,1,29.5,29.2,29,29,29
612,1.28,39.26,30.89,0.24,1.22,29.5,92.1,0.21,1,29.5,29.2,29,29,29
613,1.43,47.32,30.12,0.32,1.11,29.8,74.7,0.17,1,29.8,29.9,29.9,29.9,29.9
614,1.12,31.29,28.36,0.07,1.21,29.8,74.7,0.17,1,29.8,29.9,29.9,29.9,29.9
615,1.19,34.75,29.39,0.2,1.19,29.8,78.6,0.17,1,29.8,29.4,29,29,29
616,0.91,22.31,27.73,0.09,1.02,29.8,78.6,0.17,0,29.8,29.9,29.9,29.9,29.9
617,1.03,27.19,27.57,0.05,1.06,29.4,75.2,0.09,2,29.4,29.7,29.9,29.9,29.9
618,1.5,50.87,30.25,0.34,1.06,29.4,75.2,0.09,2,29.4,29.7,29.9,29.9,29.9
619,1.45,48,29.9,0.32,1.02,29.4,75.2,0.09,1,29.4,29.7,29.9,29.9,29.9
620,0.59,12.28,26.42,0.2,0.99,29.3,77.1,0.28,0,29.3,29.5,29.6,29.6,29.6
621,0.59,12.28,26.42,0.2,0.99,29.3,77.1,0.28,1,29.3,29.5,29.6,29.6,29.6
622,0.47,9.66,25.82,0.13,1.02,29.3,77.1,0.28,0,29.3,29.5,29.6,29.6,29.6
623,1.25,37.85,29.56,0.37,1.06,29.2,82.3,0.21,0,29.2,29.4,29.6,29.6,29.6
624,0.5,10.23,26.71,0.05,1.04,29.2,89.2,0.21,0,29.2,29.4,29.6,29.6,29.6
625,1.49,50.3,31.67,0.43,1.13,29.2,89.2,0.21,2,29.2,29.4,29.6,29.6,29.6
626,1.65,58.88,33.3,0.35,1.48,29.2,89.2,0.21,0,29.2,29.4,29.6,29.6,29.6
627,1.16,33.44,29.44,0.05,1.44,29.2,89.2,0.21,0,29.2,29.4,29.6,29.6,29.6
628,1.15,32.94,29.6,0.22,1.14,29.2,89.2,0.21,0,29.2,29.4,29.6,29.6,29.6
629,1.33,41.75,30.55,0.35,1.09,29.2,89.2,0.21,0,29.2,29.4,29.6,29.6,29.6
630,0.72,15.79,27,0.07,1.02,29.1,75,0.11,0,29.1,29.3,29.4,29.4,29.4
631,1.24,37.3,29.47,0.35,1.02,29.1,75,0.11,0,29.1,29.3,29.4,29.4,29.4
632,1.28,39.33,29.76,0.33,1.05,29.1,77.6,0.11,-1,29.1,29.3,29.4,29.4,29.4
633,0.25,6.28,26.02,0.05,0.97,29.1,75,0.17,0,29.1,29.4,29.6,29.6,29.6
634,1.34,42.49,30.35,0.33,1.19,29.2,77.7,0.17,1,29.2,29.4,29.5,29.5,29.5
635,1.85,69.34,32.34,0.36,1.5,30.2,64.5,0.17,-1,30.2,30.5,30.8,30.8,30.8
636,1.79,66.35,31.74,0.35,1.4,30.2,64.5,0.17,1,30.2,30.5,30.8,30.8,30.8
637,1.36,43.43,27.83,0.32,1.17,30,66.8,0.42,0,30,30.4,30.9,30.8,30.8
638,1.14,32.39,26.67,0.24,1.15,30,66.8,0.47,0,30,30.4,30.9,30.8,30.8
639,1.53,52.79,29.94,0.12,1.31,30.5,64.1,0.13,0,30.5,30.4,30.3,30.3,30.3
640,1.65,58.82,30.65,0.32,1.14,30.5,64.1,0.13,-1,30.5,30.4,30.3,30.3,30.3
641,1.33,41.83,27.47,0.35,1.07,30.5,64.1,0.42,0,30.5,30.4,30.3,30.3,30.3
642,1.22,36.12,26.96,0.24,1.11,30.5,67.1,0.42,0,30.5,30.4,30.3,30.3,30.3
643,1.48,49.97,27.72,0.24,1.39,30.5,66.5,0.48,-1,30.5,30.4,30.4,30.4,30.4
644,1.79,66.3,29.75,0.35,1.63,30.5,65.3,0.48,0,30.5,30.4,30.4,30.4,30.4
645,1.89,71.44,34.13,0.2,1.48,30.1,83.9,0.11,0,30.1,30.3,30.5,30.5,30.5
646,1.69,61.13,31.82,0.2,1.13,30.1,83.9,0.11,0,30.1,30.3,30.5,30.5,30.5
647,1.66,59.68,31.25,0.33,1.38,29.9,66.1,0.17,1,29.9,30.2,30.4,30.4,30.4
648,1.77,65.33,32.25,0.37,1.51,29.9,66.1,0.17,0,29.9,30.2,30.4,30.4,30.4
649,1.27,38.76,28.44,0.09,1.26,29.9,66.1,0.17,0,29.9,30.2,30.4,30.4,30.4
650,1.41,45.84,28.28,0.33,1.13,30.2,64.5,0.31,0,30.2,30.4,30.5,30.5,30.5
651,-0.42,8.73,25.93,0.12,0.77,30.2,64.5,0.31,0,30.2,30.4,30.5,30.5,30.5
652,0.89,21.56,27.68,0.35,0.88,30.2,64.5,0.31,0,30.2,30.4,30.5,30.5,30.5
653,0.81,19,26.04,0.05,1.09,30.2,70.5,0.28,0,30.2,30.3,30.4,30.4,30.4
654,1.47,49.31,28.98,0.35,1.09,30.2,70.5,0.28,0,30.2,30.3,30.4,30.4,30.4
655,2.03,78.08,35.74,0.38,1.48,30.2,97.8,0.21,0,30.2,30.3,30.3,30.3,30.3
656,1.57,54.54,31.57,0.05,1.52,30.2,97.8,0.31,0,30.2,30.3,30.3,30.3,30.3
657,0.63,13.22,25.45,0.05,1.06,30.1,65.6,0.28,2,30.1,30.2,30.3,30.3,30.3
658,1.3,40.07,28.07,0.35,1.02,30.1,65.6,0.28,1,30.1,30.2,30.3,30.3,30.3
659,1.19,34.58,27.78,0.32,0.99,30.1,65.6,0.28,1,30.1,30.2,30.3,30.3,30.3
660,1.59,56,30.6,0.37,1.02,30,70.4,0.13,0,30,30.2,30.4,30.4,30.4
661,1.16,33.18,27.31,0.05,1.3,30,66.8,0.22,0,30,30.2,30.4,30.4,30.4
662,1.53,52.74,29.51,0.35,1.26,30,66.8,0.27,0,30,30.2,30.4,30.4,30.4
663,1.61,57.02,31.33,0.24,1.36,29.9,68.5,0.13,0,29.9,30.1,30.2,30.2,30.2
664,1.82,68.15,32.84,0.2,1.73,29.9,68.5,0.13,1,29.9,30.1,30.2,30.2,30.2
665,1.49,50.41,30.35,0.2,1.26,29.9,68.5,0.13,1,29.9,30.1,30.2,30.2,30.2
666,-0.12,5.31,25.52,0.05,0.89,29.7,69,0.22,0,29.7,29.8,29.9,29.9,29.9
667,1.33,41.59,28.98,0.32,1.16,29.7,69,0.22,0,29.7,29.8,29.9,29.9,29.9
668,1.27,38.58,27.9,0.43,1.32,29.7,68.4,0.58,-1,29.7,29.3,28.9,29,29
669,0.94,23.47,26.49,0.32,1.32,29.1,71.8,0.58,-2,29.1,29,29,29,29
670,1.49,50.24,28.8,0.35,1.78,29.1,71.8,0.58,-1,29.1,29.2,29.2,29.2,29.2
671,1.09,30.02,26.2,0.2,1.65,29.1,71.8,0.58,-1,29.1,29,29,29,29
672,1.02,26.85,27.85,0.35,1.22,28.9,78.9,0.38,-1,28.9,29,29.1,29.1,29.1
673,0.68,14.61,26.18,0.2,1.22,28.9,78.9,0.38,-1,28.9,29,29.1,29.1,29.1
674,-0.51,10.46,22.97,0.09,1.06,28.8,74.9,0.51,0,28.8,28.9,28.9,28.9,28.9
675,0.19,5.75,24.57,0.24,1.06,28.8,74.9,0.51,0,28.8,28.9,28.9,28.9,28.9
676,0.59,12.33,25.81,0.34,1.1,28.8,74.9,0.51,0,28.8,28.9,28.9,28.9,28.9
677,-0.36,7.63,23.15,0.09,1.1,28.8,74.9,0.51,-1,28.8,28.9,28.9,28.9,28.9
678,0.02,5.01,24.13,0.2,1.06,28.8,74.9,0.51,0,28.8,28.9,28.9,28.9,28.9
679,-0.09,5.18,24.2,0.05,1.03,29.1,72.5,0.28,0,29.1,29.1,29.1,29.1,29.1
680,-0.09,5.18,24.2,0.05,1.03,29.1,72.5,0.28,0,29.1,29.1,29.1,29.1,29.1
681,0.77,17.65,26.62,0.2,1.19,29.1,72.5,0.28,0,29.1,29.1,29.1,29.1,29.1
682,0.61,12.85,25.58,0.2,1.32,28.9,75.6,0.43,1,28.9,28.5,28.1,28.2,28.2
683,1.21,35.82,28.64,0.43,1.31,28.9,75.6,0.43,1,28.9,29.1,29.2,29.2,29.2
684,0.68,14.72,26.24,0.34,1.06,28.9,75.6,0.43,1,28.9,29.1,29.2,29.2,29.2
685,-0.64,13.53,23.14,0.05,1.01,28.9,75.6,0.43,-2,28.9,29.1,29.2,29.2,29.2
686,0.7,15.18,26.27,0.32,1.09,28.9,75.6,0.43,-1,28.9,29.1,29.2,29.2,29.2
687,0.82,19.3,26.97,0.35,1.02,29.2,75.1,0.33,1,29.2,29.1,29.1,29.1,29.1
688,0.18,5.65,24.84,0.13,1.02,29.2,75.1,0.33,1,29.2,29.1,29.1,29.1,29.1
689,1.59,55.89,33.66,0.4,1.69,28.1,78.5,0.13,-2,28.1,28.5,28.9,28.9,28.9
690,1,25.97,26.22,0.09,1.73,28.7,78.8,0.42,-1,28.7,28.8,28.9,28.9,28.9
691,1.8,67.18,31.61,0.33,1.52,30,69.2,0.23,0,30,30.5,31,30.9,30.9
692,1.68,60.67,31.19,0.35,1.48,30,69.2,0.23,0,30,30,30,30,30
693,0.85,20.15,26.48,0.05,1.02,30,69.2,0.23,1,30,30.5,31,30.9,30.9
694,1.51,51.26,28.93,0.2,1.21,30.3,67.6,0.23,1,30.3,30.6,30.9,30.9,30.9
695,1.53,52.46,29.05,0.2,1.24,30.3,67.6,0.23,1,30.3,30.6,30.9,30.9,30.9
696,1.37,44.16,28.84,0.05,1.54,29.6,67.8,0.18,0,29.6,29.9,30.2,30.2,30.2
697,1.76,64.84,32.37,0.35,1.63,29.6,67.8,0.18,0,29.6,29.9,30.2,30.2,30.2
698,0.78,17.66,26.63,0.05,1.09,29.6,67.8,0.18,1,29.6,29.9,30.2,30.2,30.2
699,1.45,48.02,29.91,0.24,1.32,29.6,69,0.18,-1,29.6,29.9,30.2,30.2,30.2
700,1.21,35.65,26.22,0.05,1.63,29.6,69,0.38,1,29.6,29.9,30.3,30.2,30.2
701,1.64,58.28,29.89,0.33,1.65,29.6,69,0.38,0,29.6,29.9,30.3,30.2,30.2
702,1.36,43.34,28.66,0.32,1.28,29.6,74,0.38,1,29.6,29.9,30.3,30.2,30.2
703,1.54,52.88,29.87,0.09,1.38,29.9,68.5,0.08,2,29.9,30,30,30,30
704,1.95,74.33,34.21,0.37,1.73,29.9,68.5,0.08,2,29.9,30,30,30,30
705,0.6,12.67,24.49,0.07,1.26,29.9,68.5,0.54,-1,29.9,30,30,30,30
706,0.65,13.82,26,0.07,1.02,29.9,66.1,0.23,0,29.9,30.1,30.2,30.2,30.2
707,1.05,28.28,27.41,0.23,1.01,29.9,66.1,0.23,0,29.9,30.1,30.2,30.2,30.2
708,1.24,37.14,28.22,0.33,1.01,29.9,66.1,0.23,0,29.9,30.1,30.2,30.2,30.2
709,0.99,25.52,26.83,0.09,1.18,29.9,66.1,0.23,0,29.9,30.1,30.2,30.2,30.2
710,1.54,52.86,29.92,0.4,1.21,29.9,66.1,0.23,0,29.9,30.1,30.2,30.2,30.2
711,0.82,19.23,25.75,0.09,1.08,30.2,68.7,0.36,0,30.2,30.5,30.7,30.7,30.7
712,1.43,47.27,28.29,0.34,1.12,30.2,67.5,0.36,0,30.2,30.5,30.7,30.7,30.7
713,1.49,50.45,28.37,0.24,1.34,30.2,67.5,0.36,1,30.2,30.5,30.7,30.7,30.7
714,1.45,48.13,28,0.2,1.37,30.2,67.5,0.36,1,30.2,30.5,30.7,30.7,30.7
715,1.76,65.02,31.62,0.09,1.4,30.3,75.6,0.1,2,30.3,30.5,30.7,30.7,30.7
716,1.93,73.73,33.52,0.33,1.35,30.3,75.6,0.1,2,30.3,30.5,30.7,30.7,30.7
717,1.63,57.72,30.93,0.33,0.93,30.3,75.6,0.1,2,30.3,30.5,30.7,30.7,30.7
718,1.14,32.17,30.27,0.35,0.78,30.3,75.6,0.1,2,30.3,30.5,30.7,30.7,30.7
719,1.31,41.01,27.67,0.35,1.13,30,62,0.38,2,30,30.3,30.7,30.6,30.6
720,0.58,11.97,24.82,0.05,1.13,30,62,0.38,2,30,30.3,30.7,30.6,30.6
721,1.5,50.73,28.47,0.32,1.38,30,62,0.38,0,30,30.3,30.7,30.6,30.6
722,1.49,50.14,28.38,0.31,1.38,30,62,0.38,0,30,30.3,30.7,30.6,30.6
723,0.69,15.04,27,0.34,0.88,30,62,0.38,1,30,30.3,30.7,30.6,30.6
724,0.71,15.72,25.84,0.07,0.99,30.2,66.9,0.33,1,30.2,30.7,31.2,31.1,31.1
725,1.61,57.11,30.3,0.32,0.98,30.2,66.9,0.14,1,30.2,30.7,31.1,31.1,31.1
726,1.32,41.51,28.5,0.21,0.98,30.2,66.9,0.19,0,30.2,30.7,31.2,31.1,31.1
727,1.65,59.15,30.06,0.35,1.02,30.2,66.9,0.17,2,30.2,30.7,31.1,31.1,31.1
728,1.17,33.7,27.63,0.05,1.05,30.2,66.9,0.17,1,30.2,30.7,31.1,31.1,31.1
729,1.2,35.47,28.91,0.32,1.06,29,77.6,0.21,1,29,29.7,30.4,30.3,30.3
730,1.14,32.31,28.19,0.05,1.43,29,77.6,0.21,1,29,29.7,30.4,30.3,30.3
731,1.56,54.12,31.37,0.34,1.42,29,77.6,0.21,2,29,29.7,30.4,30.3,30.3
732,1.53,52.76,29.91,0.2,1.52,29.7,69.7,0.22,0,29.7,30,30.2,30.2,30.2
733,1.71,62.3,31.62,0.35,1.56,29.7,69.7,0.22,0,29.7,30,30.2,30.2,30.2
734,1.33,41.68,28.82,0.35,1.06,29.7,69.7,0.22,0,29.7,30,30.2,30.2,30.2
735,0.56,11.5,25.93,0.05,1.02,29.7,69.7,0.22,2,29.7,30,30.2,30.2,30.2
736,1.05,28.29,27.5,0.2,1.06,29.7,69.7,0.22,2,29.7,30,30.2,30.2,30.2
737,1.23,36.81,28.07,0.35,1.06,29.7,69.7,0.29,0,29.7,30,30.2,30.2,30.2
738,1.32,41.25,28.99,0.2,1.06,29.7,69.7,0.11,2,29.7,30,30.2,30.2,30.2
739,1.01,26.62,27.28,0.09,1.18,29.7,69.7,0.21,2,29.7,30,30.2,30.2,30.2
740,1.46,48.48,29.91,0.34,1.18,29.7,69.7,0.19,1,29.7,29.9,30.1,30.1,30.1
741,1.21,35.98,27.02,0.09,1.46,29.7,70.3,0.33,0,29.7,30.1,30.5,30.4,30.4
742,1.56,54.32,29.7,0.32,1.46,29.7,70.3,0.33,0,29.7,30.1,30.5,30.4,30.4
743,1.05,28.25,26.84,0.33,1.06,29.7,70.3,0.48,-1,29.7,30.1,30.5,30.4,30.4
744,1.28,39.43,28.2,0.05,1.06,30.3,69.4,0.1,1,30.3,30.4,30.4,30.4,30.4
745,1.87,70.49,32.98,0.35,1.4,30.3,69.4,0.1,2,30.3,30.4,30.4,30.4,30.4
746,1.87,70.46,32.98,0.33,1.43,30.3,69.4,0.1,2,30.3,30.4,30.4,30.4,30.4
747,1.75,64.33,30.93,0.35,1.3,30.4,68.2,0.22,2,30.4,30.6,30.7,30.7,30.7
748,1.6,56.26,29.62,0.2,1.31,30.4,68.2,0.22,2,30.4,30.6,30.7,30.7,30.7
749,1.68,60.74,30.28,0.35,1.18,30.4,68.2,0.22,2,30.4,30.6,30.7,30.7,30.7
750,1.15,32.94,27.44,0.31,1.19,29.6,70.2,0.41,-1,29.6,29.8,30,30,30
751,1.06,28.93,27.15,0.34,1.09,29.6,70.2,0.41,-1,29.6,29.8,30,30,30
752,0.65,13.89,25.62,0.2,1.05,29.6,70.2,0.41,0,29.6,29.8,30,30,30
753,1.16,33.34,28.35,0.13,1.08,29.6,70.2,0.11,1,29.6,29.8,30,30,30
754,1.13,31.99,28.27,0.07,1.16,29.9,69.2,0.15,-1,29.9,30,30.1,30.1,30.1
755,1.53,52.62,30.65,0.34,1.15,29.6,70.2,0.11,1,29.6,29.8,30,30,30
756,1,25.93,27.58,0.07,1.04,29.6,70.2,0.11,1,29.6,29.8,30,30,30
757,1.52,52.22,29.89,0.32,1.06,29.6,70.8,0.08,2,29.6,29.8,30,30,30
758,1.41,45.97,29.7,0.35,1,29.9,69.2,0.15,1,29.9,30,30.1,30.1,30.1
759,0.54,11.16,25.62,0.05,1.03,29.9,69.2,0.25,1,29.9,30,30.1,30.1,30.1
760,1.41,46.21,28.28,0.07,1.07,30.2,67.5,0.07,2,30.2,30.3,30.4,30.4,30.4
761,1.36,43.55,28.07,0.07,1.03,30.2,67.5,0.07,2,30.2,30.3,30.4,30.4,30.4
762,1.73,63.19,30.33,0.35,1.03,30.2,67.5,0.07,2,30.2,30.3,30.4,30.4,30.4
763,1.49,50.63,28.8,0.05,1.19,30.2,67.5,0.07,2,30.2,30.3,30.4,30.4,30.4
764,1.81,67.57,31.53,0.35,1.21,30.2,67.5,0.07,1,30.2,30.3,30.4,30.4,30.4
765,1.73,63.17,30.77,0.2,1.29,30.2,67.5,0.07,2,30.2,30.3,30.4,30.4,30.4
766,1.53,52.58,30.32,0.23,1.38,29.8,60.7,0.11,2,29.8,29.9,30,30,30
767,1.44,47.5,29.61,0.2,1.3,29.8,60.7,0.11,2,29.8,29.9,30,30,30
768,0.93,23.29,26.07,0.05,1.32,29.8,59.6,0.25,1,29.8,29.9,30,30,30
769,1.12,31.39,27.23,0.2,1.23,29.8,59.6,0.25,1,29.8,29.9,30,30,30
770,1.1,30.43,26.5,0.05,1.45,29.8,59.6,0.25,0,29.8,29.9,30,30,30
771,1.41,46.16,28.54,0.33,1.39,29.8,59.6,0.31,0,29.8,29.9,30,30,30
772,0.9,21.99,26.61,0.2,1.02,30,69.8,0.31,-1,30,30.1,30.1,30.1,30.1
773,1.51,51.29,29.45,0.37,1.26,30,69.8,0.31,-1,30,30.1,30.1,30.1,30.1
774,1.44,47.54,28.58,0.2,1.45,30,69.8,0.31,0,30,30.1,30.1,30.1,30.1
775,1.48,49.58,30.15,0.2,1.45,29.6,83.1,0.28,-2,29.6,29.9,30.1,30.1,30.1
776,1.57,54.6,31.08,0.36,1.3,29.6,83.1,0.28,0,29.6,29.9,30.1,30.1,30.1
777,1.51,51.61,29.45,0.35,1.06,29.9,61.4,0.08,-1,29.9,30,30,30,30
778,1.11,31.05,27.61,0.07,1.16,29,66.1,0.08,0,29,29.5,30,30,30
779,1.47,49.53,29.68,0.12,1.4,29.9,62.6,0.11,2,29.9,30,30.1,30.1,30.1
780,1.48,49.99,29.86,0.2,1.29,29.9,62.6,0.11,0,29.9,30,30.1,30.1,30.1
781,0.87,20.86,26.17,0.35,1,29.9,57.9,0.48,0,29.9,30,30.1,30.1,30.1
782,1.3,40.49,28.89,0.34,0.98,29.9,57.9,0.11,1,29.9,30,30.1,30.1,30.1
783,0.64,13.49,25.68,0.09,1.04,29.9,57.9,0.23,0,29.9,30,30.1,30.1,30.1
784,1.37,44.09,28.23,0.12,1.52,29.9,59.1,0.21,-1,29.9,30,30,30,30
785,1.61,56.93,30.41,0.34,1.52,29.9,59.1,0.21,0,29.9,30,30,30,30
786,1.23,36.87,28.07,0.32,1.09,29.9,59.1,0.21,0,29.9,30,30,30,30
787,0.64,13.67,25.72,0.05,1.09,29.9,59.1,0.21,2,29.9,30,30,30,30
788,1.19,34.65,27.94,0.05,1.13,30.6,61.3,0.14,2,30.6,30.4,30.2,30.2,30.2
789,1.48,49.87,29.49,0.23,1.12,30.6,61.3,0.14,2,30.6,30.4,30.2,30.2,30.2
790,1.33,41.66,28.59,0.18,1.05,30.6,61.3,0.14,1,30.6,30.4,30.2,30.2,30.2
791,1.56,54.14,29.9,0.32,1.08,30.6,61.3,0.14,1,30.6,30.4,30.2,30.2,30.2
792,1.41,46.13,29.07,0.2,1.09,30.6,61.3,0.14,1,30.6,30.4,30.2,30.2,30.2
793,1.6,56.31,30.67,0.37,1.14,29.8,66.7,0.1,1,29.8,30,30.1,30.1,30.1
794,1.59,55.72,30.55,0.37,1.13,29.8,66.7,0.1,2,29.8,30,30.1,30.1,30.1
795,0.13,5.34,23.75,0.07,1.11,29.8,66.7,0.58,0,29.8,29.9,30,30,30
796,1,26.25,27.49,0.07,1.07,28.8,74.9,0.08,-1,28.8,29.4,30,30,30
797,1.59,55.67,31.31,0.2,1.48,28.8,74.9,0.08,0,28.8,29.4,30,30,30
798,1.27,38.52,28.7,0.12,1.49,29.3,71.9,0.21,-1,29.3,29.5,29.7,29.7,29.7
799,0.5,10.2,25.89,0.07,1.05,29.3,71.9,0.21,0,29.3,29.5,29.7,29.7,29.7
800,0.18,5.67,25.2,0.38,1.06,27.5,79.7,0.36,-1,27.5,27.6,27.7,27.7,27.7
801,-1.33,41.75,21.89,0.05,1.04,27.5,79.7,0.36,-1,27.5,27.6,27.7,27.7,27.7
802,0.83,19.43,27.54,0.07,1.46,27.8,75.7,0.08,0,27.8,27.7,27.6,27.6,27.6
803,1.17,33.72,29.76,0.21,1.57,27.8,75.7,0.08,2,27.8,27.7,27.6,27.6,27.6
804,-0.44,8.98,22.52,0.09,1.29,27.8,74.4,0.48,0,27.8,27.7,27.6,27.6,27.6
805,0.4,8.28,25.72,0.09,1.17,27.8,74.4,0.08,0,27.8,27.7,27.6,27.6,27.6
806,0.14,5.42,24.78,0.24,1.18,27.7,78.4,0.37,-2,27.7,27.8,27.9,27.9,27.9
807,0.18,5.64,25.08,0.34,1.07,27.7,78.4,0.37,-2,27.7,27.8,27.9,27.9,27.9
808,-1.89,71.8,22.53,0.09,0.89,27.7,78.4,0.37,-1,27.7,27.8,27.9,27.9,27.9
809,-0.27,6.46,23.9,0.24,1.07,27.2,76.8,0.32,-1,27.2,27.5,27.7,27.7,27.7
810,0.2,5.82,25.26,0.33,1.14,27.2,76.8,0.32,-1,27.2,27.5,27.7,27.7,27.7
811,-0.94,23.56,22.4,0.09,1.08,27.2,76.8,0.32,0,27.2,27.5,27.7,27.7,27.7
812,-1.45,48.08,21.93,0.05,1.02,27.2,76.8,0.32,0,27.2,27.5,27.7,27.7,27.7
813,-0.25,6.28,23.76,0.22,1.03,28.1,72.6,0.41,-1,28.1,28.2,28.2,28.2,28.2
814,-0.06,5.07,24.15,0.25,1.08,28,73.2,0.41,-1,28,28.1,28.2,28.2,28.2
815,0.33,7.3,25.84,0.13,1.06,28,73.2,0.11,1,28,28.1,28.2,28.2,28.2
816,0.34,7.35,25.85,0.13,1.06,28,73.2,0.11,-1,28,28.1,28.2,28.2,28.2
817,0.16,5.51,25.84,0.2,1.02,27.5,78.3,0.16,0,27.5,27.9,28.3,28.3,28.3
818,0.38,8.03,26.84,0.32,0.99,27.5,78.3,0.16,0,27.5,27.9,28.3,28.3,28.3
819,0.47,9.7,26.92,0.24,1.11,27.5,78.3,0.16,0,27.5,27.9,28.3,28.3,28.3
820,0.23,6.05,25.76,0.05,1.25,27.5,78.3,0.16,1,27.5,27.9,28.3,28.3,28.3
821,0.76,17.03,28.2,0.38,1.18,27.3,76.8,0.17,2,27.3,27.7,28.1,28.1,28.1
822,0.69,14.94,27.76,0.26,1.29,27.3,76.8,0.17,-1,27.3,27.7,28.1,28.1,28.1
823,0.77,17.41,28.1,0.24,1.37,27.3,76.8,0.17,1,27.3,27.7,28.1,28.1,28.1
824,0.56,11.54,26.53,0.37,1.17,27.8,83.2,0.38,-1,27.8,28,28.1,28.1,28.1
825,0.43,8.77,25.82,0.32,1.19,27.8,81.8,0.41,1,27.8,28,28.1,28.1,28.1
826,-0.61,12.84,22.62,0.05,1.2,27.8,81.8,0.41,-1,27.8,28,28.1,28.1,28.1
827,0.35,7.56,26.22,0.05,1.14,27.7,84.6,0.11,1,27.7,28.1,28.4,28.4,28.4
828,1.31,40.54,31.45,0.57,1.14,27.7,84.6,0.11,1,27.7,28.1,28.4,28.4,28.4
829,0.72,15.84,28.05,0.33,1.1,27.7,84.6,0.18,1,27.7,28.1,28.4,28.4,28.4
830,0.74,16.44,28.09,0.38,1.05,27.7,84.6,0.18,0,27.7,28.1,28.4,28.4,28.4
831,-0.53,10.81,23.18,0.12,1.08,27.6,74.3,0.31,-1,27.6,27.8,28,28,28
832,0.42,8.66,26.13,0.35,1.11,27.7,81.1,0.31,-1,27.7,27.9,28,28,28
833,0.22,5.98,25.44,0.33,1.04,27.7,81.1,0.31,-1,27.7,27.9,28,28,28
834,-1.65,58.95,22.43,0.09,0.93,27.7,81.1,0.41,-2,27.7,27.9,28,28,28
835,-0.35,7.49,24.53,0.05,1,27.7,81.1,0.14,-1,27.7,27.9,28,28,28
836,-1.72,62.66,22.01,0.05,0.96,26.4,89.3,0.21,0,26.4,26.6,26.8,26.8,26.8
837,-0.79,18.25,24.11,0.32,0.9,26.4,89.3,0.21,-1,26.4,26.6,26.8,26.8,26.8
838,-0.21,5.88,24.42,0.33,1.06,26.4,89.3,0.27,-2,26.4,26.6,26.8,26.8,26.8
839,-2.23,85.8,21.48,0.05,0.94,26.4,89.3,0.27,-1,26.4,26.6,26.8,26.8,26.8
840,-3,99.12,21.77,0.05,0.81,26,84.8,0.21,-1,26,26.6,27.2,27.1,27.1
841,-3,99.12,21.8,0.05,0.82,26,84.8,0.21,-1,26,26.6,27.2,27.1,27.1
842,-1.28,39.24,22.3,0.09,1.01,26,84.8,0.21,-1,26,26.6,27.2,27.1,27.1
843,1.24,37.23,29.01,0.13,1.09,29.6,75.9,0.11,1,29.6,29.8,30,30,30
844,1.8,66.97,32.65,0.35,1.27,29.6,75.9,0.11,0,29.6,30.2,30.8,30.8,30.8
845,1.81,67.74,32.44,0.09,1.67,29.6,75.9,0.11,1,29.6,30.2,30.8,30.8,30.8
846,1.85,69.79,33.16,0.2,1.69,29.7,74,0.09,2,29.7,30,30.2,30.2,30.2
847,1.69,61.07,31.72,0.21,1.39,29.7,74,0.09,2,29.7,30,30.2,30.2,30.2
848,1.55,53.88,30.36,0.25,1.13,29.7,74,0.09,1,29.7,30,30.2,30.2,30.2
849,1.49,50.32,29.85,0.33,1.13,29.9,73.5,0.21,1,29.9,30.1,30.3,30.3,30.3
850,1.54,52.95,30.05,0.34,1.13,29.9,73.5,0.21,1,29.9,30.2,30.5,30.5,30.5
851,0.87,21.15,27.08,0.09,1,29.9,73.5,0.21,1,29.9,30.2,30.5,30.5,30.5
852,0.45,9.17,25.69,0.09,0.96,30.2,71.8,0.32,1,30.2,30.1,30.1,30.1,30.1
853,0.66,14.17,25.52,0.05,1.09,30.2,71.8,0.32,1,30.2,30.1,30.1,30.1,30.1
854,1.46,48.87,28.7,0.31,1.11,30.2,71.8,0.32,2,30.2,30.5,30.7,30.7,30.7
855,1.44,47.8,28.51,0.2,1.04,30.6,69.5,0.22,2,30.6,30.7,30.8,30.8,30.8
856,1.76,64.7,30.61,0.35,1.17,30.6,69.5,0.22,2,30.6,30.7,30.8,30.8,30.8
857,1.43,47.06,28.25,0.05,1.29,30.6,69.5,0.22,2,30.6,30.7,30.8,30.8,30.8
858,1.76,64.7,30.61,0.35,1.17,30.6,69.5,0.22,2,30.6,30.7,30.8,30.8,30.8
859,1.55,53.62,28.93,0.05,1.06,30.4,70.7,0.09,2,30.4,30.8,31.1,31.1,31.1
860,1.66,59.4,29.66,0.09,1.11,30.4,70.7,0.09,2,30.4,30.8,31.1,31.1,31.1
861,1.8,66.91,30.74,0.2,1.13,30.4,70.7,0.09,1,30.4,30.8,31.1,31.1,31.1
862,2.04,78.43,33.98,0.31,1.54,30.4,70.7,0.09,2,30.4,30.8,31.1,31.1,31.1
863,2.16,83.27,35.47,0.57,1.59,30.4,70.7,0.09,2,30.4,30.8,31.1,31.1,31.1
864,1.77,65.24,30.75,0.35,1.13,30.4,69.4,0.19,2,30.4,30.8,31.1,31.1,31.1
865,1.52,51.83,29.07,0.2,1.06,30.4,69.4,0.19,2,30.4,30.8,31.1,31.1,31.1
866,1.6,56.53,29.63,0.13,1.27,30.4,69.4,0.19,2,30.4,30.8,31.1,31.1,31.1
867,1.93,73.29,32.61,0.13,1.73,30.4,69.4,0.15,2,30.4,30.6,30.8,30.8,30.8
868,1.87,70.69,32.77,0.34,1.38,30.4,69.4,0.15,2,30.4,30.6,30.8,30.8,30.8
869,0.89,21.55,28.28,0.05,0.89,30.3,70,0.14,1,30.3,30.8,31.2,31.2,31.2
870,1.64,58.52,29.23,0.05,1.06,30.3,70,0.1,1,30.3,31,31.8,31.7,31.7
871,1.89,71.37,31.45,0.33,1.06,30.3,70,0.14,2,30.3,31,31.8,31.7,31.7
872,1.32,41.31,28.65,0.05,1.02,30.3,70,0.14,1,30.3,30.8,31.2,31.2,31.2
873,1.83,68.59,30.23,0.2,1.13,31.1,69.2,0.19,2,31.1,31.3,31.4,31.4,31.4
874,2.13,82.3,33.8,0.34,1.59,31.1,69.2,0.19,1,31.1,31.3,31.4,31.4,31.4
875,2.13,82.3,33.8,0.34,1.59,31.1,69.2,0.19,2,31.1,31.3,31.4,31.4,31.4
876,1.98,75.8,31.41,0.34,1.13,31.1,69.2,0.19,1,31.1,31.3,31.4,31.4,31.4
877,1.9,72.13,30.6,0.05,1.52,31.1,69.2,0.19,2,31.1,31.3,31.4,31.4,31.4
878,1.9,71.96,29.42,0.24,1.56,31,68.6,0.48,2,31,31.2,31.3,31.3,31.3
879,1.71,62.32,28.6,0.35,1.09,31,68.6,0.48,2,31,31.2,31.3,31.3,31.3
880,1.86,70.24,29.23,0.24,1.51,31,68.6,0.48,2,31,31.2,31.3,31.3,31.3
881,1.94,73.97,30.34,0.35,1.48,31,68.6,0.48,2,31,31.2,31.3,31.3,31.3
882,1.53,52.51,27.55,0.24,1.08,31,68.6,0.48,2,31,31.2,31.3,31.3,31.3
883,1.74,63.78,30.22,0.34,1.19,30.5,65.3,0.22,2,30.5,30.8,31.1,31.1,31.1
884,1.78,65.74,30.7,0.34,1.29,30.5,65.3,0.22,0,30.5,30.8,31,31,31
885,1.63,58.12,29.5,0.24,1.22,30.5,65.3,0.22,1,30.5,30.8,31,31,31
886,0.89,21.56,26.97,0.07,0.95,30.5,65.3,0.22,2,30.5,30.8,31,31,31
887,1.52,52,29.47,0.37,0.95,30.6,68.3,0.23,0,30.6,30.8,30.9,30.9,30.9
888,1.33,41.68,27.81,0.13,1.06,30.6,68.3,0.23,1,30.6,30.8,30.9,30.9,30.9
889,1.52,51.85,26.97,0.07,1.02,31.9,62.8,0.32,2,31.9,31.5,31.1,31.2,31.2
890,0.63,13.21,26.31,0.05,0.9,30.9,67.9,0.32,2,30.9,31.1,31.2,31.2,31.2
891,1.78,66.15,30.58,0.23,0.9,31.2,68.1,0.09,2,31.2,31.4,31.5,31.5,31.5
892,2.13,82.15,32.03,0.35,1.06,31.2,68.1,0.09,2,31.2,31.4,31.5,31.5,31.5
893,2.14,82.67,32.85,0.35,1.18,31.2,68.1,0.09,1,31.2,31.4,31.5,31.5,31.5
894,1.82,67.91,29.53,0.05,1.04,31.2,68.1,0.09,1,31.2,31.4,31.5,31.5,31.5
895,1.95,74.66,31.41,0.32,1.06,31,66.2,0.13,2,31,31.2,31.4,31.4,31.4
896,1.95,74.58,31.32,0.33,1.03,31,66.2,0.13,2,31,31.2,31.4,31.4,31.4
897,1.29,39.89,28.8,0.05,0.92,31,66.2,0.13,2,31,31.2,31.4,31.4,31.4
898,1.78,65.92,29.45,0.09,1.06,31.4,65.9,0.16,2,31.4,31.5,31.6,31.6,31.6
899,1.89,71.41,30.37,0.07,1.26,31.4,65.9,0.16,2,31.4,31.5,31.6,31.6,31.6
900,2.09,80.51,32.3,0.32,1.22,31.4,65.9,0.16,2,31.4,31.5,31.6,31.6,31.6
901,1.69,61.01,28.97,0.05,1.03,31.4,65.9,0.16,2,31.4,31.5,31.6,31.6,31.6
902,2.04,78.69,31.26,0.35,0.99,31.4,65.9,0.16,2,31.4,31.5,31.6,31.6,31.6
903,1.55,53.61,29.14,0.05,0.95,31.4,69.4,0.16,2,31.4,31.5,31.6,31.6,31.6
904,2.07,79.97,31.71,0.43,1.02,31.1,74.7,0.23,0,31.1,31.3,31.5,31.5,31.5
905,1.95,74.55,30.95,0.35,0.99,31.1,74.7,0.23,1,31.1,31.3,31.5,31.5,31.5
906,0.98,25.08,28.19,0.07,0.84,31.1,74.7,0.23,1,31.1,31.3,31.5,31.5,31.5
907,1.64,58.64,28.37,0.13,1.11,31.2,69.3,0.28,2,31.2,31.3,31.4,31.4,31.4
908,1.61,57.1,27.96,0.05,1.26,31.2,68.1,0.28,2,31.2,31.3,31.4,31.4,31.4
909,2.13,82.4,32.27,0.33,1.06,31.1,71.6,0.09,1,31.1,31.3,31.5,31.5,31.5
910,1.93,73.72,30.59,0.12,1.06,31.1,71.6,0.09,0,31.1,31.3,31.5,31.5,31.5
911,2.4,91.2,36.56,0.43,1.94,31.1,71.6,0.09,1,31.1,31.3,31.5,31.5,31.5
912,2.44,92,35.99,0.35,2.01,31.4,67.6,0.13,2,31.4,31.5,31.6,31.6,31.6
913,2.1,81.07,31.91,0.35,0.99,31.4,67.6,0.13,2,31.4,31.5,31.6,31.6,31.6
914,1.59,55.81,29.46,0.05,0.94,31.4,67.6,0.13,1,31.4,31.5,31.6,31.6,31.6
915,2.05,78.96,31.32,0.37,1.19,31.4,67.6,0.25,2,31.4,31.5,31.5,31.5,31.5
916,2.09,80.81,31.74,0.43,1.18,31.4,67.6,0.25,2,31.4,31.5,31.5,31.5,31.5
917,2.01,77.15,30.54,0.37,1.06,31.4,67.6,0.25,1,31.4,31.5,31.5,31.5,31.5
918,1.77,65.51,28.9,0.18,1.06,31.4,67.6,0.25,2,31.4,31.5,31.5,31.5,31.5
919,1.89,71.64,30.41,0.07,1.06,31.4,70,0.13,1,31.4,31.6,31.7,31.7,31.7
920,2.12,81.85,32.02,0.31,1.06,31.4,70,0.15,2,31.4,31.6,31.7,31.7,31.7
921,1.6,56.12,29.47,0.05,0.94,31.4,70,0.15,2,31.4,31.6,31.7,31.7,31.7
922,2.23,86.14,33.19,0.33,1.18,31.5,68.3,0.11,2,31.5,31.7,31.9,31.9,31.9
923,2.28,87.7,34.64,0.43,1.31,31.5,68.3,0.11,2,31.5,31.7,31.9,31.9,31.9
924,2.03,78.19,31.05,0.05,1.21,31.5,68.3,0.11,2,31.5,31.7,31.9,31.9,31.9
925,2,76.92,31.8,0.21,1.19,31.1,69.2,0.09,2,31.1,31.2,31.3,31.3,31.3
926,2.09,80.77,33.04,0.32,1.26,31.1,69.2,0.09,2,31.1,31.2,31.3,31.3,31.3
927,2.01,77.12,32.12,0.09,1.45,31.1,69.2,0.09,2,31.1,31.2,31.3,31.3,31.3
928,1.92,72.8,31.05,0.05,1.32,31.1,69.2,0.09,2,31.1,31.2,31.3,31.3,31.3
929,1.47,49.51,26.86,0.05,1.19,31.2,71.1,0.41,1,31.2,31.4,31.6,31.6,31.6
930,1.88,71.11,29.46,0.34,1.09,31.2,71.1,0.41,2,31.2,31.4,31.6,31.6,31.6
931,0.83,19.4,26.36,0.05,0.91,31.2,71.1,0.41,1,31.2,31.4,31.6,31.6,31.6
932,0.45,9.19,26.4,0.05,0.83,31.2,71.1,0.41,1,31.2,31.4,31.6,31.6,31.6
933,1.39,44.89,27.74,0.2,0.91,31.5,69.4,0.45,2,31.5,31.6,31.7,31.7,31.7
934,1.91,72.64,29.04,0.33,1.02,31.5,69.4,0.45,2,31.5,31.6,31.7,31.7,31.7
935,2.05,78.93,30.39,0.37,1.24,31.5,69.4,0.45,2,31.5,31.6,31.7,31.7,31.7
936,1.67,60.21,27.2,0.07,1.24,31.5,69.4,0.45,2,31.5,31.6,31.7,31.7,31.7
937,2.13,82.08,31.93,0.31,1.02,31.1,71,0.09,2,31.1,31.4,31.6,31.6,31.6
938,2.01,77.3,30.55,0.13,1.02,31.1,71,0.07,2,31.1,31.4,31.6,31.6,31.6
939,1.89,71.45,30.28,0.17,0.98,31.1,67.4,0.09,2,31.1,31.4,31.6,31.6,31.6
940,2.14,82.75,32.07,0.33,1.02,31.1,71,0.09,2,31.1,31.4,31.6,31.6,31.6
941,2.06,79.58,32.16,0.18,1.24,31.1,71,0.09,2,31.1,31.4,31.6,31.6,31.6
942,2.23,85.93,33.4,0.43,1.15,31.2,69.3,0.08,2,31.2,31.4,31.6,31.6,31.6
943,1.82,67.95,29.57,0.05,0.98,31.2,69.3,0.08,2,31.2,31.4,31.6,31.6,31.6
944,2.19,84.58,33.67,0.35,1.29,31.2,69.3,0.08,2,31.2,31.4,31.6,31.6,31.6
945,2.23,85.86,34.25,0.43,1.29,31.2,69.3,0.08,2,31.2,31.4,31.6,31.6,31.6
946,1.62,57.68,29.36,0.05,0.91,31.2,69.3,0.08,2,31.2,31.4,31.6,31.6,31.6
947,1.23,36.97,29.42,0.07,0.8,31.6,72.5,0.17,2,31.6,31.7,31.8,31.8,31.8
948,2.06,79.31,31.56,0.09,1.28,31.6,72.5,0.17,1,31.6,31.7,31.8,31.8,31.8
949,2.21,85.37,33.69,0.23,1.44,31.6,72.5,0.17,1,31.6,31.7,31.8,31.8,31.8
950,1.75,64.64,29.43,0.07,1.05,31.6,67.7,0.16,2,31.6,31.4,31.3,31.3,31.3
951,1.82,67.96,31.19,0.35,0.98,30.6,73.2,0.16,1,30.6,31,31.3,31.3,31.3
952,1.39,44.78,28.74,0.05,1,30.6,73.2,0.16,2,30.6,31,31.3,31.3,31.3
953,0.7,15.41,25.36,0.05,1.06,30.4,71.9,0.39,1,30.4,30.6,30.7,30.7,30.7
954,1.42,46.72,29.1,0.09,1.17,30.4,71.9,0.17,2,30.4,30.6,30.7,30.7,30.7
955,1.69,61,31.06,0.35,1.06,30.4,71.9,0.14,2,30.4,30.4,30.4,30.4,30.4
956,1.43,46.95,27.52,0.13,1.4,30.4,71.9,0.41,0,30.4,30.6,30.7,30.7,30.7
957,1.86,70.21,32.76,0.35,1.57,30.2,73,0.21,2,30.2,30.3,30.4,30.4,30.4
958,1.58,55.09,30.09,0.34,1.11,30.2,73,0.21,1,30.2,30.3,30.4,30.4,30.4
959,0.88,21.33,26.84,0.05,1.02,30.2,73,0.21,1,30.2,30.3,30.4,30.4,30.4
960,1.35,43.13,28.86,0.07,1.02,30.2,73.6,0.11,2,30.2,30.5,30.7,30.7,30.7
961,1.88,71.13,33.08,0.21,1.52,30.2,73.6,0.11,2,30.2,30.5,30.7,30.7,30.7
962,2.08,80.13,35.28,0.53,1.59,30.2,73.6,0.11,2,30.2,30.5,30.7,30.7,30.7
963,1.64,58.56,30.53,0.21,1.09,30.2,73.6,0.11,2,30.2,30.5,30.7,30.7,30.7
964,1.62,57.21,30.69,0.35,1,30.2,73.6,0.11,1,30.2,30.1,30.1,30.1,30.1
965,2,76.57,32.55,0.43,1.04,30.8,73.9,0.14,2,30.8,30.9,31,31,31
966,1.5,51.13,29.48,0.05,1.06,30.8,73.9,0.14,2,30.8,30.9,31,31,31
967,1.7,61.86,31.16,0.34,1.06,30.2,73,0.14,2,30.2,30.5,30.7,30.7,30.7
968,1.84,68.96,32.98,0.31,1.37,30.2,73,0.14,1,30.2,30.5,30.7,30.7,30.7
969,1.56,54.31,30.5,0.05,1.37,30.2,73,0.14,2,30.2,30.5,30.7,30.7,30.7
970,1.96,74.8,31.62,0.35,1.06,30.5,72.5,0.07,2,30.5,30.7,30.9,30.9,30.9
971,1.85,69.59,30.67,0.25,1.02,30.5,72.5,0.07,2,30.5,30.7,30.9,30.9,30.9
972,1.95,74.28,31.43,0.35,1.02,30.5,72.5,0.07,2,30.5,30.7,30.9,30.9,30.9
973,0.05,5.04,23.93,0.05,1.06,29.7,70.9,0.47,1,29.7,29.9,30.1,30.1,30.1
974,1.05,28.19,26.94,0.35,1.06,29.7,70.9,0.47,0,29.7,29.9,30.1,30.1,30.1
975,0.3,6.84,25.67,0.23,0.92,29.7,70.9,0.47,0,29.7,29.9,30.1,30.1,30.1
976,-0.47,9.62,24.74,0.23,0.89,28.5,74.1,0.33,0,28.5,28.6,28.7,28.7,28.7
977,0.47,9.53,25.93,0.33,1.02,28.5,74.1,0.33,0,28.5,28.6,28.7,28.7,28.7
978,0.54,11.09,26.07,0.33,1.06,28.5,74.1,0.33,0,28.5,28.6,28.7,28.7,28.7
979,0.54,11.09,26.07,0.33,1.06,28.5,74.1,0.33,0,28.5,28.6,28.7,28.7,28.7
980,0.23,6.14,25.12,0.24,1.03,28.5,74.1,0.33,0,28.5,28.6,28.7,28.7,28.7
981,-0.29,6.73,23.52,0.05,1.12,28.5,74.1,0.33,-1,28.5,28.6,28.7,28.7,28.7
982,0.73,16.16,27.13,0.05,1.15,29,76.9,0.17,-1,29,29.4,29.8,29.8,29.8
983,0.84,19.96,27.43,0.05,1.08,29,76.9,0.11,0,29,29.4,29.8,29.8,29.8
984,1.69,61.35,33.26,0.43,1.41,29,76.9,0.11,0,29,29.4,29.8,29.8,29.8
985,1.34,42.2,30.01,0.07,1.43,29,76.9,0.11,0,29,29.4,29.8,29.8,29.8
986,0.62,13.01,26.53,0.05,1.11,29.2,76.4,0.19,1,29.2,29.5,29.7,29.7,29.7
987,1.02,27,28.19,0.23,1.08,29.2,76.4,0.19,0,29.2,29.5,29.7,29.7,29.7
988,0.79,18.2,28.26,0.32,0.92,29.2,76.4,0.19,1,29.2,29.5,29.7,29.7,29.7
989,-1.69,61.44,23.95,0.35,0.77,26.3,84.2,0.23,-2,26.3,26.7,27,27,27
990,-1.82,67.87,23.21,0.23,0.83,26.3,84.2,0.23,-1,26.3,26.7,27,27,27
991,-1.32,41.15,23.98,0.34,0.83,26.3,84.2,0.23,-1,26.3,26.7,27,27,27
992,-1.08,29.54,24.03,0.34,0.86,26.3,84.2,0.23,-2,26.3,26.7,27,27,27
993,-2.39,90.75,22.12,0.09,0.86,26.3,84.2,0.23,-1,26.3,26.7,27,27,27
994,-1.22,36.15,24.79,0.35,0.77,26.9,83.6,0.18,-1,26.9,27.1,27.2,27.2,27.2
995,-2.63,95.84,22.87,0.07,0.77,26.9,83.6,0.18,0,26.9,27.1,27.2,27.2,27.2
996,-1.25,37.85,24.73,0.34,0.77,26.9,83.6,0.18,-1,26.9,27.1,27.2,27.2,27.2
997,-0.51,10.49,23.54,0.05,1.15,26.9,83.6,0.18,-1,26.9,27.1,27.2,27.2,27.2
998,1.28,39.38,28.46,0.09,1.29,29.9,73.5,0.21,2,29.9,30.2,30.4,30.4,30.4
999,1.38,44.46,29.13,0.31,1.02,29.9,73.5,0.21,0,29.9,30.2,30.4,30.4,30.4
1000,1.59,56.02,30.63,0.32,1.25,29.9,73.5,0.21,1,29.9,30.2,30.4,30.4,30.4
1001,1.83,68.81,32.96,0.33,1.52,30.1,74.2,0.18,2,30.1,30.3,30.4,30.4,30.4
1002,1.72,62.73,31.76,0.34,1.29,30.1,74.2,0.18,2,30.1,30.3,30.4,30.4,30.4
1003,1.01,26.45,27.5,0.05,1.06,30.1,74.2,0.18,1,30.1,30.3,30.4,30.4,30.4
1004,1.12,31.39,27.96,0.08,1.08,30.1,74.2,0.18,1,30.1,30.3,30.4,30.4,30.4
1005,1.42,46.73,29.42,0.07,1.34,30.1,74.2,0.18,1,30.1,30.3,30.4,30.4,30.4
1006,1.93,73.54,35.5,0.53,1.6,29.3,84.4,0.09,1,29.3,29.4,29.5,29.5,29.5
1007,1.73,63.09,34.03,0.28,1.46,29.3,88.5,0.09,2,29.3,29.4,29.5,29.5,29.5
1008,1.75,64.26,33.68,0.35,1.31,29.7,85.9,0.09,2,29.7,29.6,29.5,29.5,29.5
1009,1.62,57.58,32.65,0.34,1.18,29.3,88.5,0.09,1,29.3,29.4,29.5,29.5,29.5
1010,1.57,54.82,32.3,0.28,1.21,29.3,88.5,0.09,1,29.3,29.4,29.5,29.5,29.5
1011,1.78,65.99,34.11,0.36,1.36,29.7,85.9,0.09,2,29.7,29.6,29.5,29.5,29.5
1012,1.69,61.1,32.7,0.36,1.24,29.7,81.8,0.09,1,29.7,29.6,29.5,29.5,29.5
1013,1.57,54.8,31.96,0.35,1.09,29.3,88.5,0.09,1,29.3,29.4,29.5,29.5,29.5
1014,1.29,39.67,30.38,0.35,1.11,29,78.9,0.13,0,29,29.2,29.3,29.3,29.3
1015,1.35,42.79,30.84,0.36,1.15,29,78.9,0.13,-1,29,29.2,29.3,29.3,29.3
1016,1.42,46.49,31.45,0.36,1.23,29,78.9,0.13,0,29,29.2,29.3,29.3,29.3
1017,1.49,50.14,32.07,0.36,1.32,29,78.9,0.13,0,29,29.2,29.3,29.3,29.3
1018,1.44,47.63,31.7,0.24,1.43,29,78.9,0.13,0,29,29.2,29.3,29.3,29.3
1019,1.8,67.22,34.62,0.37,1.54,29.3,84.4,0.09,2,29.3,29.4,29.5,29.5,29.5
