PMV,PPD,SET,Clo,Met,Air temperature (¡C),Relative humidity (%),Air velocity (m/s),Thermal sensation,Radiant temperature (¡C),Globe temperature (¡C),Humidity sensation,Outdoor monthly air temperature (¡F)
1.3,39,30.48,0.45,2.3,25,43.4,0,1,25,25,-1,70.7
0.4,9,26.36,0.58,1.2,25.6,41.8,0,2,25.9,25.8,2,70.7
0.5,10,26.76,0.6,1.2,25.7,41.8,0,1,26.3,26.2,-1,69.66666667
0.6,12,27,0.63,1.2,25.8,40.1,0,0,26.4,26.3,0,70.7
0.6,12,26.9,0.57,1.2,26,39.8,0,1,27,26.8,1,70.7
0.3,6,25.59,0.44,1.2,25.7,41,0,2,26.5,26.3,3,70.7
0.7,15,27.44,0.51,1.4,25.7,41.7,0,2,26.9,26.5,-1,63.36666667
0.8,20,28.3,0.53,1.6,25.5,41.2,0,2,26.1,26,-2,63.36666667
0.3,7,26.14,0.61,1.2,25,39.8,0,0,25.9,25.6,3,70.7
0,5,24.68,0.44,1.2,24.7,39.4,0,-1,25.9,25.5,0,70.7
0.8,19,28.15,0.52,1.6,25.4,39.8,0,1,26.3,26.1,2,70.7
0.1,5,25.26,0.43,1.2,25.3,39.9,0,2,26.5,26.2,-2,69.66666667
0.8,18,28.38,0.76,1.3,25.4,40.6,0,0,26,25.9,0,69.66666667
1,28,28.79,0.35,2,25.4,43.4,0,1,26.1,26,1,70.7
0.4,9,26.55,0.59,1.2,25.4,41.7,0,1,26.5,26.2,-2,70.7
0.9,20,28.47,0.56,1.6,25.4,41.5,0,1,26,25.9,0,63.36666667
0.5,10,26.51,0.57,1.2,26,38.9,0,2,26.2,26.1,1,70.7
0.4,8,26.18,0.55,1.2,25.5,38.3,0,2,26.5,26.2,-2,69.66666667
0.6,12,27.66,0.43,1.9,22.8,56.5,0,0,24.3,24,0,62.7
0.6,14,28.1,0.48,1.9,22.7,56,0,0,24.2,24,-2,70.7
0.5,10,27.22,0.77,1.2,24.3,54,0,1,25.1,25,0,63.36666667
0.8,20,28.22,0.35,1.9,24.7,53.2,0,1,25.4,25.3,0,64.4
0.2,6,25.84,0.63,1.2,24.1,52.5,0,0,24.9,24.7,1,70.7
0.7,16,28.3,0.51,1.8,23.9,54,0,0,24.3,24.3,0,62.7
0,5,25.24,0.63,1.2,22.9,57.4,0,0,24.7,24.4,0,70.7
1,25,30.44,0.7,1.9,23.7,54.9,0,0,24.3,24.2,-1,69.66666667
-0.1,5,25.05,0.72,1.2,22.4,53.2,0,0,23.8,23.4,0,69.66666667
1.3,39,31.07,0.49,2.4,23.6,49.4,0,0,24.1,24,2,70.7
0.8,18,28.68,0.53,1.9,23.3,49.6,0,0,24.8,24.3,0,63.73333333
0.4,8,26.98,0.63,1.6,22.5,52.2,0,0,24.6,23.8,2,70.7
0.3,7,26.51,0.69,1.2,23.8,51.6,0.1,1,25,24.6,2,63.5
0.7,15,28.2,0.53,1.8,23.2,51.3,0,1,25.3,24.7,-1,62.53333333
0.1,5,25.7,0.63,1.2,22.6,50.9,0.1,0,25.1,24.2,2,61.66666667
0.1,5,25.71,0.69,1.2,23.2,50.6,0,-2,24.8,24.5,0,67.8
0.1,5,25.98,0.68,1.2,22.2,53.5,0.1,-1,25.6,24,0,61.66666667
0.2,6,25.96,0.63,1.2,24.7,47.9,0.1,1,24.8,24.7,0,62.33333333
0.9,20,28.84,0.65,1.6,25.4,45.8,0,1,25.1,25.2,0,63.36666667
0.4,8,26.48,0.63,1.2,25.1,48.1,0,2,25.4,25.3,1,70.7
0.4,9,26.79,0.59,1.4,24,47.9,0,1,25.6,25.2,0,63.36666667
-0.1,5,25.3,0.6,1.2,22,54.4,0.1,-2,25.5,23.9,0,61.66666667
0.1,5,25.84,0.58,1.6,22,61.5,0,0,22.3,22.2,0,65.1
-0.4,8,23.78,0.58,1.2,22.4,55.2,0,-2,23.4,23.1,0,65.1
-0.2,6,24.52,0.58,1.2,23.1,52.8,0,1,24.2,23.9,-1,65.1
0.4,9,26.88,0.51,1.6,23.7,51.3,0,-2,25,24.7,1,65.1
0.3,6,26.06,0.53,1.4,23.7,54.9,0,0,23.8,23.8,0,65.1
0.1,5,25.6,0.65,1.2,23.6,54.6,0,0,24.6,24.3,0,65.1
1.3,40,31.47,0.53,2.3,24.3,53.2,0,1,24.9,24.8,0,65.1
0.4,9,26.48,0.57,1.2,25.3,50.5,0,2,25.9,25.8,2,65.1
0.4,9,26.64,0.57,1.3,25,51.4,0,1,25.8,25.6,0,65.1
0.7,15,28.4,0.69,1.6,23.7,51.3,0,0,24.9,24.6,0,65.1
1,24,29.78,0.57,1.8,23.5,50.8,0.1,0,25.9,24.9,0,65.1
0.1,5,25.31,0.57,1.2,24.2,49.4,0,0,25,24.7,0,65.1
0.3,7,26.37,0.65,1.2,24.4,48.4,0,0,25.6,25.4,0,65.1
0.3,7,26.26,0.56,1.3,23.9,50.5,0,-1,25.9,25.4,0,65.1
0.9,20,29.36,0.67,1.7,23.9,51.3,0,1,25.9,25.2,0,65.1
0.3,7,26.82,0.83,1.2,23.2,51,0,-2,25.1,24.6,1,65.1
1.1,29,30.58,0.55,2.3,22.6,51.7,0.1,0,23.9,23.4,1,65.1
0.8,18,28.17,0.39,1.9,24.5,48.5,0.1,2,25,24.8,2,65.1
0.5,9,26.66,0.44,1.6,24.3,50,0,2,25.3,25.1,0,65.1
-0.1,5,24.64,0.68,1.2,23.2,37.1,0,1,23.3,23.3,0,70.7
0.3,7,26.63,0.93,1.2,23.4,35.1,0,0,23.8,23.7,0,70.7
-0.1,5,24.87,0.68,1.2,23.3,36.1,0,0,23.8,23.7,0,70.7
0.2,6,25.74,0.61,1.4,23.5,33.6,0,0,24.2,24.2,0,70.7
0.5,11,27.21,0.63,1.6,23.7,32.3,0,-2,24.6,24.4,0,70.7
0,5,25.08,0.64,1.2,23.8,31.8,0,1,24.7,24.5,-1,70.7
0,5,25.14,0.64,1.2,23.8,32.2,0,0,24.8,24.6,-1,70.7
0.3,7,26.11,0.6,1.4,24.2,31.3,0,0,24.7,24.7,2,70.7
0.4,10.33333333,26.50333333,0.78,1.2,24.53333333,37.36666667,0,1,25.06666667,25,2,70.7
0.433333333,9,26.45,0.77,1.2,25.56666667,42.93333333,0,2,25.83333333,25.73333333,2,70.7
0.4,10.33333333,26.50333333,0.62,1.2,24.53333333,37.36666667,0,1,25.06666667,25,2,70.7
0.433333333,9,26.45,0.63,1.2,25.56666667,42.93333333,0,2,25.83333333,25.73333333,2,70.7
0.3,7.333333333,26.73,0.93,1.2,23.6,47.86666667,0,0,23.8,23.76666667,0,70.7
0.333333333,8.666666667,26.45333333,0.88,1.2,24.7,42.2,0,1,25.2,25.1,-1,70.7
0.2,7,25.86666667,0.68,1.2,23.86666667,40.76666667,0,-2,25.1,24.8,-1,70.7
0.7,15.33333333,28.21333333,0.52,2.4,23.33333333,37.5,0,0,24.46666667,24.73333333,0,70.7
0.7,15.33333333,28.21333333,0.71,2,23.33333333,45.2,0,0,24.46666667,24.43333333,0,70.7
0.133333333,7.666666667,25.53666667,0.6,1.2,23.83333333,50.53333333,0,0,24.8,24.63333333,0,70.7
0.066666667,5.333333333,25.32,0.56,2,23.7,32,0,0,24.56666667,24.7,0,70.7
0.166666667,6,25.66333333,0.63,1.2,23.83333333,32.8,0,0,24.56666667,24.7,1,70.7
0.1,5.666666667,25.44333333,0.59,1.6,23.93333333,30.1,0,1,24.73333333,25.1,0,70.7
0.066666667,5.333333333,25.32,0.71,1.5,23.7,33.5,0,0,24.56666667,25,0,70.7
0.1,5.666666667,25.44333333,0.55,2.4,23.93333333,30.9,0,0,24.73333333,25.2,0,70.7
-0.1,5.333333333,25.09666667,0.46,2.3,22.3,28.23333333,5,0,22.86666667,22.56666667,0,70.7
0.166666667,7.333333333,25.69,0.63,1.2,23.96666667,49.93333333,0,0,24.93333333,24.8,0,70.7
0.166666667,7.333333333,25.69,0.63,1.2,23.96666667,49.93333333,0,0,24.93333333,24.8,0,70.7
0.233333333,6.666666667,26.39666667,0.82,1.2,23.5,53.76666667,0,0,23.76666667,23.76666667,0,70.7
0.033333333,5.333333333,25.23666667,0.62,1.2,23.56666667,47.56666667,0,0,24.13333333,24.33333333,1,70.7
0.7,15.33333333,28.21333333,0.48,2,23.33333333,46.03333333,0,0,24.46666667,24.33333333,0,70.7
0.033333333,5.333333333,25.23666667,0.57,1.2,23.56666667,47.56666667,0,0,24.13333333,24.33333333,1,70.7
0,5.333333333,25.27666667,0.69,1.2,23.2,43.53333333,0,0,24,23.83333333,0,70.7
0.166666667,6,25.82333333,1.08,1.2,23.6,47.56666667,0,0,24.13333333,24.33333333,1,70.7
0.8,20,27.97,0.56,2,25.36666667,37.76666667,0,1,26.16666667,25.96666667,1,70.7
-0.4,9,23.61,0.67,1.2,21.9,49.1,0,0,22.1,22.1,0,65.9
0.2,6,26.36,0.77,1.4,21.9,49.1,0,0,22.5,22.4,1,65.9
0,5,25.27,0.71,1.3,22.3,48.1,0,0,22.8,22.7,0,65.9
0,5,25.13,0.7,1.3,22.3,47.9,0,1,22.7,22.6,0,65.9
-0.6,13,22.9,0.47,1.2,22.4,48.3,0,0,23.6,23.4,0,65.9
-0.3,7,24.05,0.58,1.2,22.8,45.7,0,-1,23.7,23.6,0,65.9
-0.4,8,23.85,0.56,1.2,22.7,46.1,0,1,23.7,23.6,0,65.9
0,5,25.15,0.73,1.2,22.6,46.5,0,-1,23.8,23.6,0,65.9
0.2,6,25.89,0.64,1.4,22.9,45.2,0,-1,24,23.8,0,65.9
0.6,12,27.73,0.56,1.8,22.9,45,0,-1,24.4,24,0,65.9
0.1,5,25.92,0.82,1.2,22.8,45,0,0,23.8,23.7,0,65.9
-0.2,6,24.53,0.57,1.3,22.9,44.3,0,0,24.3,23.9,0,65.9
0.2,6,26.23,0.88,1.2,22.7,42.6,0,0,23.9,23.7,0,65.9
0.1,5,25.63,0.79,1.2,22.5,43.6,0,0,24.1,23.9,0,65.9
1.6,54,32.84,0.64,2.7,23.3,41.6,0,0,24,23.9,0,65.9
0.8,17,28.63,0.57,2,22.6,42.3,0,0,23.9,23.7,0,65.9
1.3,39,32.61,0.88,2.3,22.7,41.5,0,1,23.7,23.4,0,65.9
-0.2,6,24.32,0.63,1.2,22.7,42,0,0,23.9,23.6,0,65.9
0.9,22,29.65,0.66,2,22.8,40.6,0,0,24.4,24.2,0,65.9
0.5,9,26.88,0.54,1.7,23.1,39.8,0,0,24.4,24.2,0,65.9
0.5,10,27.28,0.7,1.6,23.3,39.7,0,0,23.5,23.5,0,65.9
-0.3,7,24.21,0.63,1.2,22,60.9,0.1,0,23,22.6,0,67.6
0.2,6,25.97,0.53,1.6,22.9,55.3,0,-1,23.1,23,1,67.6
1.3,41,31.86,0.57,2.5,22.5,54.9,0,-1,23.9,23.4,0,67.6
0.3,7,27.15,0.73,1.4,22,59.2,0.1,1,23.6,22.9,0,67.6
0.4,9,27.66,0.83,1.4,22.3,58.4,0,-1,24.4,23.8,1,67.6
0.4,9,27,0.56,1.6,23.5,52.8,0,0,24.2,24.1,0,67.6
0.1,5,25.67,0.76,1.2,22.4,54.3,0,0,24.5,23.9,0,67.6
0.5,9,27.02,0.56,1.6,23.6,52.2,0,1,24.3,24.1,0,67.6
0.7,17,28.7,0.54,1.8,23.1,54.8,0,0,24.9,24.4,0,67.6
0.4,8,27.27,0.88,1.2,22.5,60.5,0.1,0,24.2,23.6,0,67.6
0,5,25.68,0.58,1.2,22.2,58.5,0.1,0,25.9,24.3,1,67.6
1,25,30.78,0.88,1.7,23.5,56,0,1,24.5,24.4,-1,67.6
0.2,6,26.24,0.69,1.2,23.7,56,0,0,25,24.7,1,67.6
0.3,7,26.71,0.73,1.2,23.3,56.9,0.1,-1,24.9,24.3,0,67.6
0.4,8,26.85,0.59,1.4,23.6,56.2,0,0,24.4,24.3,0,67.6
0.3,6,26.47,0.57,1.4,22.7,59.5,0.1,0,24.2,23.6,0,67.6
0.6,13,27.84,0.58,1.6,23.8,55.3,0,0,25,24.9,0,67.6
0.3,7,26.24,0.64,1.2,24.3,54.2,0,0,25.1,25,0,67.6
0.6,12,27.42,0.61,1.4,24.8,53.1,0,0,24.9,24.9,0,67.6
0.1,5,25.57,0.58,1.2,23.9,50.7,0,0,25.4,25.2,0,67.6
0.3,7,26.34,0.68,1.2,23.9,52.2,0,0,25.6,25.1,0,67.6
0.9,20,29.1,0.67,1.6,24.5,49.5,0,1,26.4,25.9,0,67.6
0.5,10,27.44,0.82,1.2,23.8,53.8,0,0,25.6,25.2,-1,67.6
0.5,11,27.71,0.66,1.6,23.3,54.1,0,1,24,23.8,0,67.6
0.5,11,27.72,0.84,1.3,24.2,52.8,0,0,24.4,24.3,1,67.6
0.7,16,28.45,0.64,1.6,24,53.3,0,1,25.3,25.1,1,67.6
0.166666667,5.666666667,25.81666667,0.74,1.2,23.6,45.4,0.003333333,0,24.06666667,24.03333333,0,67.6
0.6,14,28,0.47,1.7,23.5,53.86666667,0,0,24.46666667,24.26666667,0,67.6
0.3,7.333333333,26.65,0.86,1.2,23.23333333,52.3,0.036666667,1,24.2,23.9,0,67.6
0.9,23,30.01,0.7,1.8,24,53.1,0,1,24.2,24.2,-1,67.6
0.2,6,26.28,0.72,1.6,22,46.7,0,0,21.6,21.6,2,47.2
0.1,5,25.93,0.97,1.3,21.2,48.2,0,0,21.8,21.8,0,47.2
0,5,25.26,0.88,1.2,21.9,49.2,0,0,22.1,22.1,0,47.2
0.9,23,31.25,0.96,2,21.3,50.2,0,0,22.1,22,0,47.2
-0.6,11,23.15,0.63,1.2,21.7,46.2,0,0,22.2,22.1,0,46
-0.2,6,24.67,0.78,1.2,22.2,44.2,0,0,22.5,22.4,1,46
-0.3,7,24.03,0.67,1.2,22.3,44.4,0,1,22.7,22.7,1,45.2
0.1,5,25.88,0.95,1.2,21.9,43.8,0,0,22.7,22.6,0,45.2
0.2,6,26.36,0.95,1.2,22.9,40.9,0,0,22.9,22.9,0,45.2
0,5,25.42,0.83,1.2,22.5,41.8,0,-1,23.1,23,0,44.5
-0.2,5,24.69,0.76,1.2,22.4,43.4,0,0,22.7,22.6,2,44.5
0,5,25.29,0.72,1.3,22,46.9,0,-1,23.3,22.9,1,44.5
0.4,8,27.25,0.81,1.5,21.9,46.2,0,1,23.3,23,2,44.1
0.1,5,25.95,0.95,1.2,21.9,44.5,0,0,22.7,22.7,0,44.1
0.4,8,27.18,0.68,1.7,22.1,46.7,0,0,22.5,22.4,0,44.1
0.8,18,29.63,0.78,1.9,22.4,46.8,0,0,23,23,1,43.5
0.3,7,26.72,0.66,1.6,21.9,47.2,0,1,23.1,23,-2,43.3
-0.3,7,24.14,0.73,1.2,21.4,48.8,0,0,23.1,22.6,0,43.3
-0.1,5,24.88,0.73,1.2,22.6,48.4,0,0,23,23,0,43.3
-0.2,5,24.67,0.68,1.2,22.6,49.3,0,0,23.3,23.3,0,43.3
-0.5,9,23.52,0.68,1.2,21.5,52.3,0,-1,22,22,0,43.6
-0.2,6,24.31,0.56,1.3,22.5,52.6,0,0,22.9,22.9,0,43.3
0.9,21,29.92,0.67,2,22.5,53.1,0,0,23.2,23.2,0,43.4
0.2,6,26.6,0.93,1.2,22.4,51.9,0,1,23.7,23.4,1,43.4
0.7,16,29.35,0.81,1.7,22.4,52.6,0,0,23.3,23.1,1,43.4
0.4,8,27.32,0.63,1.7,21.5,54.5,0,0,23,22.7,0,43.6
0.6,14,29.42,0.93,1.7,21.2,56.1,0,-1,22.7,22.2,0,43.6
0.5,11,28.62,0.91,1.6,21.2,56.9,0,0,22.1,22,0,43.7
1,28,30.34,0.62,2.3,22.8,43.4,0,0,22.7,22.8,0,53
-0.1,5,24.77,0.67,1.2,23.2,43.3,0,0,23.4,23.4,0,53
1.1,29,30.27,0.58,2.3,23.1,43.5,0,0,23.3,23.3,0,53
0,5,25.26,0.82,1.2,22.1,45.1,0,0,23.1,23,0,53
0.1,5,25.91,0.79,1.4,21.6,47,0,-1,22.5,22.4,0,53
0.8,20,30.06,0.9,1.7,22.6,45.2,0,0,23.8,23.6,0,53
0.3,7,26.08,0.55,1.6,23.1,42.9,0,0,23.6,23.6,0,53
0,5,25.41,0.73,1.2,23.2,44.3,0,0,23.9,23.7,0,53
0.5,10,27.16,0.61,1.6,23.4,45.1,0,1,24.6,24.3,1,53
0.8,20,29.94,0.98,1.6,23.2,45.3,0,0,24.4,24.2,1,53
0.3,6,26.5,0.86,1.2,23,46.8,0,0,24.2,24,0,53
-0.4,8,23.75,0.63,1.2,22.4,47.2,0,0,22.6,22.6,0,53
0.5,11,27.66,0.7,1.6,23,46.3,0,0,23.3,23.3,0,53
0.7,16,28.87,0.84,1.6,23.6,43.8,0,0,24,23.9,0,53
-0.3,7,24.22,0.73,1.2,21.6,48.1,0,0,22.9,22.6,0,53
-0.1,5,24.81,0.63,1.2,23.4,43.2,0,1,24,23.9,-1,53
1.2,37,30.48,0.46,2.5,22.9,45.1,0,1,23.8,23.8,1,53
0.2,6,26.04,0.66,1.3,23.5,44.1,0,0,24.3,24.2,0,53
0.7,14,28.5,0.75,1.6,23.2,44.9,0,0,24.3,24.2,0,53
0.8,20,28.78,0.52,2,23.4,43,0,-1,24.4,24.2,1,53
0.6,13,28.43,0.88,1.5,23.1,45.2,0,0,23.8,23.7,0,53
-0.2,6,24.45,0.64,1.3,21,50,0.1,0,22.7,22.1,0,53
0.5,10,27.79,0.94,1.3,23.3,43.6,0,0,23.9,23.7,3,53
0.7,15,28.27,0.64,1.7,23.6,44.5,0,1,24.6,24.4,0,53
0.9,21,30.01,0.81,1.8,22.9,45.9,0,0,24.4,24.2,0,53
-0.3,7,24.12,0.72,1.2,22.1,49.9,0,0,22.1,22.1,0,55.5
0,5,25.45,0.82,1.2,22.6,47.8,0,0,22.8,22.8,1,55.5
0.1,5,25.65,0.82,1.2,22.8,46.2,0,0,23.1,23.1,0,55.5
0.2,6,26.25,0.93,1.2,22.4,47.2,0,0,23.2,23,0,55.5
0.3,7,26.96,1.03,1.2,22.4,47.3,0,-2,23.1,23,0,55.5
-0.1,5,24.78,0.69,1.2,22.9,45.2,0,0,23.3,23.3,0,55.5
0,5,25.48,0.78,1.2,22.3,47.6,0,0,24.2,23.7,0,55.5
0.3,7,26.8,0.93,1.2,23.1,45.5,0,0,23.7,23.6,0,55.5
0.3,7,27.09,0.78,1.4,22.2,47.4,0.1,0,23.8,23.3,0,55.5
-0.1,5,25.08,0.73,1.2,22.3,46.9,0,0,24.2,23.7,0,55.5
0.6,12,27.9,0.71,1.6,23.4,44,0,-1,24.2,24.2,0,55.5
-0.1,5,24.84,0.73,1.2,22.5,46.4,0,1,23.3,23.1,1,55.5
-0.3,7,24.1,0.66,1.2,22,47.5,0,-1,23.2,23.1,0,55.5
0.2,6,26.26,0.93,1.2,22.1,46.9,0,0,23.7,23.3,0,55.5
0.2,6,26.27,0.9,1.2,22.6,45.4,0,-1,23.6,23.4,0,55.5
0.6,13,28.96,1.01,1.6,21.7,47.7,0,-2,22.7,22.5,0,55.5
0,5,25.4,0.93,1.2,21.6,47.1,0,0,22,22,1,55.5
1.4,46,33.94,0.96,2.5,21.5,47.4,0,-1,22.1,22,0,55.5
0.1,5,25.75,0.81,1.2,23.2,42.8,0,1,23.3,23.3,-1,55.5
-0.3,6,24.13,0.58,1.2,23.2,43.6,0,0,23.6,23.5,2,55.5
-0.1,5,24.82,0.73,1.2,22.5,43.5,0,0,23.2,23.2,0,55.5
-0.2,6,24.53,0.68,1.2,22.3,44.3,0,0,23.7,23.5,0,55.5
-0.1,5,24.62,0.65,1.2,23.3,41.7,0,0,23.4,23.4,0,55.5
0.4,9,27.29,0.99,1.2,23.5,40.5,0,0,23.9,23.8,1,55.5
0.5,11,27.61,0.73,1.6,23.6,39.9,0,0,23.3,23.4,0,55.5
0,5,25.24,0.73,1.2,23.4,40.9,0,0,23.4,23.4,0,55.5
-0.4,8,23.86,0.73,1.2,21.7,45.1,0,-1,23.2,22.7,1,55.5
0.5,11,28.02,0.86,1.6,22.4,43,0,0,22.9,22.8,0,55.5
-0.4,8,23.77,0.63,1.2,22.4,33,0,0,23.1,23.1,-1,49.8
0.4,8,26.84,0.75,1.6,22.7,31.9,0,0,22.8,22.8,0,49.8
0.1,5,25.96,0.94,1.2,22.5,33.2,0,0,23.1,23,0,49.8
0.1,5,25.36,0.64,1.4,22.6,31.4,0,0,23.3,23.1,0,49.8
0.6,12,27.99,0.85,1.6,23.3,30.4,0,0,23.4,23.3,0,49.8
0.4,8,26.89,0.77,1.6,22.4,32.1,0,-1,22.9,22.8,1,49.8
0.7,15,28.81,0.88,1.7,22.8,31.1,0,-2,23.3,23.3,0,49.8
0.5,10,27.47,0.8,1.6,22.8,31.4,0,0,23.3,23.3,0,49.8
0.1,5,25.32,0.56,1.6,22.5,32.2,0,0,23.4,23.1,0,49.8
0.533333333,13,27.43333333,0.65,1.8,23.23333333,45.26666667,0,0,24.16666667,23.9,0,49.8
0.3,7,26.72,0.75,1.6,22.5,30.7,0,0,22.8,22.8,0,49.8
-0.1,5,24.69,0.59,1.4,22.8,30.7,0,0,23.2,23.1,0,49.8
0.1,5,25.57,0.67,1.4,22.6,30.4,0,0,23.2,23.1,0,49.8
0.2,6,26.09,0.82,1.2,24,27.8,0,2,24.1,24.1,0,49.8
0.4,8,27.08,1,1.2,23,36.9,0,1,24.2,23.9,0,49.6
-0.3,7,24.2,0.63,1.2,22.8,36.3,0,0,23.6,23.5,0,49.6
-0.2,6,24.64,0.66,1.2,22.8,36.8,0,1,24.4,23.9,0,49.6
-0.2,6,24.47,0.63,1.2,23,35.5,0,0,24,23.9,0,49.6
0,5,25.43,0.68,1.2,23.5,34.7,0.1,0,24.5,24.1,0,49.6
0.2,6,26.28,0.87,1.2,23.3,36.6,0,0,23.9,23.8,0,49.6
-0.1,5,24.83,0.68,1.2,23.3,34.6,0,0,23.8,23.7,0,49.6
0.3,7,26.42,0.66,1.6,23,32.6,0.1,0,23.2,23.1,0,49.6
0.4,8,26.83,0.93,1.2,23.6,31.9,0,1,24.3,24.2,0,49.6
-0.2,6,24.43,0.61,1.3,22.6,34,0,0,23.4,23.1,1,49.6
0.1,5,25.72,0.82,1.2,23.1,35.3,0,0,23.7,23.6,0,49.6
-0.3,6,24.25,0.62,1.2,22.9,35.4,0,0,24.1,23.7,0,49.6
0.3,7,26.58,0.87,1.2,23.8,32.4,0,0,24.4,24.3,-1,49.6
0.2,6,25.92,0.82,1.2,23.6,32.2,0,0,23.8,23.8,1,49.6
0.2,6,26.48,0.82,1.2,22.5,34.1,0.1,0,25.3,24.1,0,49.6
-0.2,5,24.69,0.7,1.2,22.7,34.8,0,0,23.9,23.6,0,49.6
0.2,6,26.24,0.74,1.2,24.1,33.2,0.1,2,25,24.6,2,49.6
0.1,5,25.84,0.91,1.2,21.9,35.9,0,0,24.2,23.5,0,49.6
-0.1,5,24.84,0.65,1.2,22.9,33,0.1,0,24.3,23.7,0,49.6
0.2,6,26.11,0.67,1.3,23.3,30.5,0.1,1,25.4,24.6,0,49.6
0.2,6,26.59,0.99,1.2,22.5,38.6,0,1,23.3,23.3,-1,48.6
0.7,14,28.86,0.96,1.6,22.7,37.1,0,0,23.4,23.3,0,48.6
0.2,6,25.99,0.82,1.2,23.4,37.2,0,1,23.8,23.8,-1,48.6
-0.1,5,24.97,0.66,1.3,21.8,42.2,0.1,0,23.3,22.7,0,48.6
0.2,6,25.71,0.56,1.6,22.9,37.8,0,-1,23.3,23.2,0,48.6
0.3,6,26.52,0.82,1.2,23.4,35.2,0.1,-1,24.8,24.2,1,48.6
0.3,7,26.26,0.77,1.2,24.3,33,0,1,24.7,24.6,0,48.6
0.2,6,26.16,0.78,1.4,22.7,35.1,0.1,-1,22.9,22.8,0,48.6
0.6,13,27.49,0.57,1.7,23.8,33.9,0,0,24.4,24.2,0,48.6
0.1,5,25.74,0.8,1.2,23,35.5,0,1,24.5,24,0,48.6
0.4,8,26.67,0.68,1.4,23.6,28.9,0,0,25,24.6,1,48.6
-0.2,6,24.45,0.74,1.2,22,47.3,0,-1,22.7,22.6,0,51.8
0.1,5,26.2,1.11,1.2,20.6,50.1,0,0,21.8,21.7,0,51.8
0,5,25.4,0.82,1.2,22.3,47.2,0,-1,23.1,23,2,51.8
0,5,25.46,0.82,1.2,22.1,48.8,0,0,23.5,23.2,0,51.8
0.3,7,26.49,0.6,1.6,23,46.9,0,1,23.4,23.3,2,51.8
0.6,12,28.32,0.86,1.5,22.5,48.6,0,0,23.2,23.1,0,51.8
-0.1,5,25.16,0.77,1.2,21.8,50.8,0,0,23.6,23.5,0,51.8
0.1,5,25.69,0.76,1.2,23.2,49.7,0,0,23.5,23.5,1,51.8
0.1,5,25.95,0.77,1.2,22.8,47.9,0,0,24.4,24.3,0,51.8
0.1,5,25.96,0.82,1.2,22.9,46.6,0,0,23.6,23.6,0,51.8
0,5,25.63,0.82,1.2,21.9,48.5,0,-1,24,23.7,0,51.8
-0.5,9,23.66,0.63,1.1,22.6,49.3,0,0,23.9,23.6,0,51.8
0.5,10,27.08,0.52,1.7,22.8,45.8,0,0,24.3,24.1,0,51.8
0.9,24,30.84,0.95,1.8,22.7,46.2,0,0,23.8,23.7,2,51.8
0.1,5,25.83,0.81,1.2,22.6,47.4,0,0,24.1,23.7,0,51.8
0.4,8,27.17,0.66,1.6,22.1,49.1,0,0,24,23.6,0,51.8
0.733333333,16,28.61666667,0.91,1.8,23.96666667,44.1,0.016666667,1,23.9,23.93333333,0,51.8
0.1,5,26.01,0.83,1.5,21.2,36.3,0,0,21.7,21.7,2,41.3
-0.1,5,24.63,0.56,1.6,21.7,36,0,-2,22.1,22.1,0,41.3
-0.2,6,24.71,0.82,1.2,22,36.2,0,0,22.4,22.4,0,41.3
0.1,5,25.79,0.95,1.2,22.2,35.7,0,1,22.6,22.6,1,41.3
0.9,24,29.7,0.63,2.3,22.2,34.3,0,0,22.7,22.7,0,41.3
0.1,5,26.06,0.98,1.2,22.3,35,0,0,22.7,22.7,0,41.3
-0.1,5,24.45,0.56,1.6,21.1,36.6,0,0,22.5,22.2,1,41.3
0,5,25.48,0.75,1.6,21.4,36.7,0.2,0,22.4,21.9,0,41.3
0.3,6,26.22,0.61,1.8,21.2,36.8,0,0,22.2,21.9,0,41.3
0.1,5,26.06,0.89,1.3,21.7,35.8,0,0,23,22.7,3,41.3
0.1,5,25.68,0.66,1.6,22,34.5,0,0,22.3,22.3,0,41.3
0.1,5,25.97,0.98,1.2,22.3,33.5,0,0,22.6,22.6,0,41.3
0.5,10,27.48,0.71,1.8,22,30.2,0,0,22.6,22.6,0,41.3
0.5,11,27.98,0.86,1.7,21.9,32.8,0,0,22.3,22.2,0,41.3
-0.1,5,25.12,0.87,1.2,22,32.2,0,0,23,22.7,1,41.3
0.3,7,26.42,0.7,1.6,22.5,31.2,0,0,23,23,0,41.3
0,5,25.33,0.86,1.2,22,31.5,0,0,23.5,23.3,1,41.3
0.1,5,25.6,0.78,1.3,22.7,29.4,0,0,23.1,23,0,41.3
-0.1,5,25.32,0.95,1.2,21.8,32.7,0,0,22.1,22.1,-1,41.3
0.8,17,29.53,0.85,2,21.4,32.7,0,-2,22.5,22.3,-1,41.3
-0.3,7,24.23,0.73,1.2,22.2,30.9,0,0,22.9,22.8,0,41.3
-0.4,8,23.91,0.68,1.2,22.3,34.2,0,0,22.8,22.7,2,43.9
0,5,25.82,0.98,1.2,21.8,34.9,0,0,22.8,22.6,1,43.9
0.1,5,26,1.04,1.2,21.6,34.8,0,0,22.3,22.3,0,43.9
0.1,5,25.59,0.82,1.2,23,33.9,0,0,23.5,23.5,1,43.9
-0.2,6,24.51,0.62,1.2,23.4,33.5,0,0,24,23.9,0,43.9
0,5,25.08,0.68,1.2,23.5,32.9,0,0,24.1,24.1,0,43.9
0.3,7,26.55,0.85,1.3,22.7,34.9,0,0,23.8,23.6,0,43.9
0.4,8,26.96,0.98,1.2,23.2,33.2,0,0,24.1,24,0,43.9
0.4,9,27.53,1.08,1.2,23.2,34,0,-1,23.9,23.8,2,43.9
0.6,12,28.18,0.95,1.4,23.2,33.2,0,0,24.5,24.4,0,43.9
0.6,12,27.62,0.77,1.4,24,31.5,0,-1,24.9,24.7,0,43.9
0.2,6,25.9,0.73,1.2,23.8,29.6,0,0,25.1,25,1,43.9
-0.1,5,24.89,0.75,1.2,22.7,29.5,0,0,23.6,23.5,1,43.9
0.3,7,26.89,0.99,1.2,23,29.9,0,-1,24.5,24.1,1,43.9
0.6,12,28.18,0.91,1.6,22.5,33.4,0,0,23.2,23.1,0,43.9
0.7,16,29.03,0.88,1.7,22.9,32.5,0,-1,23.8,23.6,0,43.9
0,5,25.46,0.78,1.2,23.1,32.2,0,0,23.9,23.8,0,43.9
-0.3,7,24.21,0.69,1.2,22.2,34.4,0,0,23.5,23.2,0,43.9
-0.2,6,24.53,0.63,1.2,23.3,32.8,0,0,24,23.9,0,43.9
0.2,5,25.94,0.82,1.2,23.2,33.1,0,0,24.3,24.1,0,43.9
0.4,8,26.98,0.98,1.2,23.5,31.9,0,1,24,23.9,0,43.9
0.4,8,26.68,0.86,1.2,24.1,31.1,0,1,24.6,24.5,0,43.9
0.6,12,27.81,0.75,1.6,23.4,33.2,0,0,24.3,24.3,0,43.9
0.2,6,26.59,1,1.2,22.1,49.3,0,0,23.1,22.8,0,52.8
-0.2,6,24.44,0.68,1.2,22.5,48.1,0,0,23.1,23,1,52.8
0.4,9,27.58,0.97,1.3,22.2,48.4,0,0,23.9,23.4,0,52.8
0.6,12,28.24,0.78,1.6,22.4,48,0,0,23.7,23.4,0,52.8
-0.1,5,25.06,0.73,1.2,22.6,47.1,0,-1,23.7,23.4,0,52.8
0.6,13,28.25,0.72,1.7,22.7,47.3,0,0,23.5,23.4,0,52.8
0.7,16,29.49,0.99,1.6,22.6,47.1,0,0,23.3,23.3,0,52.8
-0.2,6,24.53,0.68,1.2,22.5,47.4,0,0,23.4,23.2,3,52.8
0.3,7,26.65,0.72,1.5,22.1,48.9,0,1,23.3,23.2,-1,52.8
0.2,6,26.39,0.93,1.2,22.3,48.2,0,-1,23.6,23.3,0,52.8
-0.2,6,24.61,0.67,1.2,22.5,47.4,0,0,23.7,23.5,0,52.8
0.1,5,25.78,0.78,1.2,22.8,46.7,0,0,24.2,23.9,0,52.8
0.8,20,30.07,1.01,1.6,23.3,45.3,0,-1,24,23.9,0,52.8
-0.2,6,24.51,0.63,1.2,22.9,46.6,0,0,23.7,23.6,0,52.8
0.7,15,29.21,0.86,1.7,22.3,49.5,0,0,23.3,23.1,0,52.8
0.3,7,26.95,1.02,1.2,22.3,50.5,0,0,23.1,23,0,52.8
0.9,20,30.16,0.86,1.8,22.6,49.6,0,1,23.5,23.4,1,52.8
0.3,7,26.23,0.56,1.6,22.8,50.7,0,0,23.5,23.4,0,52.8
-0.3,7,24.07,0.75,1.2,22.1,23.8,0,0,22.6,22.5,0,30.9
-0.1,5,25.11,0.82,1.2,22.8,22.6,0,0,23.2,23.2,0,30.9
0.7,17,28.38,0.67,1.9,23.3,22,0,0,23.8,23.7,0,30.9
1,24,30.34,0.9,2,22.9,21.9,0,0,23.5,23.5,0,30.9
0.3,6,26.48,0.98,1.2,23.3,23.5,0,0,23.5,23.5,1,30.9
0,5,25.29,0.72,1.2,23.8,21.4,0,1,24.5,24.3,1,30.9
0.4,8,26.92,0.96,1.2,23.8,21.7,0,1,24.5,24.5,2,30.9
0.1,5,25.45,0.66,1.3,23.5,20.6,0,0,24.6,24.4,0,30.9
0.6,12,28.16,1.17,1.2,23.8,20.7,0,0,24.8,24.6,0,30.9
0,5,25.19,0.68,1.2,23.9,20.7,0,0,24.7,24.6,0,30.9
0.2,6,25.64,0.65,1.3,24.1,20.9,0,0,24.5,24.5,0,30.9
0,5,25.03,0.68,1.2,23.7,21.2,0,0,24.5,24.4,1,30.9
0.4,8,27.04,0.98,1.2,23.7,20,0,0,24.8,24.7,1,30.9
0.1,5,25.48,0.68,1.4,22.8,21.8,0,0,23.2,23.1,0,30.9
0.4,9,27.28,0.94,1.4,23,21.4,0,0,23.6,23.6,0,30.9
0,5,25.48,0.87,1.2,22.9,20.8,0,0,23.3,23.3,0,30.9
0.2,6,26.19,0.9,1.2,23.4,20.2,0,1,24.2,24.1,1,30.9
0.2,6,26.42,0.95,1.2,23.2,26.2,0,0,23.7,23.7,1,30.9
0.5,10,27.03,0.62,1.8,22.8,22.3,0,0,23.7,23.5,0,30.9
0.1,5,25.66,0.71,1.3,23.5,22,0,0,24,24,0,30.9
-0.1,5,25.05,0.73,1.2,23.3,21.8,0,-1,24.1,24,1,30.9
0,5,25.1,0.68,1.2,23.9,21.2,0,1,24.4,24.4,3,30.9
0.2,6,26.36,0.93,1.2,23.4,19.4,0,0,24.3,24.1,0,30.9
0.5,10,27.13,0.8,1.4,23.7,19.6,0,0,24.4,24.3,2,30.9
0.6,14,28.13,0.92,1.4,24.1,19,0,0,24.5,24.5,0,30.9
0.1,5,25.4,0.68,1.2,24.5,19,0,1,24.8,24.7,0,30.9
0.9,23,29.92,0.92,1.8,23.6,19.6,0,0,24.7,24.6,0,30.9
-0.2,6,24.84,0.87,1.2,21.6,22.3,0.1,0,22.6,22.2,0,33
0.5,11,27.91,0.88,1.7,21.9,22,0,0,22.5,22.3,1,33
0.5,10,27.86,0.97,1.6,21.9,21.9,0,0,23.2,22.8,0,33
0.1,5,25.99,1.06,1.2,21.9,20.9,0,0,22.7,22.5,1,33
0.4,8,27.12,0.98,1.4,22.3,19.8,0,0,22.4,22.4,1,33
0.2,6,26.52,1.11,1.2,22.4,19.8,0,0,22.9,22.7,0,33
0.5,9,27.83,0.98,1.6,21.6,20.7,0,-1,23.2,22.9,0,33
0.2,6,26.7,1.14,1.2,22.1,20.1,0,-1,23.1,22.9,0,33
-0.1,5,25.3,0.95,1.2,22.1,20.5,0,0,22.4,22.4,0,33
-0.2,6,24.8,0.87,1.2,22,20.8,0,0,22.7,22.5,0,33
0,5,25.12,0.78,1.4,21.9,21.4,0,-1,22.1,22.1,1,33
-0.3,7,24.32,0.82,1.2,21.8,22.1,0,0,22.5,22.3,0,33
-0.1,5,25.21,0.95,1.2,21.6,22.1,0,0,23,22.5,0,33
0.6,11,27.36,0.52,2.4,20.1,26.7,0,0,20.7,20.6,0,33.3
0.1,5,26.24,1.09,1.3,20.8,26,0,0,21.5,21.3,3,33.3
-0.2,6,24.36,0.72,1.4,20.7,28.7,0,0,21.5,21.3,-1,33.3
0.3,7,27.17,0.79,1.7,18.8,30.5,0.1,0,23.2,21.4,1,33.3
0.5,10,28.12,1.02,1.6,21.7,27.7,0,0,22.2,22.2,0,33.3
0.7,15,28.96,0.82,2,21.2,25.9,0,0,22.1,22,0,33.3
0.5,9,27.36,0.76,1.7,22,25.4,0,0,22.5,22.5,1,33.3
0.4,9,27.23,0.77,1.7,22.2,25.2,0,0,22.6,22.6,0,33.3
0.8,17,29.93,1.09,1.8,21.6,25.7,0,-2,22.2,22.1,1,33.3
-0.4,8,23.87,0.73,1.2,21.9,24.6,0,0,22.6,22.5,0,33.3
0.5,10,27.87,0.96,1.6,21.9,26.5,0,0,22.7,22.6,0,33.3
0.1,5,26.38,1.13,1.2,21.9,24.3,0,-2,22.3,22.2,1,33.3
0.2,6,26.2,0.7,1.7,21,26.2,0,0,21.7,21.7,0,33.3
0.4,9,27.55,0.9,1.6,22.1,26.7,0,0,22.9,22.7,0,33.3
0,5,25.73,0.93,1.3,21.3,26.8,0,-1,22.3,22.2,0,33.3
0.8,17,29.32,0.83,2,21.5,27.6,0,0,22.3,22.2,1,33.3
0.4,8,27.53,0.96,1.6,21.3,28.6,0,-1,22.5,22.1,0,33.3
0.6,12,28.47,0.94,1.7,21.3,26.8,0,0,22.3,22,1,33.3
0.4,8,27.4,0.96,1.6,20.8,27.4,0,0,23,22.3,0,33.3
0.1,5,26.15,1.08,1.2,21.7,26.9,0,-1,22.5,22.4,1,33.3
-0.1,5,25.27,0.82,1.2,22.7,24.7,0.1,0,23.4,23.1,0,39
0.4,8,27.35,1.09,1.2,23.2,23.9,0.1,0,23.8,23.6,0,39
-0.3,7,24.13,0.68,1.2,22.6,25.1,0,0,23.3,23.2,0,39
-0.1,5,25.02,0.81,1.2,22.4,26.1,0,-1,23.5,23.3,0,39
0.7,15,28.87,0.95,1.7,22.6,24.5,0,-1,23.2,23,0,39
-0.2,5,24.89,0.87,1.2,21.9,25.3,0,-1,23,22.6,1,39
0.1,5,25.72,0.9,1.2,22.8,24.2,0,0,23.6,23.3,0,39
0.1,5,25.95,0.89,1.2,23,22.2,0,0,24.1,23.9,1,39
0.3,7,27.01,1.08,1.2,23,22.5,0,0,23.7,23.6,0,39
-0.2,6,24.61,0.68,1.2,22.6,23.7,0.1,0,24,23.4,0,39
0.1,5,25.38,0.67,1.4,22.9,22.8,0,0,23.8,23.6,0,39
0,5,25.13,0.73,1.2,22.9,25.5,0,0,24.7,24.3,0,39
0.1,5,25.11,0.6,1.3,23.8,21.9,0,0,24.5,24.3,0,39
0,5,25.5,0.77,1.2,23.2,22.9,0.1,0,24.2,23.8,0,39
0.2,6,26.21,0.82,1.2,23.7,22,0.1,0,24.8,24.3,-1,39
-0.2,6,24.56,0.73,1.2,22.7,22.6,0,0,23.5,23.4,1,39
-0.2,6,24.58,0.73,1.2,22.8,24,0,-1,23.4,23.3,1,39
-0.2,6,24.54,0.73,1.2,22.7,24,0,-1,23.5,23.3,0,39
0.2,6,26.14,0.93,1.2,23.1,21.8,0,0,23.8,23.7,0,39
0.1,5,25.84,0.87,1.2,23.5,21.5,0,1,23.6,23.6,0,39
0.3,7,26.45,0.78,1.4,23.8,21.5,0,0,23.6,23.6,0,39
0.3,7,26.67,0.93,1.2,23.9,21.4,0,1,24.5,24.3,0,39
0.2,6,26.51,1.03,1.2,22.6,23.7,0,1,23.7,23.4,1,39
0.3,7,26.99,1.08,1.2,23.2,25.6,0.1,1,23.3,23.2,0,39
0.8,18,29.59,0.86,2,21.6,30.8,0,1,21.9,21.9,1,39.1
0.9,23,30.02,0.72,2.3,21.6,32.7,0,0,22.2,22.1,1,39.1
0.7,15,29.29,0.86,2,20.7,35.3,0,-1,21.5,21.4,0,39.1
-0.1,5,25.43,1.03,1.2,21.4,30.7,0,-1,21.6,21.6,1,39.1
-0.1,5,25.14,0.93,1.2,21.7,32.2,0,0,22.2,22.1,0,39.1
0,5,25.23,0.66,1.6,21.5,30.6,0,0,22.1,22,3,39.1
-0.5,10,23.54,0.68,1.2,21.9,30.3,0,0,22.5,22.4,0,39.1
0.5,10,27.95,0.94,1.6,22.4,30.2,0,-1,22.5,22.4,0,39.1
0.8,18,29.8,1,1.8,22.3,29.8,0,0,22.4,22.4,1,39.1
0.1,5,25.62,0.89,1.2,22.7,30.3,0,0,23.1,23,1,39.1
0.4,9,27.28,0.77,1.6,22.9,29.3,0.1,0,23.4,23.2,0,39.1
0.1,5,26.31,1.03,1.2,21.9,32.4,0,0,23.3,23,1,39.1
-0.1,5,24.85,0.76,1.2,22.5,30.4,0,0,23.7,23.4,0,39.1
-0.1,5,24.84,0.82,1.2,22.2,31.8,0,-1,22.9,22.7,0,39.1
0.6,14,28,0.71,1.7,23.6,28,0,0,23.4,23.4,0,39.1
0.5,11,28.32,1.01,1.7,21.2,19.7,0.03,1,21.4,21.4,0,24
0.4,9,27.78,1.05,1.6,21.3,20.2,0.03,0,21.8,21.6,-1,24
0.2,6,26.78,1.31,1.2,21.1,20,0.03,-2,21.5,21.4,0,24
0.3,7,27.4,1.11,1.4,21.2,20.3,0.04,0,21.7,21.6,0,24
0.3,7,27.07,1.06,1.4,21.8,19.1,0.03,1,22.3,22.1,0,24
-0.2,6,24.52,0.82,1.2,22,19.4,0.04,-1,22.6,22.4,0,24
0.5,11,28.19,1.01,1.6,22.2,19.5,0.04,0,22.8,22.6,1,24
0,5,25.36,0.85,1.3,21.5,18.2,0.05,-1,22.8,22.3,0,24
-0.5,11,23.47,0.65,1.2,21.9,17.5,0.05,1,22.9,22.6,1,24
0.1,5,25.47,0.72,1.5,21.8,17.4,0.05,-1,22.6,22.3,0,24
0.4,8,27.85,1.38,1.2,21.2,29.9,0.05,0,22.2,21.9,0,24
0.5,10,27.69,0.77,1.9,20.8,18.6,0.05,-2,21.5,21.3,1,24
-0.2,6,25,0.93,1.2,21.3,18.1,0.07,0,22.6,22.1,0,24
0.1,5,25.76,0.93,1.3,22,20.9,0.03,1,22,22,1,24
-0.2,6,24.41,0.77,1.2,22.4,21.3,0.03,0,22.8,22.7,1,24
0.6,13,28.18,0.74,2,21.3,20.6,0.04,0,22,21.8,1,24
0.5,11,28.29,1.05,1.6,22.1,21.4,0.03,0,22.3,22.3,1,24
0.2,6,26.26,1.03,1.2,22.4,21.6,0.03,1,23,22.9,1,24
0.4,8,27.14,1.03,1.3,22.6,22.4,0.04,0,23.1,22.9,1,24
0,5,25.94,1.08,1.2,21.6,22,0.03,-2,22.3,22.1,1,24
-0.6,12,23.12,0.57,1.2,22.4,34.1,0.03,0,22.7,22.6,0,61.66666667
0.1,5,25.81,0.87,1.2,23.1,33.8,0.04,0,23.1,23.1,1,61.66666667
0.4,8,27.16,1.03,1.2,23.8,31.3,0.03,0,23.4,23.5,1,48.53333333
0.4,8,27.11,1.02,1.2,23.6,32.1,0.05,0,23.6,23.6,0,61.66666667
-0.2,6,24.42,0.73,1.2,22.4,34.3,0.03,0,22.9,22.7,0,62.96666667
0.3,7,26.87,1.03,1.2,23.3,32.9,0.05,0,23.1,23.2,0,61.66666667
0.1,5,25.66,0.78,1.2,23.7,32.2,0.04,0,23.8,23.7,0,61.66666667
0.7,16,29.97,1.42,1.4,22.7,33.4,0.04,0,22,22.2,0,61.66666667
0,5,25.71,0.97,1.2,21.8,35.1,0.04,0,22.4,22.2,0,61.66666667
0.3,7,27.02,1.11,1.2,22.1,34.4,0.06,0,23,22.7,0,61.66666667
0.1,5,25.42,0.67,1.3,23.6,31.9,0.07,1,23.5,23.5,1,62.33333333
0.5,9,27.74,1.19,1.2,22.9,32.3,0.04,0,23.1,23,0,61.66666667
-0.1,5,24.76,0.73,1.2,23.8,31.3,0.03,0,22.7,23,1,61.66666667
0.4,9,27.28,1.08,1.2,23.7,32,0.05,0,23,23.3,0,61.66666667
0.1,5,25.63,0.78,1.2,23.3,32.9,0.08,0,23.9,23.7,1,61.66666667
0.3,6,26.33,0.85,1.2,23.5,31.4,0.04,0,24.3,24,1,64.86666667
-0.1,5,24.69,0.63,1.2,24,29.9,0.04,2,23.8,23.9,1,49.4
0.3,7,26.61,0.98,1.2,23.4,32.2,0.04,-1,23.2,23.3,0,52.66666667
0.1,5,25.7,0.82,1.2,23,30.2,0.05,0,23.8,23.6,0,62.2
0.1,5,25.47,0.7,1.4,23.6,27.8,0.04,0,22.6,22.9,0,61.66666667
0,5,25.12,0.78,1.2,23.4,28.3,0.05,0,23.1,23.2,1,61.66666667
0.5,10,27.87,1,1.4,22.8,27,0.03,0,23.7,23.4,0,61.66666667
-0.1,5,25.16,1.04,1.2,22.7,20.2,0.19,-1,21.7,22.2,1,38.9
0.4,8,27.32,1.03,1.4,22.9,19.9,0.08,-2,22.6,22.7,0,38.9
0.4,8,27.1,1.02,1.3,22.7,20.9,0.05,0,23.2,23,1,38.9
0.4,9,27.33,0.99,1.4,23.1,20,0.03,0,23,23,1,38.9
0.5,11,28.18,0.97,1.6,23.1,20.1,0.1,-1,22.9,23,0,38.9
-0.2,6,24.51,0.73,1.2,23.4,18.5,0.1,0,23,23.2,0,38.9
0,5,25.13,0.58,1.6,23.4,19.4,0.13,0,22.6,23,0,38.9
0.4,8,27.31,1.12,1.2,23.9,20.8,0.09,-2,23.3,23.5,0,38.9
0.5,11,28.38,1.33,1.2,23.3,19.7,0.09,-2,23.4,23.4,0,38.9
-0.2,6,24.71,0.78,1.2,22.8,19.4,0.08,0,23,22.9,0,38.9
0.4,8,26.89,0.91,1.4,23.1,17.5,0.04,0,23.3,23.3,1,38.9
0.3,6,26.77,1.03,1.2,22.8,19.5,0.1,0,23.9,23.4,0,38.9
0.4,8,26.58,0.67,1.6,23.5,16.9,0.05,0,24.1,23.9,0,38.9
0.5,10,27.68,1,1.3,23.4,19.4,0.06,0,24.4,24,0,38.9
0.1,5,26.05,0.95,1.6,19.2,16.9,0.08,-2,20,19.7,2,16.8
-0.2,6,25.04,1.13,1.2,20.4,14.4,0.03,0,20.7,20.7,1,16.8
-0.6,12,23.26,0.81,1.2,21,16,0.03,0,21,21,0,16.8
-0.1,5,25.2,1.13,1.2,20.9,18.9,0.04,-1,20.6,20.7,0,16.8
0.7,16,29.68,1.1,1.8,21.6,15.3,0.03,0,22,21.9,0,16.8
0.1,5,26.02,0.94,1.4,21.5,13.6,0.04,0,22.2,22,0,16.8
-0.1,5,25.44,1,1.2,21.8,13,0.02,1,22.6,22.4,0,16.8
0.7,14,29.5,1.37,1.5,22.1,12.9,0.02,0,21.9,22,1,16.8
-0.2,6,24.81,0.81,1.2,22.3,15.1,0.03,0,23.3,23,0,16.8
0,5,25.55,1.02,1.2,21.7,14.2,0.05,-1,22.5,22.2,1,16.8
0.2,6,26.17,0.87,1.6,21,19.6,0.04,0,21.4,21.2,0,16.8
0.3,6,26.34,0.8,1.6,22.2,14.2,0.04,0,22.4,22.4,0,16.8
0.6,14,28.87,0.99,1.8,21.5,15.5,0.08,0,21.9,21.8,0,16.8
-0.6,12,23.23,0.73,1.2,21.7,15.4,0.03,1,21.6,21.6,-1,16.8
0,5,25.59,1.11,1.2,21.6,13.8,0.07,0,21.5,21.5,0,20
-0.1,5,25.08,1.03,1.2,21.4,14.8,0.02,-1,21.5,21.5,0,20
-0.4,8,24,0.78,1.2,22,16,0.04,0,22.2,22.2,0,20
0,5,25.82,1.1,1.2,21.6,14.1,0.04,0,22.1,21.9,1,20
-0.4,9,23.82,0.73,1.2,22.3,14.3,0.06,0,22.4,22.4,0,20
0.2,6,26.27,1.03,1.2,23.1,12,0.04,0,23.2,23.1,1,20
0.3,6,26.8,1.16,1.2,22.7,12,0.03,0,22.9,22.8,0,20
0.4,8,26.77,0.83,1.6,22.6,11.6,0.03,0,22.9,22.8,1,20
-0.4,9,23.75,0.72,1.2,22.1,13.8,0.03,-1,22.5,22.4,0,20
0.5,10,27.78,0.96,1.6,22.3,15.2,0.04,0,23,22.8,0,20
0.1,5,26.23,1.04,1.2,23,13.5,0.09,0,23,23,0,20
-0.2,6,24.52,0.73,1.2,23.5,15.2,0.04,0,23.1,23.2,0,20
0.1,5,25.56,0.82,1.2,23.8,13.2,0.06,0,23.9,23.9,0,20
0.5,11,26.7,0.53,1.8,23.9,13.5,0.04,0,24.3,24.2,1,20
0.7,15,27.99,0.7,1.8,23.8,13.5,0.03,1,24.2,24.1,-1,20
0.2,6,26.19,0.93,1.2,23.4,12.6,0.06,0,24,23.8,0,20
0.4,8,26.5,0.66,1.6,23.6,13.3,0.06,1,24.3,24,3,20
-0.3,7,24.24,0.72,1.2,23.1,15.6,0.1,-1,22.9,23,0,20
1.1,29,30.31,0.76,2.2,23.5,17.1,0.04,1,23.8,23.7,0,20
0.3,7,26.11,0.66,1.6,23.2,15.7,0.05,0,23.5,23.4,1,20
0.1,5,25.63,0.81,1.2,23.5,18.5,0.04,2,24.1,23.9,0,20
0.1,5,26.26,1.28,1.2,20.9,19.5,0.02,0,20.9,20.9,0,26.1
0.9,22,30.23,0.87,2.3,21.1,18,0.03,0,21.3,21.2,3,26.1
0.5,10,28.34,1.13,1.6,21.4,18.8,0.05,-1,21.8,21.7,1,26.1
0.8,17,29.64,0.97,2,21.3,16.9,0.04,-1,21.4,21.4,0,26.1
0.5,9,27.86,1.02,1.6,21.8,21.3,0.04,0,22.1,22,0,26.1
0.1,5,25.96,1.01,1.2,22.5,20.1,0.04,0,22.7,22.6,0,26.1
0.3,7,26.63,0.91,1.4,22.1,20.2,0.03,1,22.5,22.4,3,26.1
0.2,6,26.53,1.12,1.2,22.1,20.4,0.04,-1,22.7,22.5,-1,26.1
-0.3,7,24.24,0.82,1.2,21.5,20.2,0.05,0,22.3,22.1,1,26.1
0.8,20,29.94,0.93,2,21.8,18.3,0.07,0,22.5,22.2,1,26.1
0.3,7,26.31,0.73,1.6,22.9,20.8,0.05,-1,22.7,22.8,2,26.1
0.3,6,26.65,0.87,1.6,21.1,22.5,0.06,0,22.1,21.7,1,26.1
-0.5,11,23.49,0.73,1.2,21.3,22.6,0.03,0,22.2,21.9,0,26.1
0.2,6,25.93,0.75,1.6,21.9,19.5,0.04,0,22.3,22.1,1,26.1
0.3,7,27,1.17,1.2,22.4,19.8,0.04,0,22.9,22.8,2,26.1
0.5,10,27.65,0.95,1.6,22.4,19.7,0.04,0,22.5,22.4,0,26.1
0.2,6,26.32,1.02,1.2,22.6,19.4,0.05,1,23.3,23.1,1,26.1
0.3,7,27.22,1.1,1.3,22.1,20.1,0.04,-1,22.8,22.6,0,26.1
0.2,6,26.35,1.03,1.2,22.6,18.7,0.04,0,23.3,23.1,0,26.1
-0.3,8,24.16,0.87,1.2,21.4,18.2,0.04,0,21.6,21.6,1,31.1
-0.1,5,25.09,0.97,1.2,21.7,19.3,0.04,-1,22,21.9,1,31.1
0.5,9,27.4,0.82,1.7,22,19.6,0.09,0,21.9,22,0,31.1
0.3,7,26.86,0.97,1.4,22.1,19.5,0.03,0,22.1,22.1,0,31.1
0.1,5,25.84,0.98,1.2,22.4,18,0.04,0,23,22.8,0,31.1
0,5,25.53,1.03,1.2,21.6,29.7,0.07,0,21.7,21.7,0,31.1
-0.3,7,24.37,0.93,1.2,21.3,18.7,0.04,0,21.3,21.3,0,31.1
0.1,5,25.87,1.03,1.2,22.1,18.5,0.03,0,22.6,22.5,0,31.1
-0.1,5,25.5,1.06,1.2,21.5,17.3,0.08,-2,21.8,21.7,0,31.1
-0.2,6,24.79,0.93,1.2,21.9,18.2,0.05,0,21.8,21.9,2,31.1
0.6,12,27.97,0.74,2,21.7,20.1,0.03,0,22,21.9,0,31.1
-0.4,8,24.11,0.82,1.2,21.4,19,0.03,-1,22.2,22,0,31.1
-0.2,6,24.72,0.93,1.2,21.9,17.9,0.06,0,21.7,21.8,0,31.1
0.6,11,28.09,0.88,1.8,21.7,14.7,0.04,0,22.4,22.2,1,31.1
0.1,5,25.91,1.1,1.2,21.9,17.1,0.04,0,21.9,21.9,3,31.1
-0.2,6,24.51,0.73,1.2,22.6,29.3,0.09,0,23,22.9,0,40.3
0.3,6,26.58,1,1.2,22.9,29.3,0.04,1,23.3,23.2,1,40.3
-0.3,7,24.1,0.72,1.2,22.4,30.8,0.04,0,22.5,22.5,0,40.3
0.3,7,27,1.04,1.2,22.9,29.6,0.05,0,23.7,23.4,1,40.3
0.3,7,26.84,1.03,1.2,23,28.5,0.06,0,23.4,23.3,2,40.3
0.2,6,26.57,1.03,1.2,22.7,30,0.03,0,23.1,23,1,40.3
0.7,15,28.65,0.83,1.7,23.2,28.8,0.03,1,23.7,23.6,0,40.3
0.3,7,27.07,1.15,1.2,22.3,30.6,0.03,0,22.8,22.6,2,40.3
0.1,5,25.67,0.82,1.2,23.4,28.2,0.04,1,23.7,23.6,2,40.3
0.6,13,28.82,1.38,1.2,23.2,28.7,0.04,1,23.1,23.1,0,40.3
0,5,25.35,0.8,1.2,23,28.8,0.03,-1,23.5,23.4,1,40.3
0.3,7,26.63,0.73,1.4,23.2,28.9,0.12,0,23.9,23.6,0,40.3
0.2,6,26.08,0.85,1.3,22.7,29.5,0.03,0,22.9,22.9,0,40.3
0,5,25.4,0.82,1.2,22.9,30,0.03,0,23.3,23.2,1,40.3
-0.1,5,24.87,0.68,1.2,23.8,27.2,0.04,0,23.8,23.8,0,40.3
0.2,6,26.77,0.91,1.2,23.3,28.1,0.13,0,24.6,24,0,40.3
0,5,25.4,0.94,1.2,22.1,31.9,0.03,-2,22.2,22.2,0,40.3
0.1,5,26.2,1.03,1.2,22.2,31,0.04,0,22.6,22.5,1,40.3
0,5,25.61,0.94,1.2,22.2,30.1,0.05,0,22.6,22.5,1,40.3
0,5,24.96,0.58,1.4,23.1,27.9,0.08,0,23.1,23.1,0,40.3
0.3,7,26.72,1.03,1.2,23.3,28.4,0.09,0,23.1,23.2,0,40.3
-0.2,6,24.32,0.65,1.2,23.1,28.2,0.06,-1,23.5,23.4,0,40.3
-0.3,7,24.15,0.73,1.2,22.4,30.3,0.02,0,22.5,22.5,0,40.3
0.2,6,26.36,1.03,1.2,22.5,30.2,0.02,0,22.8,22.7,0,40.3
0.1,5,25.65,0.82,1.2,23.6,28.7,0.04,2,23.5,23.5,1,40.3
0.8,19,28.6,0.63,1.9,23.5,26.7,0.04,0,24,23.8,1,40.3
0.1,5,25.64,0.82,1.2,23.2,29,0.03,2,23.6,23.5,0,40.3
0.5,10,28.44,1.46,1.2,21.7,31.3,0.04,0,22,21.9,0,40.3
0.3,7,26.76,0.95,1.2,23.8,27.1,0.04,0,23.9,23.9,1,40.3
0.9,23,29.91,0.9,1.7,23.6,27.2,0.06,0,24.6,24.2,0,40.3
-0.1,5,24.86,0.78,1.2,22.4,30.6,0.03,0,23.1,22.9,0,40.3
1.1,29,30.91,0.85,2,23.3,28.4,0.1,0,24.8,24.1,0,40.3
0.2,6,26.46,0.94,1.2,23,30.2,0.03,-1,23.8,23.6,0,40.3
0.3,6,26.69,1.03,1.2,22.7,30,0.04,0,23.3,23.1,0,40.3
0.5,10,27.71,0.89,1.4,22.8,29.5,0.05,-1,24,23.6,0,40.3
-0.2,6,24.43,0.63,1.2,23.7,29.7,0.02,2,23.5,23.6,2,40.3
0.3,7,27.03,0.98,1.4,22,31.6,0.03,0,22.3,22.2,1,40.3
1,25,31.9,1.23,2,21,30.2,0.02,0,21.2,21.2,1,38.2
0.5,11,27.95,0.8,1.7,22.1,30.3,0.04,1,22.4,22.3,0,38.2
-0.4,8,23.99,0.72,1.2,22,28.9,0.03,0,22.6,22.5,1,38.2
0.4,9,27.87,1.14,1.4,21.7,29.7,0.03,-1,22.2,22.1,0,38.2
0.2,6,26.71,1.13,1.2,21.7,29.9,0.04,-1,22.7,22.4,0,38.2
0.6,13,27.78,0.68,1.8,23.1,28.7,0.03,2,23.1,23.1,-1,38.2
0.3,6,26.85,1.11,1.2,22.3,27.9,0.02,0,23,22.8,0,38.2
0,5,25.58,0.91,1.2,22.1,30.8,0.03,-2,23,22.8,1,38.2
0.2,6,26.25,0.77,1.4,22.6,26.9,0.02,0,23.1,23,0,38.2
0.3,7,27.22,1.2,1.2,22.4,26.5,0.06,0,22.6,22.5,0,38.2
0.5,11,28.08,0.96,1.6,22.4,25.5,0.02,0,22.8,22.7,0,38.2
0.9,22,28.41,0.77,1.2,24.9,6.4,0.04,0,54.9,28.7,2,38.2
-2.4,92,12.12,1.04,1.2,29,0.5,0.02,0,11.3,0.5,0,38.2
-0.1,5,25.05,0.78,1.2,23,25.2,0.03,0,23.4,23.3,0,37.2
0.1,5,25.7,0.86,1.2,23.2,25.4,0.04,0,23.4,23.4,1,37.2
-0.1,5,24.96,0.73,1.2,23.6,23.8,0.08,1,23.5,23.6,0,37.2
0.4,9,26.93,0.73,1.5,23.8,23.8,0.03,1,23.9,23.9,1,37.2
0.3,6,25.63,0.5,1.6,23.8,23.3,0.03,1,24.3,24.2,0,37.2
0.2,6,26.09,0.82,1.2,24,22.6,0.04,-1,24.4,24.3,0,37.2
0.6,12,27.97,0.95,1.4,23.4,27.2,0.06,0,23.4,23.4,0,37.2
0.7,15,28.91,0.94,1.6,22.9,24.5,0.05,-1,23.3,23.2,0,37.2
0.3,8,26.49,0.82,1.2,24.6,26.3,0.03,1,24.5,24.6,1,37.2
0.2,5,25.82,0.82,1.2,23.8,25.3,0.03,1,23.8,23.8,0,37.2
-0.1,5,24.92,0.72,1.2,23.1,29.1,0.04,0,23.7,23.5,0,37.2
0.4,9,27.18,1.03,1.2,23.7,27.2,0.04,2,23.8,23.8,-1,37.2
0,5,25.08,0.73,1.2,23,29.1,0.06,-1,23.9,23.6,0,37.2
0.6,12,27.93,0.84,1.5,23,28.1,0.04,0,24.4,24,0,37.2
0.4,8,26.81,0.87,1.2,24.6,25.7,0.03,0,24.6,24.6,0,37.2
0.4,8,27.01,0.94,1.2,24,26.2,0.05,0,24.5,24.3,0,37.2
0.3,7,26.2,0.73,1.2,24.3,25.8,0.05,0,25.4,25,1,37.2
-0.2,6,24.6,0.82,1.3,21.2,35.3,0.05,-1,21,21.1,0,39
0.3,7,26.33,0.75,1.6,22.7,29.1,0.04,0,21.3,21.8,1,39
-0.1,5,24.93,0.87,1.2,22,31.3,0.04,0,22.4,22.2,1,39
0,5,25.44,0.92,1.2,22.4,33.5,0.03,0,22.3,22.3,0,39
0.3,7,26.69,1.03,1.2,22.8,31.3,0.04,0,23.1,23,0,39
0.3,8,26.51,0.66,1.6,22.9,30.6,0.03,0,23.6,23.4,0,39
0.4,8,27.24,1.09,1.2,22.8,30.9,0.03,0,23.5,23.3,1,39
0.1,5,25.6,0.82,1.2,23.2,29.7,0.05,0,23.6,23.4,-1,39
0.7,16,29.08,0.9,1.7,22.7,30.7,0.04,2,23.2,23,2,39
0.4,9,27.4,1.08,1.2,23.6,30.6,0.05,0,23.4,23.5,0,39
0.5,10,27.38,0.72,1.7,22.1,32.8,0.07,0,22.8,22.5,1,39
0.5,11,28.31,1.03,1.6,21.8,32.8,0.04,1,21.9,21.9,0,39
0.7,14,29.27,1.12,1.6,22.3,32,0.04,2,22.4,22.4,0,39
-0.1,5,25.14,0.89,1.2,22.1,32.2,0.03,0,22.4,22.3,0,39
0,5,25.55,0.96,1.2,21.8,30.7,0.03,0,22.5,22.3,0,39.9
0.4,8,27.4,0.93,1.5,22.1,31.3,0.03,0,22.7,22.5,0,39.9
-0.5,10,23.46,0.73,1.2,21.4,31.4,0.02,0,21.8,21.7,0,39.9
0.9,22,30.94,1.06,2,21.4,32.3,0.04,0,21.7,21.6,1,39.9
-0.1,5,25.17,0.81,1.2,22.4,30.8,0.05,1,23.3,23,1,39.9
0.1,5,25.78,0.94,1.2,22.1,31,0.02,0,23,22.8,0,39.9
-0.2,6,24.63,0.86,1.2,21.6,33.5,0.04,0,22.1,21.9,1,39.9
0.1,5,25.96,0.98,1.2,22.2,31.8,0.04,-1,22.7,22.5,0,39.9
0.4,8,27.66,1.02,1.4,21.7,32.5,0.04,-1,22.4,22.2,1,39.9
-0.1,5,25.1,0.82,1.2,23,25,0.07,-1,22.9,23,0,36.5
0.3,6,26.06,0.66,1.6,22.9,25.1,0.04,1,23,23,3,36.5
-0.2,6,24.44,0.73,1.2,23.2,23.2,0.06,0,22.8,23,0,36.5
0.6,12,27.64,0.8,1.6,23.6,23.3,0.03,0,23.7,23.7,0,36.5
0,5,25.28,0.73,1.2,23.7,22.8,0.05,1,24.1,24,0,36.5
0,5,25.32,0.87,1.2,22.6,23.3,0.05,0,23,22.9,-1,36.5
-0.1,5,24.91,0.9,1.2,22,24.8,0.05,-1,22.1,22.1,0,36.5
0.6,14,27.83,0.63,2,22.7,25.3,0.05,0,22.5,22.6,0,36.5
-0.6,13,23.09,0.62,1.2,22.2,23.7,0.02,-1,22.3,22.3,0,36.5
-0.2,6,24.2,0.63,1.2,23.6,25.9,0.04,1,23.3,23.4,1,36.5
0.1,5,26.24,1.08,1.2,22.1,25.5,0.05,1,22.4,22.3,1,36.5
0.2,6,26.34,1.03,1.2,22.6,25.5,0.02,-1,22.9,22.8,0,36.5
-0.1,5,25,0.73,1.2,23.3,25.9,0.03,1,23.7,23.6,0,36.5
0.4,8,27.05,0.91,1.3,23.6,24.2,0.03,0,23.8,23.7,1,36.5
0.4,8,26.63,0.66,1.6,23.5,26,0.04,0,23.7,23.7,1,36.5
0.5,10,27.95,1.25,1.2,22.8,23.8,0.06,0,23.4,23.2,0,36.5
-0.1,5,24.7,0.73,1.2,23.7,23.9,0.03,2,23,23.2,1,34
0.1,5,25.88,1.03,1.2,22.2,25.8,0.06,0,22.2,22.2,1,34
0.2,6,26.78,1.2,1.2,22,24.8,0.03,0,22,22,0,34
0.1,5,25.69,0.95,1.2,22.7,24.5,0.03,0,22.6,22.6,0,34
-0.2,6,24.49,0.74,1.2,22.6,23.7,0.03,0,23.1,23,0,34
0,5,25.13,0.73,1.2,23.5,23.1,0.03,1,24,23.8,1,34
0.3,6,26.54,0.98,1.2,23.3,23.9,0.03,0,23.6,23.5,1,34
0.7,15,28.94,0.99,1.6,22.8,23.4,0.03,0,23.6,23.4,0,34
0.2,6,26.35,1.03,1.2,23.4,22.3,0.04,0,22.6,22.8,0,34
0.2,6,26.46,1.03,1.2,22.8,23.6,0.03,0,23.1,23,0,34
-0.2,6,24.46,0.74,1.4,21.3,27.6,0.02,-1,21.5,21.5,0,34
0,5,25.59,0.94,1.2,22.6,26.2,0.04,0,22.5,22.5,2,34
-0.3,7,24.01,0.65,1.2,23,23.9,0.03,0,23.1,23.1,0,34
0.1,5,25.81,1.02,1.2,22.4,26.5,0.06,0,22,22.2,1,34
0.4,8,27.32,1.15,1.2,22.8,23.9,0.06,-1,23.4,23.2,0,34
0.2,6,26.2,0.93,1.2,23.3,24.1,0.05,0,23.5,23.5,0,34
-0.2,6,24.53,0.87,1.2,21.9,34.7,0.05,0,21.5,21.6,-3,41.6
0.2,6,25.99,0.85,1.3,22.7,32.1,0.05,0,22.6,22.6,1,41.6
0.3,7,26.98,1.09,1.2,22.6,32.4,0.07,0,23,22.8,0,41.6
0,5,25.21,0.78,1.2,22.9,31.8,0.02,0,23.4,23.3,0,41.6
0,5,25.34,0.78,1.2,23,32.7,0.05,0,23.6,23.4,0,41.6
0.6,12,27.8,0.66,2,21.6,26.5,0.02,0,22.2,22,0,45.4
0.5,11,27.82,0.71,2,20.9,28.3,0.05,0,21.4,21.2,1,45.4
-0.3,7,24.09,0.73,1.2,22.1,26.9,0.07,0,22.6,22.4,0,45.4
0.1,5,25.9,1.03,1.2,21.7,27.9,0.03,-1,22.4,22.2,0,45.4
0,5,25.8,1.03,1.2,22,27.4,0.04,0,22.1,22.1,0,45.4
0.9,22,30.01,0.84,2,22.4,26.8,0.03,0,23.1,22.9,0,45.4
-0.2,6,24.75,0.73,1.2,22.3,27.1,0.05,0,23.7,23.3,2,45.4
0.1,5,25.86,0.97,1.2,22,31.6,0.06,-1,22.7,22.5,0,45.4
0.7,14,28.69,0.96,1.6,22.8,28.5,0.03,0,23.7,23.4,0,45.4
0.1,5,25.88,0.81,1.2,23.2,28.9,0.03,1,24.3,24,1,45.4
-0.1,5,25.04,0.73,1.2,22.7,31.1,0.05,0,23.9,23.5,0,45.4
-0.1,5,24.93,0.81,1.2,22.2,32.3,0.04,0,22.9,22.7,0,45.4
-0.2,6,24.43,0.72,1.2,22.8,31.1,0.05,-1,22.9,22.8,1,50.8
-0.5,9,23.75,0.63,1.2,23,33,0.12,0,22.7,22.8,2,50.8
-0.3,7,24.17,0.73,1.2,22.4,34.6,0.03,0,22.4,22.4,0,50.8
-0.2,6,24.5,0.82,1.2,21.9,37.6,0.07,0,22,22,0,50.8
0.3,7,26.59,0.93,1.2,23.1,33.1,0.03,0,23.9,23.7,0,50.8
0.6,13,28.43,0.99,1.4,22.8,33.6,0.05,0,23.7,23.4,0,50.8
-0.2,6,24.66,0.74,1.2,22.7,35,0.09,0,22.9,22.8,0,50.8
0.5,10,27.2,0.66,1.6,23.2,37.4,0.06,0,24.2,23.8,0,50.8
0.5,9,27.27,0.62,1.7,23,37.8,0.11,0,23.1,23,0,50.8
0.5,11,27.76,0.8,1.6,24.1,34,0.09,0,22.8,23.3,0,50.8
0.4,8,26.97,0.71,1.6,22.9,36.6,0.04,-1,23.3,23.1,0,50.8
0.2,6,26.03,0.82,1.2,23.9,33.9,0.04,0,23.7,23.8,0,50.8
0.1,5,25.74,0.82,1.2,23.7,35.3,0.08,0,23.2,23.4,0,50.8
0.3,7,27.01,1.03,1.2,23.1,36.8,0.06,0,23.3,23.2,1,50.8
0.1,5,25.48,0.65,1.2,24.1,35.6,0.07,0,24.6,24.4,0,50.8
0.3,7,26.45,0.81,1.2,23.9,37.2,0.05,0,24.4,24.2,0,50.8
-0.5,10,23.49,0.63,1.2,22.3,35.4,0.04,0,22.5,22.5,0,53.1
0.5,11,27.78,0.8,1.6,22.7,33.4,0.05,0,23.2,23,1,53.1
0.4,8,27.07,1.03,1.2,23.5,33.6,0.03,0,23.3,23.4,0,53.1
-0.1,5,24.71,0.73,1.2,23.1,35.3,0.03,0,22.9,22.9,0,53.1
0,5,25.11,0.69,1.2,23.7,33.7,0.03,0,23.9,23.8,1,53.1
-0.1,5,24.67,0.66,1.2,23.4,34.7,0.07,-2,23.6,23.5,0,53.1
-0.1,5,25.01,0.73,1.2,22.4,38.7,0.03,0,23.8,23.4,0,53.1
0.5,11,27.65,0.75,1.6,23,35.1,0.05,0,23.4,23.3,-1,53.1
0.4,9,27.28,0.97,1.2,23.9,35.3,0.03,1,24.1,24.1,1,53.1
0.7,15,28.47,0.84,1.6,23.6,34.1,0.04,0,24,23.9,1,53.1
0.2,6,26.39,0.92,1.2,23.3,33.7,0.06,0,23.5,23.4,0,53.1
0.5,9,27.15,0.68,1.7,22.9,36.8,0.03,0,22.6,22.7,1,53.1
0.7,15,28.09,0.61,1.8,23.7,33.3,0.05,1,24.3,24.1,0,53.1
0.7,16,28.58,0.67,1.9,22.5,36.2,0.03,1,23.3,23.1,0,53.1
0.5,10,27.49,0.89,1.4,23.2,34.2,0.04,0,23.6,23.5,1,53.1
0.5,11,27.73,0.93,1.4,23.4,27.1,0.03,0,23.2,23.3,0,48.9
0.3,6,26.07,0.71,1.3,24,27.1,0.03,1,24.2,24.1,0,48.9
0.1,5,25.68,0.73,1.2,23.9,28.1,0.03,0,24.5,24.3,0,48.9
0.6,12,27.79,1,1.2,24.6,26.8,0.02,1,24.9,24.9,1,48.9
0.5,10,27.16,0.87,1.2,24.8,26.6,0.03,1,25.1,25,2,48.9
0.5,10,27.29,0.92,1.2,23.9,26.9,0.05,0,25.3,24.8,0,48.9
0.2,6,25.86,0.78,1.2,23.9,27,0.03,0,24.3,24.2,1,48.9
0.5,10,27.04,0.68,1.4,23.7,27.9,0.04,0,25.3,24.8,1,48.9
0.8,18,29.22,0.96,1.6,23.6,27.8,0.06,0,24.3,24.1,0,48.9
0.2,6,25.54,0.63,1.2,24.8,25.9,0.07,1,25.1,25,0,48.9
0.8,17,28.82,1,1.4,24.4,25.7,0.03,0,24.9,24.7,0,48.9
0.1,5,25.26,0.65,1.2,24.3,25,0.04,0,24.7,24.5,0,48.9
0,5,25.01,0.71,1.3,22.9,25.7,0.03,0,22.9,22.9,2,48.9
-0.1,5,24.9,0.73,1.2,23.4,25.8,0.03,0,23.4,23.4,1,48.9
0.4,8,26.85,0.69,1.6,22.8,31.2,0.04,0,23.1,23,0,51.4
0.1,5,25.74,0.86,1.2,22.7,30.5,0.04,0,23.6,23.3,0,51.4
0,5,25.45,0.82,1.2,22.8,30,0.05,0,23.5,23.3,0,51.4
-0.3,7,24.23,0.66,1.2,22.7,29.6,0.04,0,23.4,23.2,0,51.4
0.7,15,28.76,0.96,1.6,23.5,26.7,0.03,1,23.4,23.5,0,51.4
0.4,8,26.55,0.66,1.6,23.6,23.1,0.04,0,23.7,23.7,0,51.4
0.1,5,25.67,0.81,1.2,23.2,24.8,0.04,0,24.1,23.8,0,51.4
0.1,5,25.6,0.85,1.2,23.1,23.8,0.04,0,23.5,23.4,0,51.4
0.5,9,26.55,0.53,1.8,23.4,22.7,0.06,0,23.6,23.5,0,51.4
-0.2,6,24.35,0.65,1.2,23.1,23.2,0.04,0,23.7,23.5,1,51.4
-0.6,13,23.04,0.65,1.2,21.4,33,0.03,0,22.1,21.9,0,54.6
-0.1,5,24.74,0.61,1.4,22.4,33.1,0.03,0,23,22.9,0,54.6
0.1,5,25.65,0.82,1.2,22.8,31.3,0.04,-1,23.8,23.5,1,54.6
0.2,6,26.26,0.87,1.2,22.9,29.8,0.06,0,24.4,23.8,1,54.6
-0.2,6,24.88,0.81,1.2,21.5,34.4,0.04,0,23.2,22.7,0,54.6
-0.3,6,24.32,0.72,1.2,22.5,31.3,0.05,-1,22.8,22.7,1,54.6
-0.1,5,24.87,0.73,1.2,23,27.6,0.03,0,23.5,23.4,0,54.6
0.3,8,26.72,0.74,1.6,22.4,26.2,0.06,-1,23.3,23,0,54.6
0.4,9,26.97,0.75,1.6,23.7,25.1,0.04,0,22.9,23.2,0,54.6
-0.2,6,24.37,0.73,1.2,22.5,31.7,0.03,0,22.8,22.7,0,59.4
0.5,10,26.92,0.67,1.6,23.9,29,0.08,0,23.7,23.8,0,59.4
-0.2,6,24.83,0.67,1.2,23.3,30.6,0.12,0,23.9,23.6,0,59.4
-0.1,5,24.83,0.73,1.2,22.8,30.8,0.04,0,23.5,23.3,0,59.4
0.3,7,26.29,0.49,1.7,23.9,28.7,0.13,0,23.6,23.7,0,59.4
0,5,24.98,0.67,1.2,23.6,27.5,0.04,0,24.2,24,0,59.4
0.1,5,25.45,0.72,1.2,23.4,29.8,0.04,0,24.4,24.1,0,59.4
0.8,19,29.13,0.87,1.6,24.2,29,0.05,0,25,24.7,0,59.4
0,5,25.09,0.6,1.2,24.1,27.3,0.06,0,25,24.7,0,59.4
0.2,6,25.79,0.71,1.3,23.6,29.4,0.06,1,23.7,23.7,0,59.4
-0.1,5,24.61,0.57,1.2,24.3,26.9,0.04,0,24.4,24.4,0,59.4
0.8,17,28.19,0.62,1.8,24.4,26.7,0.06,0,24.2,24.3,0,59.4
0,5,24.83,0.58,1.2,24.7,24.9,0.07,-1,24.5,24.6,0,59.4
0.3,6,26.26,0.82,1.2,24,26.4,0.08,1,24.5,24.3,0,59.4
0.5,10,27.08,0.66,1.6,23.9,29.7,0.04,0,24.1,24.1,0,59.4
-0.2,6,24.65,0.73,1.2,22.8,27.8,0.2,0,24.5,23.6,1,59.4
0.6,12,27.37,0.67,1.4,24.2,27.4,0.08,0,25.8,25.1,1,59.4
-0.3,7,24.21,0.74,1.2,22,47.6,0.03,-1,22.1,22.1,0,57.7
-0.4,9,23.55,0.57,1.2,22.6,47.3,0.03,0,22.9,22.8,0,57.7
0,5,25.53,0.98,1.2,21.3,51.1,0.05,0,21.5,21.5,1,57.7
-0.3,7,24.24,0.63,1.2,21.9,49.1,0.05,0,23.6,23,0,57.7
0.2,6,26.13,0.62,1.6,22.2,48.6,0.02,0,22.8,22.6,0,57.7
-0.4,8,23.84,0.65,1.2,22.1,48.9,0.03,0,22.6,22.5,0,57.7
0.2,6,26.27,0.93,1.2,22.7,47.1,0.03,0,22.8,22.8,0,57.7
0.6,11,28.88,1.06,1.6,21.5,50.9,0.06,0,21.3,21.4,0,57.7
-0.2,6,24.61,0.72,1.2,22.5,47.9,0.02,-1,22.7,22.7,1,57.7
0.1,5,25.59,0.67,1.4,22.1,49.1,0.02,-1,22.4,22.3,0,57.7
0.4,8,26.88,0.7,1.6,22.5,48.4,0.03,0,22.6,22.6,1,57.7
0.4,9,27.57,1.11,1.2,22.7,47.7,0.03,0,22.9,22.8,0,57.7
-0.3,6,24,0.65,1.2,23.4,45.6,0.03,0,22.1,22.5,-1,57.7
0.9,22,29.79,0.62,2.2,22.5,48.7,0.04,0,22.6,22.5,0,57.7
-0.3,7,23.89,0.62,1.2,22.5,48.4,0.04,0,22.9,22.7,1,57.7
0.7,14,28.71,0.82,1.6,23.5,45,0.09,1,23.3,23.4,0,63.3
0.2,6,25.8,0.73,1.2,23.8,44,0.03,0,24,23.9,0,63.3
0.4,8,26.78,0.82,1.2,24.3,42.6,0.06,0,24.3,24.3,0,63.3
1.1,30,30.99,0.87,1.7,24.9,43.3,0.04,0,24.7,24.8,0,63.3
0.8,20,28.87,0.67,1.6,25,43.4,0.04,1,25,25,0,63.3
0,5,25.49,0.86,1.2,22.4,37.2,0.05,0,23,22.8,0,53.7
-0.2,6,24.62,0.73,1.2,22.6,35.1,0.03,0,23.1,22.9,0,53.7
0.3,6,25.96,0.55,1.7,22.6,34.5,0.02,0,22.9,22.8,0,53.7
-0.4,8,23.8,0.62,1.2,22.7,34.2,0.03,0,23,22.9,0,53.7
-0.1,5,24.81,0.72,1.2,22.9,34.7,0.07,0,23.3,23.2,0,53.7
-0.2,6,24.28,0.65,1.2,22.8,35.1,0.02,0,23.4,23.3,0,53.7
0.2,6,25.92,0.59,1.6,22.7,37.7,0.05,0,23.2,23,0,53.7
-0.1,5,24.72,0.64,1.3,22.5,49.3,0.03,0,22.6,22.5,1,61.2
0.2,5,25.71,0.57,1.6,22.4,49.1,0.03,-1,22.7,22.6,1,61.2
0.8,18,29.91,0.84,1.8,21.8,51.4,0.04,0,22.7,22.5,0,61.2
-0.1,5,24.73,0.58,1.2,23.8,45.9,0.04,1,24,23.9,0,61.2
0,5,25.1,0.63,1.2,23.9,46.7,0.05,0,23.8,23.9,0,61.2
0.5,10,27.16,0.57,1.6,24.1,46.7,0.03,1,24.2,24.2,-1,61.2
0.3,7,26.47,0.73,1.2,23.9,46.7,0.06,1,24.9,24.5,0,61.2
0.2,6,25.92,0.65,1.2,24.3,44.9,0.05,0,24.8,24.6,1,61.2
0.5,10,26.86,0.51,1.6,24,46.4,0.04,0,24.7,24.5,3,61.2
0.4,9,26.42,0.46,1.6,24.3,46.4,0.03,-1,24.6,24.5,0,61.2
0,5,25.28,0.83,1.2,22.2,56.1,0.03,0,22.3,22.2,1,62.7
0.1,5,25.79,0.83,1.2,22.5,54.3,0.04,1,23,22.8,0,62.7
0,5,25.13,0.67,1.2,23.1,51.1,0.02,0,23.8,23.6,0,62.7
0,5,25.16,0.63,1.2,23.3,51.5,0.04,-1,24.2,23.9,0,62.7
-0.1,5,24.97,0.63,1.2,23.1,51.1,0.03,0,24,23.7,1,62.7
0,5,25.13,0.62,1.2,23.2,50.9,0.06,1,24.3,23.9,2,62.7
-0.1,5,24.94,0.64,1.2,23,50.2,0.03,0,23.9,23.7,0,62.7
0.2,6,25.87,0.61,1.5,22.6,50.2,0.02,0,23.1,22.9,0,62.7
0.2,6,26.55,0.86,1.2,22.4,52.4,0.05,-1,24.1,23.5,0,62.7
-0.2,6,24.59,0.58,1.2,22.8,52.6,0.03,0,24.2,23.8,0,62.7
-0.3,7,23.95,0.58,1.2,22.8,48.1,0.04,-1,23.3,23.1,0,66.3
-0.3,7,24,0.58,1.2,22.9,47,0.03,0,23.4,23.2,-1,66.3
-0.2,6,24.57,0.68,1.2,22.7,49.7,0.04,0,23,22.9,0,66.3
0.3,7,26.47,0.58,1.6,22.7,48,0.07,0,23.1,23,0,66.3
0.5,10,27.01,0.51,1.8,22.9,47.6,0.04,1,23.2,23.1,0,66.3
0.3,7,26.5,0.59,1.6,22.7,47.6,0.05,0,23.6,23.3,-1,66.3
0.5,11,27.81,0.75,1.6,23.2,47.9,0.04,-2,23.1,23.1,0,66.3
0.3,7,26.64,0.86,1.2,23.5,47.3,0.04,1,23.8,23.7,-1,66.3
0.8,18,28.75,0.58,1.8,23.5,46.9,0.05,0,24.1,23.9,0,66.3
0.5,9,27.28,0.67,1.6,23,48.3,0.03,0,23.5,23.4,1,66.3
0.3,8,26.4,0.55,1.6,23.6,46.2,0.04,0,23.6,23.6,0,66.3
0.3,7,26.65,0.68,1.6,22.2,42,0.02,0,22.5,22.4,0,60.5
-0.5,10,23.47,0.55,1.2,22.7,40.3,0.03,0,23.2,23.1,0,60.5
-0.4,9,23.55,0.57,1.2,22.8,39.4,0.03,0,23,23,1,60.5
-0.1,5,24.55,0.48,1.6,22,40.6,0.03,0,22.9,22.6,0,60.5
0.1,5,24.88,0.32,1.9,22.2,40.6,0.04,0,23.1,22.8,0,60.5
1,27,29.36,0.47,2.4,22.8,37.5,0.03,0,23.3,23.1,0,60.5
-0.2,6,24.45,0.58,1.2,23.1,56,0.07,0,23.6,23.4,1,71.1
-0.2,6,24.39,0.58,1.2,23.1,56.2,0.05,-1,23.5,23.4,0,71.1
0.5,11,27.42,0.56,1.6,24.2,54.2,0.03,1,24.1,24.1,-1,71.1
0.2,6,25.66,0.58,1.2,24.7,52.5,0.04,1,24.6,24.6,0,71.1
0.2,6,25.78,0.51,1.4,24,53.5,0.11,0,23.6,23.8,2,71.1
-0.7,14,22.7,0.47,1.2,22.2,58,0.09,-1,22.9,22.6,0,71.1
0.1,5,25.35,0.58,1.2,23.9,56.7,0.06,1,24.4,24.2,-1,71.1
0.2,6,25.72,0.61,1.3,24,55.2,0.07,0,24,24,0,71.1
0.8,18,28.76,0.51,2,23.5,53.9,0.09,2,23.1,23.3,0,71.1
0.4,8,26.86,0.54,1.6,23.2,54.7,0.09,0,23.5,23.4,0,71.1
0.7,15,28.42,0.56,1.8,23.5,57.8,0.06,1,23.6,23.6,0,71.1
0.9,21,29.61,0.55,2,23.2,60,0.07,0,23.8,23.6,-1,71.1
0.4,9,26.79,0.54,1.4,24.3,58.4,0.05,2,24.2,24.2,0,71.1
0.1,5,25.67,0.68,1.2,23.6,55.3,0.05,-1,23.9,23.8,1,71.1
0.1,5,25.7,0.65,1.2,24,53.8,0.1,0,24.1,24.1,0,71.1
0.4,8,26.78,0.53,1.6,23.5,55.9,0.09,0,23.8,23.7,0,71.1
0.3,7,26.28,0.63,1.2,24.1,56,0.07,0,25.2,24.8,1,71.1
-0.1,5,24.91,0.67,1.2,23.4,50.4,0.05,0,23.2,23.3,1,67.1
0.2,6,25.88,0.73,1.2,23.7,49.9,0.03,0,23.9,23.8,0,67.1
-0.1,5,24.7,0.63,1.2,23,51.6,0.04,0,23.6,23.4,1,67.1
1.2,35,31.88,0.8,2,23.7,49.2,0.05,1,24.5,24.3,1,67.1
0.4,8,26.57,0.73,1.2,24.5,48.5,0.05,1,24.5,24.5,1,67.1
0.6,14,27.91,0.67,1.4,24.4,47.9,0.03,0,25,24.9,0,67.1
0.4,8,26.54,0.68,1.2,24.6,48.4,0.03,0,25.1,25,0,67.1
0.4,8,26.3,0.53,1.6,24.1,45.7,0.05,0,23.4,23.6,0,67.1
0.5,10,27.48,0.95,1.2,24.3,44.6,0.06,0,23.8,24,0,67.1
0.2,6,25.66,0.62,1.2,24.6,43.8,0.05,0,24.6,24.6,0,67.1
0.2,6,25.91,0.69,1.2,24.4,44.1,0.06,0,24.3,24.3,2,67.1
-0.2,6,24.32,0.6,1.2,22.8,46.1,0.04,0,23.7,23.4,0,61.6
0,5,25.07,0.7,1.2,22.9,46.3,0.03,0,23.6,23.4,0,61.6
-0.1,5,24.85,0.73,1.2,22,48.3,0.04,0,23.3,22.9,0,61.6
0.1,5,25.65,0.73,1.2,23.4,45.2,0.03,0,23.9,23.8,0,61.6
0.1,5,25.72,0.73,1.2,23.3,45.2,0.02,0,24.1,23.9,0,61.6
-0.6,11,23.06,0.43,1.2,23.3,46.3,0.04,0,23.6,23.5,1,61.6
-0.1,5,24.73,0.58,1.2,23.7,43,0.03,0,24.2,24.1,-1,61.6
0.1,5,25.41,0.65,1.2,23.9,42.4,0.03,0,24.3,24.2,0,61.6
-0.6,13,22.8,0.57,1.2,22.2,48.9,0.03,0,21.9,22,0,61.3
0.3,7,26.39,0.82,1.2,24,44.1,0.04,1,23.7,23.8,-1,61.3
-0.3,7,24.53,0.6,1.2,23.4,45.5,0.14,0,23.7,23.6,0,61.3
0.3,6,26.66,0.96,1.2,22.7,45.3,0.03,-1,23.2,23.1,0,61.3
-0.4,8,23.84,0.58,1.2,22.7,46,0.03,0,23.3,23.1,0,61.3
0.8,17,29.4,0.93,1.6,23,44.1,0.04,0,24,23.7,0,61.3
0,5,25.19,0.7,1.2,22.7,46.1,0.05,-1,23.9,23.5,0,61.3
0.1,5,25.29,0.61,1.2,24.2,44.1,0.05,0,24.3,24.3,1,61.3
-0.5,10,23.2,0.58,1.2,23,45.3,0.06,0,22.1,22.4,0,61.3
-0.1,5,25,0.73,1.2,23.1,45.1,0.05,1,23,23,0,61.3
0,5,25.01,0.63,1.2,23.5,44.3,0.04,0,24.1,23.9,0,61.3
-0.1,5,24.84,0.65,1.2,23.3,44.1,0.09,-1,23.6,23.5,0,61.3
-0.3,7,24.52,0.72,1.2,22.1,47.5,0.15,0,23.1,22.6,0,61.3
0.1,5,25.64,0.66,1.3,23.3,45.3,0.03,0,23.5,23.5,1,61.3
0.3,7,26.81,0.94,1.2,23.5,43.5,0.03,0,23.2,23.3,-1,61.3
0.4,8,26.98,0.93,1.2,23.3,43.8,0.04,0,23.8,23.7,0,61.3
0,5,25.32,0.64,1.2,23.4,43.9,0.06,0,24.6,24.1,0,61.3
0.2,6,25.95,0.73,1.2,24.3,39.7,0.03,1,24.1,24.2,0,61.3
0.1,5,25.43,0.69,1.2,23.5,40.9,0.04,0,24.2,24,0,61.3
0.5,11,27.17,0.49,1.8,23.1,42,0.03,1,24.6,24.1,1,61.3
-0.2,6,24.37,0.62,1.2,22.8,54.1,0,0,23.3,23.2,0,70.7
-0.1,5,24.83,0.63,1.2,23.2,52.3,0,0,23.7,23.7,0,70.7
0.1,5,25.63,0.73,1.2,23.1,52.8,0,0,23.7,23.7,0,69.66666667
0,5,25.27,0.67,1.2,23.2,52.6,0.01,0,23.8,23.7,1,61.66666667
0.4,8,27.06,0.89,1.2,23,53.4,0.01,0,24.2,24,0,61.66666667
-0.1,5,24.77,0.62,1.2,22.9,53.5,0.01,0,23.9,23.7,1,61.66666667
0.5,9,27.52,0.94,1.2,23.1,52.9,0.01,-1,24.3,24.1,0,61.66666667
0,5,25.36,0.62,1.2,23.2,52.7,0.01,0,24.7,24.4,1,61.66666667
0.3,7,26.86,0.89,1.2,23.1,52.6,0.01,-1,23.8,23.7,0,61.66666667
0,5,24.94,0.6,1.2,23.6,51.7,0.01,0,24,23.9,1,61.66666667
0.3,7,26.86,0.9,1.2,23.3,52,0,0,23.6,23.6,0,69.66666667
0,5,25.29,0.67,1.2,23.5,51.3,0.01,0,23.7,23.7,2,61.73333333
0.1,5,25.76,0.67,1.2,23.5,51.8,0.01,0,24.5,24.3,-1,61.66666667
0.4,8,27.28,1.04,1.2,22.5,55.7,0.01,0,22.8,22.7,0,61.66666667
0.6,13,28.63,0.8,1.6,23.1,54.8,0,0,23.3,23.3,0,63.73333333
0.1,5,25.27,0.56,1.6,22.2,46.1,0.01,0,22.4,22.3,0,61.66666667
0.6,14,28.46,0.82,1.6,23.4,44.3,0.01,0,23.5,23.5,0,61.66666667
0.1,5,25.45,0.73,1.2,23.5,43.2,0,0,23.6,23.6,0,69.66666667
-0.1,5,24.59,0.58,1.2,23.5,43.5,0.01,0,24.1,24,0,61.66666667
0.2,6,26.17,0.77,1.2,23.4,43.1,0.01,0,24.5,24.3,0,61.66666667
0.1,5,25.58,0.73,1.2,23.4,43.7,0.01,1,23.9,23.8,0,62.33333333
0,5,25.11,0.62,1.2,23.9,41.4,0.01,0,24.2,24.2,0,61.66666667
0.1,5,25.25,0.64,1.2,24,41,0,0,24.2,24.2,2,70.7
0.2,6,25.91,0.72,1.2,23.9,41.3,0,0,24.4,24.4,0,69.66666667
0.4,8,26.76,0.81,1.2,24.1,40.7,0.01,0,24.7,24.6,0,61.66666667
0.3,7,26.37,0.73,1.2,24.2,40.2,0.01,0,24.9,24.8,0,61.66666667
0.9,20,29.79,0.86,1.6,24,52.4,0.01,0,24.2,24.2,0,61.66666667
0.7,15,28.41,0.66,1.6,24.2,53.6,0.01,-1,24.4,24.3,0,61.66666667
0.5,11,27.52,0.82,1.2,24.6,53,0,1,24.6,24.6,-1,68.63333333
0.7,16,27.92,0.51,1.6,25.2,51.4,0.01,1,25.3,25.3,2,70.7
0.9,23,29.68,0.75,1.6,24.9,52.1,0.01,1,25,25,-1,56.4
0.6,13,27.58,0.73,1.2,25.3,50.7,0.01,0,25.6,25.6,0,61.66666667
0.6,12,27.33,0.73,1.2,25.6,50.5,0.02,2,24.8,25,-1,62.33333333
-0.1,5,25.03,0.69,1.2,22.7,59.4,0.01,0,23.3,23.2,0,61.66666667
0.5,10,27.17,0.79,1.2,24.5,53.3,0.02,0,24.5,24.5,0,61.66666667
0.3,7,26.49,0.73,1.2,24.2,56.9,0.02,0,24.1,24.1,0,61.66666667
0.5,10,27.32,0.82,1.2,24.4,56.3,0.01,0,24.2,24.3,0,61.66666667
0.3,7,26.17,0.63,1.2,24.5,56.5,0.02,0,24.6,24.6,0,61.66666667
0.2,6,26.02,0.68,1.2,23.9,57.7,0.01,0,24.2,24.1,0,61.66666667
0.3,7,26.79,0.87,1.2,23,58.3,0.02,0,23.6,23.5,0,61.66666667
0.3,7,26.6,0.77,1.2,24,57.8,0.02,0,23.8,23.9,0,61.66666667
0.3,8,26.7,0.77,1.2,24.1,56.5,0,0,24,24,0,69.66666667
0.1,5,25.6,0.53,1.7,22.5,57.9,0.03,0,21.3,21.6,-1,61.66666667
0,5,25.31,0.56,1.6,21.7,61.9,0.01,0,21.9,21.8,0,61.66666667
1.7,60,33.96,0.77,2.8,22.1,59.9,0.01,2,22.5,22.5,-1,63.36666667
0,5,25.19,0.81,1.2,22.1,61,0.01,-1,22.2,22.2,1,66.76666667
-0.1,5,24.7,0.6,1.3,22.8,58.7,0.01,0,22.4,22.5,0,61.66666667
0,5,25,0.63,1.2,23.3,57.4,0,0,23.7,23.6,1,70.7
0.3,7,26.6,0.61,1.6,22.6,61.9,0.04,0,22.2,22.3,-2,61.66666667
0.6,13,28.25,0.6,1.7,23,59.8,0.02,1,23.2,23.1,0,56.4
0,5,25,0.63,1.2,23.3,59.6,0.02,0,23.5,23.5,-2,61.66666667
0.6,13,28.6,0.81,1.5,23.1,60,0.02,0,23.4,23.3,0,61.66666667
0.2,6,26.04,0.63,1.2,24.2,57,0.02,0,24.7,24.6,0,61.66666667
1,26,30.71,0.99,1.4,24.3,56.7,0.02,1,25,24.9,-2,62.33333333
0.7,15,28.11,0.55,1.6,24.5,55.5,0.02,0,25.2,25.1,-1,61.66666667
0.4,9,27.14,0.76,1.2,24,56.8,0.02,0,25,24.8,1,61.66666667
1.6,55,33.61,0.61,2.8,22.6,62.5,0.03,0,22.3,22.4,-2,56.4
0.2,6,25.95,0.64,1.2,24.3,57,0.02,0,24.3,24.3,2,61.66666667
