,PMV,PPD,SET,Clo,Met,Air temperature (¡C),Relative humidity (%),Air velocity (m/s),Age,Thermal sensation,Ta_m (¡C),Operative temperature (¡C),Radiant temperature (¡C),Velocity_m (m/s)
0,-0.1,5.19,25.39,0.65,1.1,23.8,62,0.14,37,0,23.8,24.3,24.9,0.14
1,0.05,5.05,25.28,0.56,1.1,24.3,61.3,0.09,26,1,24.3,24.8,25.4,0.09
2,-0.59,12.37,23.37,0.56,1.1,23.5,62,0.24,26,1,23.5,24.2,25,0.24
3,-0.12,5.29,25.13,0.65,1.1,23.6,61.4,0.12,37,1,23.6,24.1,24.6,0.12
4,0.04,5.03,25.48,0.56,1.1,24.5,58.3,0.11,31,1,24.5,25.1,25.7,0.11
5,0.08,5.13,25.69,0.56,1.1,24.9,57,0.12,39,1,24.9,25.3,25.8,0.12
6,0.09,5.17,25.87,0.69,1.1,24.3,60.6,0.12,27,-1,24.3,24.5,24.7,0.12
7,0.17,5.58,26.42,0.84,1.1,23.9,60,0.15,51,1,23.9,24.2,24.4,0.15
8,0.08,5.14,25.56,0.65,1.1,24.4,59.1,0.1,75,-2,24.4,24.6,24.7,0.1
9,-0.15,5.49,24.54,0.47,1.1,24.6,59.3,0.1,31,1,24.6,24.9,25.2,0.1
10,0.54,11.01,27.79,0.88,1.1,24.6,58.4,0.11,28,0,24.6,25,25.5,0.11
11,0.23,6.11,26.21,0.63,1.1,24.9,58,0.11,24.33333333,0,24.9,25.3,25.7,0.11
12,-0.2,5.87,24.45,0.41,1.1,24.9,57.6,0.11,34,0,24.9,25.3,25.7,0.11
13,-0.1,5.2,25.05,0.61,1.1,23.8,58.4,0.11,24.33333333,0,23.8,24.3,24.9,0.11
14,-0.29,6.73,24.25,0.61,1.1,23,58.9,0.1,37,0,23,23.6,24.2,0.1
15,-0.3,6.83,24.36,0.61,1.1,23.1,58.9,0.11,31,1,23.1,23.7,24.3,0.11
16,0.01,5,25.67,0.61,1.1,24.6,59.6,0.14,30,1,24.6,24.9,25.3,0.14
17,0.24,6.17,26.2,0.61,1.1,25.1,59.2,0.11,26,0,25.1,25.4,25.6,0.11
18,0.3,6.93,26.4,0.65,1.1,24.9,58.3,0.1,38,-1,24.9,25.3,25.8,0.1
19,0.09,5.15,25.83,0.51,1.1,25.3,58.8,0.14,24,1,25.3,25.8,26.3,0.14
20,0.21,5.93,26.3,0.66,1.1,24.7,58.4,0.12,28,1,24.7,25.2,25.7,0.12
21,-0.18,5.67,24.92,0.55,1.1,24.3,59.9,0.13,36,2,24.3,24.7,25.1,0.13
22,0.25,6.28,26.77,0.84,1.1,24,60.2,0.15,53,0,24,24.5,25,0.15
23,-0.11,5.25,24.93,0.56,1.1,24.2,59.8,0.11,29,0,24.2,24.6,25,0.11
24,-0.15,5.46,25.06,0.56,1.1,24.2,59.4,0.13,35,0,24.2,24.7,25.2,0.13
25,-0.07,5.09,25.51,0.65,1.1,23.8,59.7,0.14,52,-1,23.8,24.5,25.2,0.14
26,-0.55,11.32,23.61,0.34,1.1,24.8,63.8,0.15,34,0,24.8,25.2,25.6,0.15
27,0.31,7.06,26.51,0.56,1.1,25.8,64.8,0.17,32,1,25.8,26.2,26.7,0.17
28,0.32,7.09,26.74,0.65,1.1,24.9,63.6,0.12,29,1,24.9,25.4,26,0.12
29,0.13,5.33,26.07,0.63,1.1,24.7,61.9,0.13,24,1,24.7,25,25.4,0.13
30,-0.15,5.49,25.01,0.64,1.1,23.9,61.2,0.17,28,0,23.9,24.5,25,0.17
31,-0.29,6.75,24.53,0.65,1.1,23.5,61,0.17,28,0,23.5,24,24.5,0.17
32,-0.67,14.57,23.12,0.56,1.1,23.3,61.6,0.21,26,0,23.3,23.7,24.2,0.21
33,-0.29,6.7,24.32,0.56,1.1,23.6,62.4,0.11,54,-1,23.6,24,24.4,0.11
34,-0.28,6.62,24.6,0.55,1.1,24.1,61.7,0.15,24,1,24.1,24.5,25,0.15
35,-0.33,7.31,24.3,0.55,1.1,23.7,57,0.12,29,-1,23.7,24.2,24.7,0.12
36,-0.98,25.36,22.35,0.34,1.1,23.6,57.1,0.13,23,1,23.6,24,24.4,0.13
37,-0.98,25.48,22.32,0.34,1.1,23.7,56.6,0.13,27,-1,23.7,24,24.2,0.13
38,-0.87,20.93,22.74,0.46,1.1,23.1,57.1,0.15,25,0,23.1,23.6,24.1,0.15
39,-0.5,10.23,23.58,0.56,1.1,23.1,56.9,0.11,27,0,23.1,23.4,23.7,0.11
40,-0.85,20.24,22.55,0.46,1.1,23,57.1,0.12,23,0,23,23.3,23.5,0.12
41,-0.53,10.79,23.5,0.63,1.1,22.5,57.1,0.11,25,0,22.5,22.8,23.1,0.11
42,-0.75,16.72,23.05,0.65,1.1,22,57.9,0.15,31,0,22,22.4,22.9,0.15
43,-1.42,46.81,21.08,0.41,1.1,21.6,58.2,0.13,38,0,21.6,22.1,22.7,0.13
44,-0.69,15.05,22.76,0.57,1.1,22.3,58,0.1,21,0,22.3,22.6,22.9,0.1
45,-0.45,9.23,24.05,0.68,1.1,22.6,57.8,0.13,21,0,22.6,23,23.4,0.13
46,-0.58,11.99,23.5,0.65,1.1,22.2,56.8,0.12,31,0,22.2,22.7,23.2,0.12
47,-0.8,18.59,22.89,0.65,1.1,21.8,56.7,0.16,46,-2,21.8,22.4,23,0.16
48,-1.1,30.73,21.98,0.56,1.1,21.5,57.5,0.15,28,-1,21.5,22,22.6,0.15
49,-1.65,59.17,20.52,0.34,1.1,21.7,57.1,0.13,26,0,21.7,22.2,22.8,0.13
50,-0.86,20.64,22.42,0.56,1.1,21.7,57.7,0.11,29,0,21.7,22.3,22.9,0.11
51,0.06,5.07,25.91,0.96,1.1,22.3,56.9,0.1,29,-2,22.3,22.7,23.2,0.1
52,-0.37,7.8,24.19,0.46,1.1,24.5,37.7,0.12,44,1,24.5,25.1,25.7,0.12
53,-0.04,5.03,25.2,0.59,1.1,24.5,36.6,0.11,30,0,24.5,25.2,25.9,0.11
54,-0.12,5.31,24.88,0.55,1.1,24.6,36.5,0.11,26,0,24.6,25.2,25.8,0.11
55,-0.19,5.72,24.67,0.56,1.1,24.5,36.5,0.11,24,0,24.5,24.9,25.3,0.11
56,-0.78,17.9,23.01,0.57,1.1,23.3,37.3,0.21,27,-1,23.3,23.9,24.5,0.21
57,-0.86,20.45,22.94,0.56,1.1,22.6,37.8,0.15,22,-1,22.6,23.2,23.8,0.15
58,-0.42,8.73,24.04,0.67,1.1,22.8,37.6,0.11,25,0,22.8,23.4,24,0.11
59,-0.63,13.46,23.62,0.56,1.1,23.2,37,0.15,24.33333333,0,23.2,23.9,24.6,0.15
60,-0.38,8,23.99,0.56,1.1,23.6,36.6,0.1,26,1,23.6,24.1,24.7,0.1
61,-0.56,11.48,23.75,0.56,1.1,23.6,36.3,0.13,27,0,23.6,23.9,24.3,0.13
62,-0.72,16.04,23.14,0.46,1.1,23.7,35.6,0.12,28,0,23.7,24.1,24.5,0.12
63,-0.47,9.68,23.84,0.56,1.1,23.4,35.4,0.11,25,1,23.4,24,24.6,0.11
64,-0.28,6.67,24.49,0.65,1.1,23.4,35.2,0.11,22,0,23.4,24,24.7,0.11
65,-0.57,11.71,23.83,0.56,1.1,23.5,35.1,0.14,28,0,23.5,24,24.6,0.14
66,-0.78,17.93,23.01,0.47,1.1,23.3,35.3,0.12,30,-1,23.3,23.8,24.4,0.12
67,-1.17,33.56,22.11,0.43,1.1,22.8,35.3,0.15,35,-1,22.8,23.5,24.1,0.15
68,-0.85,20.27,22.8,0.55,1.1,22.5,35.5,0.12,36,1,22.5,23,23.6,0.12
69,-0.73,16.29,23.15,0.56,1.1,22.8,35.3,0.12,24,0,22.8,23.3,23.8,0.12
70,-1.17,33.98,21.68,0.38,1.1,22.8,35.4,0.11,38,0,22.8,23.2,23.7,0.11
71,-0.1,5.22,25.66,1.14,1.1,21,47,0.12,26,-1,21,21.4,21.9,0.12
72,-1.01,26.35,22.1,0.56,1.1,21.4,44.5,0.11,28,-1,21.4,22.1,22.8,0.11
73,0.08,5.13,26.28,1.14,1.1,21.3,44,0.1,27,-2,21.3,22.2,23,0.1
74,0.03,5.01,26.06,1.14,1.1,21.1,44.3,0.1,26,-1,21.1,21.9,22.7,0.1
75,-1.51,51.43,20.78,0.45,1.1,20.9,45.1,0.12,29,-1,20.9,21.7,22.4,0.12
76,-0.79,18.16,23,0.8,1.1,20.9,45.7,0.15,29,-2,20.9,21.4,21.9,0.15
77,-1.18,34.5,21.68,0.72,1.1,20,47.1,0.14,28,-1,20,20.5,21,0.14
78,-0.66,14.07,23.22,0.99,1.1,19.5,48.5,0.11,27,0,19.5,20,20.5,0.11
79,-0.18,5.67,24.67,0.51,1.1,24.6,39.8,0.11,26,1,24.6,25.1,25.7,0.11
80,0.22,6.02,25.98,0.85,1.1,25.1,38.1,0.25,27,0,25.1,25.4,25.7,0.25
81,-0.63,13.34,23.29,0.43,1.1,25.1,37.6,0.19,22,-1,25.1,25.2,25.2,0.19
82,-0.66,14.16,23.11,0.51,1.1,24.8,37.6,0.25,27,-1,24.8,24.8,24.8,0.25
83,-1.49,50.24,20.78,0.34,1.1,22.2,38.4,0.1,26,0,22.2,22.7,23.2,0.1
84,-0.69,15.15,23.11,0.56,1.1,22.8,37.4,0.11,34,-1,22.8,23.2,23.7,0.11
85,-0.63,13.45,23.3,0.56,1.1,23,37.1,0.11,29,0,23,23.4,23.9,0.11
86,-1.29,39.72,21.76,0.43,1.1,22.3,36.9,0.14,35,0,22.3,23,23.6,0.14
87,-0.81,18.89,22.76,0.65,1.1,21.6,37.4,0.11,38,-1,21.6,22.2,22.8,0.11
88,-1.16,33.53,21.83,0.51,1.1,21.7,37.3,0.12,35,0,21.7,22.3,22.9,0.12
89,-0.77,17.62,22.89,0.6,1.1,22.2,36.6,0.11,24,-1,22.2,22.7,23.3,0.11
90,-1.14,32.2,22.09,0.46,1.1,22.4,36.3,0.13,31,1,22.4,23,23.6,0.13
91,-0.7,15.2,23.27,0.65,1.1,22.2,36.1,0.12,28,0,22.2,22.7,23.3,0.12
92,-0.92,22.85,22.68,0.55,1.1,22.5,35.9,0.13,24,-1,22.5,22.9,23.4,0.13
93,-0.68,14.7,23.23,0.67,1.1,21.9,36,0.11,29,0,21.9,22.5,23.2,0.11
94,-1.01,26.54,22.28,0.56,1.1,21.9,35.8,0.12,33,0,21.9,22.4,23,0.12
95,-0.4,8.27,24.19,0.8,1.1,22.2,35.6,0.11,29,-1,22.2,22.6,23.1,0.11
96,-1.34,42.53,21.53,0.46,1.1,21.6,35.9,0.13,26,-1,21.6,22.4,23.2,0.13
97,-2.87,98.35,17.76,0.27,1.1,21.6,35.7,0.31,39,0,21.6,22.4,23.2,0.31
98,-1.11,30.96,22.13,0.55,1.1,22.2,35.7,0.16,28,0,22.2,22.7,23.2,0.16
99,-1.4,45.71,21.16,0.56,1.1,21.4,36,0.18,33,0,21.4,21.8,22.3,0.18
100,-0.97,24.68,22.48,0.63,1.1,21.7,35.4,0.13,26,-2,21.7,22.1,22.5,0.13
101,-0.78,17.83,23.11,0.65,1.1,22.1,35.4,0.13,24.33333333,0,22.1,22.6,23.1,0.13
102,-0.66,14.22,23.26,0.64,1.1,22.3,34.8,0.11,31,-1,22.3,22.8,23.3,0.11
103,-0.57,11.88,23.45,0.63,1.1,22.7,73.8,0.16,34,0,22.7,22.8,22.9,0.16
104,-1.02,26.77,22.02,0.55,1.1,22.1,75.3,0.19,24,-2,22.1,22.5,22.9,0.19
105,-0.06,5.06,25.04,0.55,1.1,24.1,73.7,0.1,22,1,24.1,24.4,24.7,0.1
106,-0.35,7.56,24.34,0.46,1.1,24.3,71.1,0.15,31,1,24.3,24.7,25.2,0.15
107,-0.17,5.61,24.65,0.46,1.1,24.5,70.4,0.11,40,2,24.5,24.8,25.1,0.11
108,-0.1,5.21,24.79,0.46,1.1,24.4,69.7,0.1,49,1,24.4,24.9,25.5,0.1
109,0.1,5.2,26.2,0.75,1.1,23.7,70.3,0.13,30,-1,23.7,24,24.4,0.13
110,-1.05,28.49,22.11,0.46,1.1,22.3,68.7,0.14,27,0,22.3,22.7,23.2,0.14
111,-1.18,34.21,21.34,0.43,1.1,21.9,69.3,0.11,25,0,21.9,22.2,22.5,0.11
112,-0.17,5.62,25.22,0.87,1.1,22,66.5,0.13,32,-1,22,22.4,22.9,0.13
113,-1,25.96,22.2,0.31,1.1,23.6,72.6,0.13,25,0,23.6,23.9,24.3,0.13
114,-0.4,8.29,24.24,0.45,1.1,24.1,72.1,0.14,26,-1,24.1,24.5,25,0.14
115,-0.47,9.62,23.44,0.45,1.1,23.4,70.7,0.1,32,0,23.4,23.9,24.4,0.1
116,-0.53,10.98,23.66,0.46,1.1,23.6,73.2,0.13,30,0,23.6,24,24.4,0.13
117,-0.23,6.09,24.67,0.56,1.1,23.7,73.2,0.12,27,1,23.7,24,24.4,0.12
118,-0.64,13.7,23.01,0.46,1.1,23,70.6,0.11,27,0,23,23.5,24,0.11
119,-0.69,15.02,23.07,0.65,1.1,22.2,70.4,0.16,29,0,22.2,22.4,22.6,0.16
120,-0.12,5.29,25.1,0.78,1.1,22.7,69.3,0.11,37,-1,22.7,23,23.2,0.11
121,-0.51,10.34,23.64,0.56,1.1,23,68.6,0.12,25,-1,23,23.3,23.7,0.12
122,-0.83,19.71,22.66,0.45,1.1,22.9,68.3,0.13,31,0,22.9,23.3,23.7,0.13
123,-0.11,5.27,24.96,0.55,1.1,24,64.1,0.11,28,0,24,24.6,25.2,0.11
124,-0.34,7.4,24.36,0.55,1.1,23.7,70.1,0.13,25,0,23.7,24,24.2,0.13
125,-1.3,40.38,21.47,0.29,1.1,23.2,70.3,0.14,32,-1,23.2,23.4,23.6,0.14
126,-0.67,14.47,23,0.46,1.1,23.3,70.4,0.12,30,1,23.3,23.5,23.7,0.12
127,-0.46,9.36,23.6,0.41,1.1,24,69.7,0.11,28,1,24,24.3,24.6,0.11
128,-0.5,10.28,23.71,0.52,1.1,23.8,70.2,0.16,22,0,23.8,23.9,24,0.16
129,0.06,5.08,25.43,0.55,1.1,24.7,69.5,0.1,29,1,24.7,24.9,25,0.1
130,-0.04,5.04,25.18,0.56,1.1,24.4,68.9,0.11,31,2,24.4,24.6,24.7,0.11
131,-0.13,5.38,25.15,0.56,1.1,24.4,69.3,0.14,25,2,24.4,24.6,24.7,0.14
132,-0.03,5.02,25.45,0.78,1.1,23.1,70.8,0.11,26,-2,23.1,23.2,23.3,0.11
133,-1.16,33.34,21.4,0.41,1.1,21.9,71.7,0.11,33,0,21.9,22.3,22.8,0.11
134,-0.66,14.22,22.99,0.63,1.1,21.6,66.9,0.11,29,-1,21.6,22.2,22.8,0.11
135,-0.72,15.81,23.04,0.67,1.1,21.5,67.7,0.13,23,-1,21.5,22,22.5,0.13
136,-0.96,24.56,21.9,0.56,1.1,21.5,69.4,0.11,28,-1,21.5,21.7,21.9,0.11
137,-0.54,11.17,23.29,0.65,1.1,22.2,72.6,0.11,41,-1,22.2,22.3,22.4,0.11
138,-0.35,7.6,24.34,0.65,1.1,22.9,72.1,0.13,24,0,22.9,23.2,23.4,0.13
139,-0.42,8.65,23.81,0.59,1.1,22.9,71.6,0.11,31,1,22.9,23.2,23.4,0.11
140,-0.57,11.86,23.46,0.56,1.1,23,71.4,0.13,31,0,23,23.1,23.2,0.13
141,-1.04,27.83,21.82,0.51,1.1,21.7,72.8,0.12,65,-1,21.7,22,22.2,0.12
142,-0.48,9.74,23.57,0.55,1.1,23,73.3,0.11,30,0,23,23.3,23.5,0.11
143,-0.94,23.5,22.26,0.56,1.1,22.1,72.3,0.15,31,0,22.1,22.2,22.3,0.15
144,0.11,5.26,25.77,0.65,1.1,24.1,69.4,0.1,32,1,24.1,24.4,24.7,0.1
145,-0.48,9.77,23.97,0.55,1.1,23.4,65.1,0.14,33,1,23.4,23.8,24.2,0.14
146,-0.16,5.53,24.87,0.67,1.1,23.2,65.5,0.11,33,0,23.2,23.6,24.1,0.11
147,-0.56,11.66,23.49,0.51,1.1,23,66.3,0.12,32,-2,23,23.5,24.1,0.12
148,-0.52,10.67,23.77,0.51,1.1,23.3,65.8,0.13,31,0,23.3,23.8,24.3,0.13
149,-0.3,6.82,24.27,0.55,1.1,23.6,66.2,0.11,30,0,23.6,24,24.4,0.11
150,-0.45,9.17,24,0.51,1.1,23.6,66.4,0.13,29,0,23.6,24,24.4,0.13
151,-0.31,7.313333333,24.30333333,0.596666667,1.1,23.8,67.6,0.12,36,1,23.8,24.1,24.5,0.12
152,-0.55,11.34,23.57,0.47,1.1,23.8,66.7,0.13,26,1,23.8,24,24.1,0.13
153,-0.62,13.18,23.22,0.51,1.1,23,67.1,0.12,28,0,23,23.3,23.7,0.12
154,-0.32,7.11,24.41,0.55,1.1,23.9,68.1,0.13,30,-1,23.9,24.1,24.2,0.13
155,-0.36,7.7,24.17,0.55,1.1,24.1,68.5,0.18,29,-1,24.1,24.4,24.7,0.18
156,-0.2,5.79,24.64,0.56,1.1,23.8,68.3,0.11,24,0,23.8,24.1,24.4,0.11
157,-0.4,8.41,24.01,0.56,1.1,23.3,67,0.12,31,0,23.3,23.6,24,0.12
158,-0.66,14.18,23.14,0.55,1.1,22.6,64.2,0.12,28,-1,22.6,23,23.5,0.12
159,-0.92,22.91,22.33,0.45,1.1,22.5,64.7,0.12,29,-1,22.5,23,23.5,0.12
160,-0.73,16.2,23.12,0.56,1.1,22.5,63.8,0.14,29,0,22.5,22.9,23.4,0.14
161,-0.93,23.36,22.13,0.46,1.1,22.4,63.6,0.11,27,-1,22.4,22.8,23.2,0.11
162,-1.26,38.07,21.49,0.4,1.1,22.2,64.1,0.13,25,0,22.2,22.6,23,0.13
163,-0.86,20.61,22.48,0.56,1.1,21.8,64.7,0.12,24,-1,21.8,22.3,22.8,0.12
164,-0.81,18.69,22.68,0.51,1.1,22.3,65.1,0.12,38,0,22.3,22.8,23.4,0.12
165,-0.45,9.29,23.73,0.56,1.1,23,63.8,0.11,40,0,23,23.4,23.9,0.11
166,-0.5,10.2,23.41,0.63,1.1,22.2,63.4,0.09,30,-1,22.2,22.6,23.1,0.09
167,-0.59,12.34,23.21,0.63,1.1,22.2,63.4,0.11,30,0,22.2,22.5,22.7,0.11
168,-0.7,15.17,22.95,0.65,1.1,21.9,64.2,0.12,25,-1,21.9,22.1,22.3,0.12
169,-0.55,11.4,23.54,0.56,1.1,22.8,62.1,0.12,37,0,22.8,23.3,23.8,0.12
170,-0.78,17.84,22.96,0.56,1.1,22.3,63.7,0.14,25,-1,22.3,22.8,23.3,0.14
171,-1.02,27.02,22.19,0.51,1.1,22.2,64.2,0.16,20,2,22.2,22.7,23.2,0.16
172,-0.73,16.13,23.03,0.57,1.1,22.4,64,0.13,21,-1,22.4,22.8,23.2,0.13
173,-0.98,25.38,22.12,0.44,1.1,22.6,64.1,0.12,55,0,22.6,22.9,23.3,0.12
174,-0.57,11.75,23.59,0.63,1.1,22.7,63.7,0.15,29,0,22.7,23,23.2,0.15
175,-1.06,28.68,22.02,0.45,1.1,22.4,63.8,0.13,36,0,22.4,22.7,23.1,0.13
176,-0.5,10.26,23.83,0.55,1.1,23.2,64,0.13,28,0,23.2,23.6,24.1,0.13
177,-0.34,7.45,24.14,0.56,1.1,23.3,63.5,0.11,26,2,23.3,23.8,24.3,0.11
178,-0.23,6.1,24.39,0.55,1.1,23.6,62.9,0.1,25,1,23.6,24.1,24.7,0.1
179,-0.13,5.32,25.12,0.65,1.1,23.5,62.7,0.12,19,-1,23.5,24,24.6,0.12
180,-0.39,8.17,24.21,0.56,1.1,23.5,62.4,0.13,27,0,23.5,23.9,24.3,0.13
181,-0.45,9.26,24.06,0.56,1.1,23.4,63,0.14,36,1,23.4,23.8,24.2,0.14
182,-0.54,11.17,23.52,0.56,1.1,23,63.4,0.12,31,0,23,23.3,23.5,0.12
183,-0.86,20.76,22.6,0.45,1.1,23,63.2,0.13,35,-1,23,23.3,23.7,0.13
184,-0.95,24.05,22.37,0.52,1.1,22.4,64.5,0.16,22,0,22.4,22.8,23.2,0.16
185,-0.88,21.34,22.35,0.55,1.1,22.1,65.6,0.12,28,0,22.1,22.3,22.5,0.12
186,-1.08,29.39,21.94,0.49,1.1,22,65.9,0.13,23,0,22,22.3,22.7,0.13
187,-0.4,8.29,24.09,0.7,1.1,22.4,65.3,0.12,26,-1,22.4,22.7,23.1,0.12
188,-0.7,15.38,23.27,0.55,1.1,22.6,62.2,0.14,32,-1,22.6,23.2,23.8,0.14
189,-0.5,10.18,23.76,0.65,1.1,22.3,62.1,0.12,26,0,22.3,22.8,23.4,0.12
190,-0.33,7.3,24.14,0.59,1.1,23.3,65.5,0.11,24,0,23.3,23.6,23.8,0.11
191,-0.66,14.27,23.14,0.47,1.1,23.1,65.1,0.12,29,0,23.1,23.6,24.1,0.12
192,-0.29,6.79,24.5,0.66,1.1,22.9,65.3,0.12,26,0,22.9,23.4,23.9,0.12
193,0.11,5.27,26.16,0.79,1.1,23.5,65.2,0.12,29,0,23.5,23.9,24.4,0.12
194,-0.84,19.91,22.52,0.46,1.1,22.9,63.6,0.12,25,-1,22.9,23.2,23.4,0.12
195,-0.36,9.61,23.92333333,0.45,1.1,23.93333333,62.5,0.113333333,26,0,23.93333333,24.23333333,24.6,0.113333333
196,-0.81,18.92,22.36,0.55,1.1,21.7,70.3,0.09,30,-1,21.7,22.2,22.8,0.09
197,-1.15,32.71,21.65,0.52,1.1,21.4,71.5,0.13,36,-1,21.4,21.7,22.1,0.13
198,-1.55,53.53,20.6,0.43,1.1,21.4,71.7,0.14,25,0,21.4,21.6,21.7,0.14
199,-0.89,21.67,22.37,0.46,1.1,22.5,69.7,0.12,25,-1,22.5,22.9,23.4,0.12
200,-0.79,18.26,22.93,0.43,1.1,23.2,67.8,0.14,26,2,23.2,23.7,24.3,0.14
201,-0.8,18.59,22.67,0.56,1.1,22.9,68.1,0.21,25,0,22.9,23.3,23.7,0.21
202,-0.773333333,17.98333333,22.80333333,0.496666667,1.1,22.7,68.6,0.13,21,-2,22.7,22.9,23.1,0.13
203,-0.36,7.74,24.03,0.63,1.1,22.9,67.8,0.11,30,0,22.9,23.1,23.3,0.11
204,-0.6,12.54,22.99,0.45,1.1,23.2,67.5,0.1,25,1,23.2,23.6,24,0.1
205,-0.28,6.6,24.4,0.59,1.1,23.2,66.7,0.11,30,-1,23.2,23.7,24.3,0.11
206,-0.7,15.27,22.99,0.46,1.1,23.1,66.6,0.12,31,2,23.1,23.5,24,0.12
207,-0.93,23.45,22.45,0.65,1.1,20.9,65.6,0.14,33,-2,20.9,21.6,22.3,0.14
208,-0.37,7.9,24.47,0.96,1.1,20.8,66,0.17,45,-2,20.8,21.5,22.2,0.17
209,-0.94,23.74,21.82,0.57,1.1,21.4,72.9,0.1,56,0,21.4,21.6,21.7,0.1
210,-0.3,6.9,24.4,0.8,1.1,21.9,65.1,0.11,32,-1,21.9,22.3,22.7,0.11
211,-0.69,15.02,22.88,0.48,1.1,22.7,68.3,0.11,25,0,22.7,23.2,23.8,0.11
212,-0.79,18.16,22.57,0.56,1.1,22.2,70.1,0.12,27,-1,22.2,22.4,22.5,0.12
213,-0.61,12.87,23.14,0.65,1.1,21.8,66.8,0.11,22,-2,21.8,22.2,22.7,0.11
214,-0.75,16.75,22.9,0.56,1.1,22.4,67.8,0.13,29,0,22.4,22.7,22.9,0.13
215,-0.66,14.26,22.88,0.55,1.1,22.7,67.2,0.11,22,-1,22.7,22.8,22.9,0.11
216,-0.34,7.41,24.16,0.72,1.1,22.2,73.2,0.11,22,-1,22.2,22.5,22.7,0.11
217,-0.63,13.4,22.98,0.55,1.1,22.6,72,0.11,24,0,22.6,22.8,23,0.11
218,-0.37,7.85,24.01,0.71,1.1,22.3,71.9,0.11,26,0,22.3,22.5,22.6,0.11
219,-0.18,5.68,24.84,0.81,1.1,22.4,71.9,0.11,21,-1,22.4,22.5,22.5,0.11
220,-0.87,20.96,22.11,0.46,1.1,22.4,73.4,0.1,29.66666667,2,22.4,22.7,22.9,0.1
221,0.19,5.73,26.46,0.88,1.1,23,79.3,0.1,23,0,23,23.1,23.1,0.1
222,-0.65,13.97,23.14,0.55,1.1,22.8,75.5,0.13,24.33333333,0,22.8,22.9,23,0.13
223,-0.33,7.3,24.26,0.63,1.1,23,75,0.12,23,-1,23,23.2,23.3,0.12
224,-0.37,7.91,23.79,0.56,1.1,23.1,74.2,0.1,31,-1,23.1,23.3,23.5,0.1
225,-0.32,7.18,24.39,0.63,1.1,23.3,74,0.18,34,0,23.3,23.8,24.3,0.18
226,-0.55,11.24,23.25,0.43,1.1,23.7,73.5,0.11,21,-1,23.7,23.9,24.1,0.11
227,-0.87,21.13,22.48,0.38,1.1,23.5,69.8,0.13,23,-2,23.5,23.7,23.8,0.13
228,-0.59,12.21,23.28,0.55,1.1,23,70,0.12,22,-2,23,23.1,23.2,0.12
229,-0.36,7.69,24.04,0.63,1.1,22.9,68.3,0.11,25,0,22.9,23.1,23.3,0.11
230,-0.54,11.11,23.21,0.56,1.1,22.6,68.5,0.1,28,-1,22.6,22.9,23.2,0.1
231,-0.66,14.02,23.17,0.65,1.1,22,71.2,0.13,41,-1,22,22.2,22.4,0.13
232,-0.34,7.39,24,0.75,1.1,22.1,71.3,0.1,28,0,22.1,22.2,22.2,0.1
233,-0.95,23.98,21.94,0.46,1.1,22.5,71.6,0.11,23,1,22.5,22.6,22.6,0.11
234,-0.91,22.37,22.13,0.46,1.1,22.6,67.4,0.11,32,0,22.6,22.8,22.9,0.11
235,-0.91,22.34,22.51,0.56,1.1,22.3,59.7,0.16,26,-1,22.3,22.7,23.1,0.16
236,-1,26.3,22.28,0.56,1.1,21.8,61.4,0.18,22,0,21.8,22.6,23.5,0.18
237,-1.34,42.49,21.4,0.45,1.1,21.5,60.4,0.14,31,0,21.5,22.2,22.8,0.14
238,-0.73,16.29,23.07,0.65,1.1,21.7,59.7,0.13,37,0,21.7,22.2,22.8,0.13
239,-0.84,19.83,22.67,0.56,1.1,22.3,58.8,0.13,26,-1,22.3,22.6,22.8,0.13
240,-0.62,12.94,23.4,0.56,1.1,23.1,57.9,0.13,31,1,23.1,23.3,23.4,0.13
241,-0.49,10.06,23.62,0.56,1.1,23,58.1,0.11,32,0,23,23.4,23.9,0.11
242,-0.35,7.51,24.45,0.8,1.1,22.3,59.4,0.16,23,-1,22.3,22.7,23.2,0.16
243,-1.12,31.23,21.92,0.56,1.1,21.4,60,0.14,28,-1,21.4,21.8,22.3,0.14
244,-1.02,26.97,21.85,0.56,1.1,21.3,60.1,0.11,29,-1,21.3,21.7,22.2,0.11
245,-1.09,29.97,21.78,0.56,1.1,21.3,58.9,0.12,31,-1,21.3,21.7,22.1,0.12
246,-1.15,32.9,21.66,0.59,1.1,21.1,58.6,0.13,25,-1,21.1,21.4,21.6,0.13
247,-1.34,42.25,21.29,0.55,1.1,20.8,58.6,0.14,21,-1,20.8,21.3,21.9,0.14
248,-0.88,21.46,22.64,0.56,1.1,22.2,57.8,0.14,30,-1,22.2,22.6,23,0.14
249,-1.04,27.69,21.81,0.41,1.1,22.5,56.9,0.1,23,0,22.5,22.9,23.3,0.1
250,-0.57,11.79,23.34,0.56,1.1,22.9,56.1,0.11,41,0,22.9,23.2,23.5,0.11
251,-0.61,12.89,23.34,0.56,1.1,22.9,55.4,0.12,23,0,22.9,23.2,23.6,0.12
252,-0.91,22.67,22.23,0.46,1.1,22.7,55.9,0.11,26,-1,22.7,23,23.2,0.11
253,-0.55,11.25,23.44,0.59,1.1,22.8,54.9,0.11,26,-1,22.8,23.1,23.4,0.11
254,-0.74,16.41,23.11,0.56,1.1,22.8,55,0.14,33,-1,22.8,23.1,23.3,0.14
255,-0.8,18.51,22.57,0.52,1.1,22.6,55,0.11,26,0,22.6,22.8,23,0.11
256,-0.89,21.57,22.65,0.56,1.1,22.3,54.7,0.14,35,-1,22.3,22.6,23,0.14
257,-0.27,6.49,24.65,0.81,1.1,22.3,59,0.12,22,-1,22.3,22.6,22.8,0.12
258,-0.75,16.98,22.95,0.56,1.1,22.4,61.9,0.13,23,1,22.4,22.8,23.2,0.13
259,-0.92,22.74,22.4,0.56,1.1,22,61.8,0.13,24,0,22,22.3,22.5,0.13
260,-0.12,5.32,25.46,0.97,1.1,22,61.2,0.15,30,-2,22,22.3,22.5,0.15
261,-1.02,27.07,22.04,0.63,1.1,21.7,60,0.2,33,-2,21.7,22.1,22.5,0.2
262,-0.63,13.24,23.28,0.63,1.1,22.2,59.1,0.12,28,-1,22.2,22.6,23,0.12
263,-0.58,11.95,23.1,0.55,1.1,22.9,58.1,0.09,24,-2,22.9,23.1,23.3,0.09
264,-1.21,35.55,21.59,0.56,1.1,21.3,60.8,0.14,25,-2,21.3,21.6,21.8,0.14
265,-1.42,46.5,20.83,0.56,1.1,20.5,61.9,0.13,29,-2,20.5,20.8,21,0.13
266,-1.18,34.22,21.24,0.56,1.1,20.8,62,0.1,27,0,20.8,21.1,21.4,0.1
267,-0.7,15.25,22.7,0.65,1.1,21.6,60.8,0.1,22,-1,21.6,21.9,22.2,0.1
268,-0.85,20.2,22.39,0.56,1.1,21.9,59.6,0.11,32,0,21.9,22.3,22.7,0.11
269,-1.07,29.07,21.73,0.47,1.1,22.1,59,0.11,32,0,22.1,22.4,22.6,0.11
270,-0.93,23.38,22.4,0.55,1.1,22.1,58.7,0.13,25,0,22.1,22.4,22.8,0.13
271,-0.61,12.84,23.03,0.63,1.1,22.1,58.8,0.1,24,0,22.1,22.4,22.6,0.1
272,-1.23,36.6,21.53,0.45,1.1,22.1,59.4,0.13,22,-2,22.1,22.3,22.5,0.13
273,-0.85,20.09,22.51,0.56,1.1,22.2,59.1,0.12,29,0,22.2,22.4,22.6,0.12
274,-0.75,16.96,22.8,0.56,1.1,22.5,58.4,0.12,31,0,22.5,22.7,22.9,0.12
275,-0.62,13.13,23.15,0.56,1.1,22.7,57.7,0.11,29,1,22.7,23,23.3,0.11
276,-0.86,20.63,22.39,0.47,1.1,22.7,57.2,0.11,31,1,22.7,23,23.3,0.11
277,-0.4,8.28,24.01,0.67,1.1,22.6,57.1,0.11,26,2,22.6,23,23.5,0.11
278,-1.6,56.42,20.65,0.35,1.1,22.8,56.9,0.2,36,-2,22.8,23.1,23.4,0.2
279,-0.77,17.56,22.99,0.56,1.1,22.6,57.1,0.14,32,0,22.6,22.9,23.3,0.14
280,-1.47,49.41,20.63,0.34,1.1,22.1,58.1,0.1,21,0,22.1,22.4,22.6,0.1
281,-1.17,33.81,21.59,0.46,1.1,22,58.3,0.12,21,-1,22,22.3,22.7,0.12
282,-0.76,17.31,22.53,0.55,1.1,22.3,57.8,0.1,27,-1,22.3,22.6,22.8,0.1
283,-0.84,19.75,22.31,0.51,1.1,22.4,57.7,0.1,25,0,22.4,22.6,22.8,0.1
284,-0.99,25.65,21.97,0.45,1.1,22.6,57.5,0.11,36,-2,22.6,22.8,22.9,0.11
285,-0.85,20.2,22.41,0.56,1.1,22,57.1,0.11,25,0,22,22.3,22.6,0.11
286,-0.93,23.3,22.41,0.56,1.1,22,57.1,0.13,32,-1,22,22.3,22.7,0.13
287,-0.78,17.84,22.91,0.65,1.1,22,56.7,0.14,36,0,22,22.2,22.4,0.14
288,-0.69,15.12,23.26,0.63,1.1,22.6,42.3,0.13,30,-2,22.6,22.8,23,0.13
289,-1.16,33.25,22.02,0.43,1.1,22.9,40.3,0.14,24,-1,22.9,23.2,23.6,0.14
290,-0.39,8.21,24.31,0.65,1.1,23.3,39.6,0.13,35,-1,23.3,23.8,24.3,0.13
291,-0.79,18.05,23.08,0.55,1.1,22.5,43.9,0.13,28,-1,22.5,23.2,23.9,0.13
292,-0.59,12.38,23.69,0.75,1.1,22.1,39.6,0.17,36,-2,22.1,22.8,23.4,0.17
293,-0.78,17.89,22.85,0.41,1.1,23.6,48,0.12,27,0,23.6,24,24.4,0.12
294,-0.29,6.72,24.59,0.46,1.1,24.8,41.6,0.14,36,0,24.8,25.5,26.1,0.14
295,0.03,5.02,25.52,0.55,1.1,25.3,42,0.13,26,1,25.3,25.7,26.2,0.13
296,-0.43,8.8,23.87,0.34,1.1,25.2,40.8,0.12,44,0,25.2,25.6,26.1,0.12
297,0.09,5.18,25.54,0.56,1.1,25.2,42.2,0.11,29,1,25.2,25.6,26.1,0.11
298,-0.54,11.19,23.75,0.51,1.1,24.1,40,0.16,22,0,24.1,24.5,25,0.16
299,-0.29,6.7,24.58,0.6,1.1,24.1,39.4,0.13,23,0,24.1,24.5,24.9,0.13
300,-0.64,13.49,23.2,0.43,1.1,24.1,38.8,0.11,35,0,24.1,24.4,24.6,0.11
301,-0.25,6.25,24.57,0.56,1.1,24.5,37.3,0.12,24,0,24.5,24.8,25,0.12
302,-0.1,5.21,25.03,0.56,1.1,24.8,37.4,0.12,27,-1,24.8,25.2,25.7,0.12
303,-0.5,10.15,23.67,0.43,1.1,24.2,38.5,0.11,29,0,24.2,24.8,25.4,0.11
304,-0.31,7.05,24.47,0.56,1.1,24.3,38.3,0.13,32,1,24.3,24.7,25.1,0.13
305,-0.18,5.69,24.97,0.67,1.1,23.9,42.9,0.13,26,-1,23.9,24.3,24.7,0.13
306,-0.6,12.57,23.5,0.45,1.1,24.3,42.8,0.13,25,-2,24.3,24.5,24.6,0.13
307,-0.15,5.47,24.95,0.65,1.1,24.5,43.2,0.16,30,0,24.5,24.7,24.9,0.16
308,-0.28,6.57,24.47,0.51,1.1,24.4,45.2,0.12,18,0,24.4,24.8,25.3,0.12
309,-0.49,9.93,23.77,0.41,1.1,24.7,58.9,0.17,23,-2,24.7,25.1,25.5,0.17
310,0,5,25.4,0.56,1.1,24.7,56.9,0.12,24,-1,24.7,25.1,25.5,0.12
311,-0.07,5.09,25.41,0.65,1.1,24.3,44.5,0.14,23,-1,24.3,24.8,25.4,0.14
312,-0.88,21.26,22.67,0.31,1.1,24.1,55.8,0.13,34,0,24.1,24.5,25,0.13
313,-0.32,7.15,24.49,0.55,1.1,24,45.1,0.13,31,0,24,24.6,25.2,0.13
314,-0.08,5.13,25.32,0.63,1.1,24.5,40.2,0.14,24,0,24.5,25,25.5,0.14
315,-0.05,5.05,25.2,0.65,1.1,24.3,39.4,0.11,27,-1,24.3,24.7,25.2,0.11
316,-0.35,7.5,24.41,0.55,1.1,24.1,39.4,0.13,26,-1,24.1,24.6,25.2,0.13
317,-0.26,6.44,24.47,0.56,1.1,24,38.6,0.11,35,-1,24,24.6,25.2,0.11
318,-0.39,8.18,24.43,0.73,1.1,22.8,39,0.14,26,0,22.8,23.3,23.9,0.14
319,-0.61,12.83,23.47,0.51,1.1,23.6,37.7,0.12,31,0,23.6,24,24.4,0.12
320,-0.31,7,24.31,0.56,1.1,24,36.6,0.11,30,0,24,24.5,25,0.11
321,-0.61,12.75,23.33,0.41,1.1,24.1,36.4,0.11,22,0,24.1,24.6,25.1,0.11
322,-0.77,17.46,22.72,0.41,1.1,23.6,36.5,0.1,27,0,23.6,24,24.4,0.1
323,-0.51,10.43,23.9,0.56,1.1,23.7,36.1,0.13,24,1,23.7,24.1,24.5,0.13
324,-0.29,6.76,24.31,0.63,1.1,23.5,35.5,0.1,24,0,23.5,24,24.5,0.1
325,-0.39,8.22,24.3,0.65,1.1,23.5,35.1,0.13,61,-1,23.5,23.9,24.3,0.13
326,-0.49,9.99,23.97,0.56,1.1,23.8,34.6,0.13,19,0,23.8,24.2,24.6,0.13
327,-0.64,13.71,23.57,0.51,1.1,23.8,33.6,0.14,60,0,23.8,24.2,24.6,0.14
328,-0.32,7.11,24.49,0.65,1.1,23.6,45.7,0.13,20,0,23.6,23.9,24.1,0.13
329,-0.99,25.83,22.12,0.46,1.1,22.6,44,0.11,27,0,22.6,23,23.4,0.11
330,-0.86,20.64,22.8,0.56,1.1,22.3,45.5,0.13,37,-2,22.3,22.8,23.4,0.13
331,-0.91,22.35,22.54,0.45,1.1,23,43.5,0.12,40,0,23,23.4,23.9,0.12
332,-0.63,13.23,23.53,0.56,1.1,23.3,44.9,0.15,26,0,23.3,23.7,24.2,0.15
333,-0.49,9.96,23.95,0.55,1.1,23.6,44.8,0.13,21,0,23.6,24.1,24.6,0.13
334,-0.78,17.84,23,0.46,1.1,23.5,45.6,0.13,32,0,23.5,23.8,24.2,0.13
335,-0.67,14.48,23.22,0.56,1.1,22.8,36.1,0.11,33,0,22.8,23.3,23.9,0.11
336,-0.11,5.27,25.56,0.99,1.1,22.2,36,0.13,27,-1,22.2,22.7,23.2,0.13
337,-1.32,41.21,21.47,0.55,1.1,21.6,36.4,0.16,29,-2,21.6,22,22.5,0.16
338,-1.42,46.43,20.91,0.41,1.1,21.9,36.8,0.11,30,-2,21.9,22.3,22.7,0.11
339,-0.84,19.88,22.7,0.56,1.1,22.2,36.4,0.11,23,-1,22.2,22.8,23.4,0.11
340,-0.92,22.9,22.06,0.56,1.1,21.6,68.4,0.11,37,0,21.6,21.9,22.1,0.11
341,-2.04,78.74,19.42,0.29,1.1,21,67.8,0.13,19,-1,21,21.5,22,0.13
342,-1.69,61.02,20.25,0.46,1.1,20.8,67.6,0.16,33,0,20.8,21.2,21.7,0.16
343,-1.11,31.05,21.79,0.65,1.1,20.6,67.2,0.15,26,-1,20.6,21.1,21.6,0.15
344,-1.98,75.74,19.24,0.34,1.1,20.6,68,0.11,32,0,20.6,21,21.4,0.11
345,-1.37,43.8,20.96,0.58,1.1,20.8,68.4,0.17,27,-1,20.8,21.1,21.4,0.17
346,-1.11,30.97,21.73,0.6,1.1,20.9,68,0.13,25,-2,20.9,21.3,21.7,0.13
347,-1.48,49.91,20.68,0.55,1.1,20.9,67.7,0.19,22,-2,20.9,21.3,21.7,0.19
348,-1.46,48.53,20.54,0.43,1.1,21.1,67.6,0.11,31,0,21.1,21.5,21.9,0.11
349,-1.11,31.06,21.68,0.51,1.1,21.5,66.8,0.12,46,-1,21.5,21.9,22.3,0.12
350,-0.96,24.5,21.94,0.56,1.1,21.5,67.1,0.11,29,-2,21.5,21.8,22,0.11
351,-0.43,8.91,23.97,0.8,1.1,21.6,66.9,0.12,27,-2,21.6,21.9,22.1,0.12
352,-1.1,30.62,21.53,0.46,1.1,21.8,66.2,0.1,22,0,21.8,22.2,22.6,0.1
353,-1.08,29.64,21.91,0.56,1.1,21.8,66.4,0.17,24,0,21.8,22.2,22.6,0.17
354,-0.41,8.48,24.07,0.81,1.1,21.6,67.4,0.12,29,0,21.6,21.9,22.1,0.12
355,-1.01,26.47,21.94,0.46,1.1,22.4,69.8,0.12,25,-1,22.4,22.6,22.7,0.12
356,-0.07,5.1,25.17,0.75,1.1,22.8,69.4,0.1,29,-1,22.8,23.2,23.6,0.1
357,-0.49,10.1,23.68,0.55,1.1,23.1,69.3,0.12,31,0,23.1,23.4,23.8,0.12
358,-0.52,10.58,23.28,0.5,1.1,23.1,69.4,0.1,33,-1,23.1,23.4,23.7,0.1
359,-0.77,17.46,22.54,0.43,1.1,23.1,69.7,0.11,30,1,23.1,23.4,23.6,0.11
360,-0.24,6.2,24.66,0.67,1.1,23.1,69.4,0.12,29,1,23.1,23.4,23.6,0.12
361,-0.67,14.45,23.2,0.55,1.1,23,68.5,0.15,24.33333333,0,23,23.2,23.4,0.15
362,-0.83,19.37,22.47,0.63,1.1,22.6,68,0.25,29,-2,22.6,22.8,23.1,0.25
363,-0.25,6.25,24.74,0.79,1.1,22.2,68.8,0.12,25,-2,22.2,22.6,23,0.12
364,-0.86,20.61,22.65,0.56,1.1,22,69.2,0.14,20,-2,22,22.5,23,0.14
365,-0.64,13.63,22.98,0.56,1.1,22.5,69.1,0.11,29,-1,22.5,22.8,23,0.11
366,-0.43,8.9,24.08,0.7,1.1,22.5,71.1,0.15,23,0,22.5,22.8,23,0.15
367,-1.04,27.73,21.88,0.57,1.1,22.3,71.9,0.23,22,-1,22.3,22.6,22.9,0.23
368,-0.61,12.74,23.07,0.56,1.1,22.6,71.7,0.11,35,1,22.6,22.8,23,0.11
369,-0.31,7.03,24.48,0.67,1.1,23,72.2,0.13,27,-1,23,23.2,23.3,0.13
370,-0.69,14.97,22.94,0.45,1.1,23.2,72.8,0.12,52,0,23.2,23.5,23.7,0.12
371,-0.22,6.05,24.4,0.56,1.1,23.5,71.9,0.1,35,1,23.5,23.9,24.3,0.1
372,-0.23,6.11,24.38,0.58,1.1,23.4,70.9,0.1,27,-2,23.4,23.7,24,0.1
373,-0.54,11.04,23.6,0.6,1.1,23.1,70.6,0.17,36,0,23.1,23.4,23.7,0.17
374,-0.45,9.3,23.51,0.55,1.1,23,70.4,0.1,22,0,23,23.3,23.5,0.1
375,-0.21,5.95,24.8,0.65,1.1,23.1,70,0.12,27,-1,23.1,23.6,24.1,0.12
376,-0.1,5.21,24.96,0.63,1.1,23.3,69.5,0.1,25,0,23.3,23.8,24.4,0.1
377,0.08,5.13,25.46,0.47,1.1,25.4,59.6,0.11,30,1,25.4,25.7,26,0.11
378,0.2,5.82,26.2,0.65,1.1,25.2,60.1,0.16,33,0,25.2,25.4,25.6,0.16
379,0.05,5.04,25.69,0.56,1.1,24.9,60.7,0.13,32,2,24.9,25.2,25.6,0.13
380,-0.39,8.13,24.12,0.56,1.1,23.3,62.5,0.12,45,0,23.3,23.8,24.3,0.12
381,-0.34,7.36,24.28,0.56,1.1,23.5,62.7,0.12,37,0,23.5,23.9,24.4,0.12
382,-0.13,5.33,25.05,0.65,1.1,23.8,62.1,0.12,26,0,23.8,24,24.2,0.12
383,-0.35,7.5,24.22,0.55,1.1,23.7,61.9,0.12,27,0,23.7,24,24.4,0.12
384,-0.1,5.2,25.08,0.65,1.1,23.6,61.9,0.11,42,0,23.6,24,24.5,0.11
385,-0.28,6.67,24.17,0.56,1.1,23.6,61.8,0.1,35,0,23.6,23.9,24.1,0.1
386,-0.2,5.86,24.96,0.63,1.1,23.7,61.9,0.14,22,0,23.7,24.1,24.5,0.14
387,-0.12,5.29,25.13,0.7,1.1,23.5,62.4,0.12,34,-1,23.5,23.7,23.9,0.12
388,-0.7,15.42,22.63,0.27,1.1,24.5,61.7,0.09,26,0,24.5,24.7,24.9,0.09
389,0.18,5.71,25.95,0.56,1.1,25.2,60.2,0.11,37,0,25.2,25.5,25.7,0.11
390,0.09,5.15,25.72,0.57,1.1,25,60.7,0.12,29,0,25,25.2,25.4,0.12
391,0.39,8.24,26.55,0.56,1.1,25.8,59.3,0.1,36,1,25.8,26.1,26.3,0.1
392,0.42,8.62,26.63,0.56,1.1,25.9,58.9,0.1,30,2,25.9,26.1,26.3,0.1
393,0.71,15.51,28.28,0.88,1.1,25.2,59.1,0.09,28,0,25.2,25.5,25.7,0.09
394,-0.31,6.99,24.35,0.57,1.1,23.7,62.5,0.12,38,1,23.7,24,24.2,0.12
395,-0.08,5.13,25.06,0.56,1.1,24.2,61.9,0.11,29,1,24.2,24.6,25.1,0.11
396,0.07,5.11,25.68,0.56,1.1,24.9,60.3,0.12,31,1,24.9,25.2,25.6,0.12
397,0.2,5.86,26.62,0.82,1.1,24,60.7,0.14,27,1,24,24.3,24.7,0.14
398,0.04,5.03,25.46,0.58,1.1,24.6,60,0.11,35,2,24.6,24.9,25.2,0.11
399,0.53,10.86,27.19,0.65,1.1,25.7,57.8,0.1,49,1,25.7,26.1,26.5,0.1
400,0.26,6.43,26.57,0.65,1.1,25.2,58.7,0.14,37,1,25.2,25.5,25.9,0.14
401,0.26,6.41,26.62,0.72,1.1,24.8,59.2,0.13,29,-1,24.8,25,25.2,0.13
402,-0.41,8.47,24.07,0.47,1.1,24.3,59.6,0.13,27,0,24.3,24.5,24.7,0.13
403,-0.08,5.15,25.32,0.65,1.1,24.1,60.2,0.15,38,0,24.1,24.5,24.9,0.15
404,0.3,6.83,26.9,0.83,1.1,24.4,60.1,0.15,27,1,24.4,24.7,24.9,0.15
405,-0.01,5,25.6,0.65,1.1,24.4,59.7,0.14,22,1,24.4,24.6,24.8,0.14
406,0.34,7.34,27.24,0.91,1.1,23.9,60.2,0.13,33,-1,23.9,24.3,24.7,0.13
407,-0.64,13.63,23.31,0.56,1.1,23.2,61.1,0.16,23,0,23.2,23.4,23.6,0.16
408,-0.75,16.82,22.83,0.56,1.1,22.3,61.7,0.12,30,0,22.3,22.7,23.1,0.12
409,-0.4,8.4,24.23,0.81,1.1,22,62.7,0.16,34,-2,22,22.4,22.8,0.16
410,-1.23,36.76,21.44,0.56,1.1,21.5,63.6,0.18,28,0,21.5,21.8,22.2,0.18
411,-0.97,24.85,22,0.41,1.1,22.8,62.8,0.11,40,0,22.8,23,23.2,0.11
412,-0.21,5.89,24.45,0.56,1.1,23.8,61.2,0.1,54,0,23.8,24.1,24.4,0.1
413,-0.37,7.82,24.29,0.56,1.1,23.6,60.8,0.13,22,0,23.6,24,24.4,0.13
414,-0.01,5,25.74,0.8,1.1,23.4,60.9,0.13,23,-1,23.4,23.6,23.8,0.13
415,-0.46,9.48,23.83,0.56,1.1,23.2,60.9,0.12,24,-1,23.2,23.6,24,0.12
416,-0.5,10.24,23.87,0.65,1.1,22.8,61.6,0.14,47,-2,22.8,23,23.2,0.14
417,-0.71,15.63,23.15,0.56,1.1,22.9,58.7,0.16,23,-1,22.9,23.3,23.8,0.16
418,-0.68,14.69,23.28,0.56,1.1,22.9,58.6,0.14,33,-1,22.9,23.2,23.4,0.14
419,-1.21,35.95,21.4,0.29,1.1,23.1,58.3,0.11,38,1,23.1,23.4,23.7,0.11
420,-0.47,9.68,24.02,0.65,1.1,22.8,59.1,0.14,22.66666667,-1,22.8,23.2,23.6,0.14
421,-0.66,14.13,23.28,0.56,1.1,22.8,58.9,0.13,28,-1,22.8,23.1,23.5,0.13
422,-0.64,13.62,23.33,0.56,1.1,22.9,59.1,0.13,35,0,22.9,23.2,23.4,0.13
423,-1.17,33.97,21.66,0.29,1.1,23.4,58.7,0.12,27,-1,23.4,23.7,23.9,0.12
424,-0.44,9.06,23.73,0.51,1.1,23.7,58.6,0.11,28,0,23.7,23.9,24.1,0.11
425,-0.41,8.55,23.99,0.56,1.1,23.5,58.7,0.12,30,1,23.5,23.8,24,0.12
426,-0.4,8.3,24.17,0.56,1.1,23.6,58.8,0.13,25,1,23.6,23.9,24.3,0.13
427,-0.27,6.52,24.74,0.65,1.1,23.4,59.2,0.14,38,0,23.4,23.8,24.3,0.14
428,-0.57,11.75,23.63,0.56,1.1,23.3,59.9,0.14,35,-1,23.3,23.5,23.7,0.14
429,-0.65,13.86,23.15,0.47,1.1,23.5,59.5,0.12,33,2,23.5,23.7,23.9,0.12
430,-0.82,19.31,22.75,0.46,1.1,23.1,59.6,0.13,27,0,23.1,23.4,23.8,0.13
431,-0.41,8.49,23.76,0.56,1.1,23.1,59.6,0.1,25,-1,23.1,23.5,24,0.1
432,-0.42,8.62,23.99,0.65,1.1,22.9,60.1,0.12,41,-1,22.9,23.1,23.3,0.12
433,-0.62,12.94,23.3,0.56,1.1,22.8,59.9,0.12,24.33333333,0,22.8,23.1,23.5,0.12
434,-0.7,15.44,23.18,0.56,1.1,22.8,60,0.15,21,0,22.8,23.2,23.6,0.15
435,-0.63,13.45,23.36,0.65,1.1,22.5,60,0.15,27,0,22.5,22.7,22.9,0.15
436,-0.21,5.9,24.63,0.62,1.1,23.6,57.7,0.11,30,0,23.6,23.9,24.2,0.11
437,-0.47,9.61,23.93,0.56,1.1,23.4,57.9,0.13,26,0,23.4,23.7,24.1,0.13
438,-0.84,19.93,22.7,0.55,1.1,22.6,60.9,0.15,26,-1,22.6,22.9,23.1,0.15
439,-0.39,8.1,24.21,0.7,1.1,22.8,61.1,0.13,28,2,22.8,22.9,23,0.13
440,-0.78,17.68,22.6,0.46,1.1,23,61.3,0.11,26,0,23,23.3,23.5,0.11
441,-1.18,34.46,21.66,0.46,1.1,22.7,62.9,0.19,26,-1,22.7,23,23.3,0.19
442,-0.92,23.01,22.39,0.56,1.1,22.4,63.4,0.19,32,0,22.4,22.8,23.3,0.19
443,-0.03,5.02,25.93,1,1.1,22,64.2,0.14,35,-2,22,22.3,22.5,0.14
444,-0.14,6.613333333,25.05333333,0.65,1.1,23.66666667,61.46666667,0.123333333,24,-1,23.66666667,24.03333333,24.4,0.123333333
445,-0.32,7.09,24.49,0.7,1.1,23.2,59.3,0.15,26,0,23.2,23.4,23.5,0.15
446,-0.53,10.83,23.6,0.62,1.1,22.7,59,0.12,27,0,22.7,23,23.2,0.12
447,-0.62,13.05,23.28,0.65,1.1,22.2,59.5,0.12,27,-1,22.2,22.5,22.7,0.12
448,-1,26.32,22.15,0.55,1.1,21.9,60.2,0.13,29,-2,21.9,22.2,22.4,0.13
449,-0.18,5.69,24.87,0.81,1.1,22.5,59.2,0.11,23,-1,22.5,22.8,23,0.11
450,-0.11,5.24,25.15,0.8,1.1,22.8,58.8,0.11,34,-2,22.8,23.1,23.4,0.11
451,-0.56,11.55,23.5,0.56,1.1,23,58.6,0.12,24,0,23,23.3,23.7,0.12
452,-0.51,10.37,23.87,0.65,1.1,22.8,58.5,0.14,25,0,22.8,23.1,23.3,0.14
453,-1.58,55,20.07,0.56,1.1,19.7,56.6,0.09,29,1,19.7,20,20.3,0.09
454,-0.52,10.73,23.32,0.65,1.1,22.2,58.7,0.09,29,-1,22.2,22.5,22.8,0.09
455,0.03,5.02,25.91,1.04,1.1,21.7,58.7,0.1,30,-1,21.7,22.1,22.6,0.1
456,-1.09,29.85,21.69,0.47,1.1,22,58.9,0.11,23,0,22,22.3,22.6,0.11
457,-0.98,25.11,22.15,0.56,1.1,21.6,59,0.12,28,-1,21.6,22,22.5,0.12
458,-0.92,22.82,22.19,0.46,1.1,22.7,57.9,0.11,39,0,22.7,22.9,23.1,0.11
459,-0.27,6.51,24.24,0.63,1.1,23,57.5,0.09,45,1,23,23.5,24,0.09
460,-0.37,7.92,24.2,0.65,1.1,22.9,57.6,0.12,59,2,22.9,23.3,23.8,0.12
461,-1.27,38.63,20.75,0.5,1.1,22,58.5,0.1,33,1,22,21.3,20.6,0.1
462,-1.43,46.98,20.92,0.34,1.1,22.3,59.3,0.12,24,-1,22.3,22.6,23,0.12
463,-0.68,14.7,22.93,0.57,1.1,22.5,59.2,0.11,26,0,22.5,22.8,23,0.11
464,-0.75,16.83,22.71,0.55,1.1,22.4,59.2,0.11,29,-1,22.4,22.7,23,0.11
465,-0.48,9.8,23.65,0.7,1.1,22.3,58.7,0.11,26,0,22.3,22.5,22.6,0.11
466,-0.25,6.33,24.75,0.84,1.1,22.1,58.6,0.12,20,-1,22.1,22.4,22.8,0.12
467,-0.87,20.96,22.32,0.56,1.1,21.9,58.8,0.11,31,0,21.9,22.2,22.5,0.11
468,-0.46,9.48,23.9,0.8,1.1,21.6,59.9,0.12,45,-1,21.6,21.9,22.3,0.12
469,-0.13,5.35,25.33,0.93,1.1,21.9,59.2,0.12,29,-1,21.9,22.3,22.8,0.12
470,-0.83,19.39,22.6,0.55,1.1,22.3,58.9,0.12,26,-1,22.3,22.6,23,0.12
471,-1.2,35.27,21.68,0.46,1.1,22.3,59.3,0.14,26,2,22.3,22.5,22.6,0.14
472,-0.88,21.49,22.39,0.55,1.1,22.2,59.9,0.12,38,-1,22.2,22.4,22.6,0.12
473,-0.7,15.18,23.19,0.67,1.1,22.1,58.6,0.14,31,-1,22.1,22.3,22.5,0.14
474,-0.94,23.76,22.34,0.56,1.1,21.9,60.4,0.13,48,0,21.9,22.2,22.6,0.13
475,-0.82,19.12,22.62,0.55,1.1,22.3,60.1,0.12,37,0,22.3,22.6,23,0.12
476,-0.6,12.52,23.21,0.6,1.1,22.5,59.6,0.11,33,0,22.5,22.8,23,0.11
477,0.22,5.97,26.16,0.65,1.1,24.9,58.7,0.11,41,1,24.9,25.1,25.3,0.11
478,-0.04,5.04,24.9,0.47,1.1,25,58.2,0.1,48,0,25,25.3,25.5,0.1
479,-0.81,18.93,22.68,0.32,1.1,24,58.7,0.12,47,1,24,24.4,24.9,0.12
480,-0.26,6.45,24.51,0.56,1.1,23.9,59.1,0.12,25,1,23.9,24.2,24.6,0.12
481,-0.17,5.57,24.73,0.56,1.1,24.1,58.8,0.11,27,-1,24.1,24.4,24.7,0.11
482,-0.29,6.78,24.29,0.56,1.1,23.7,59.1,0.11,27,1,23.7,24,24.3,0.11
483,-0.78,17.78,22.59,0.41,1.1,23.4,59.6,0.11,30,-1,23.4,23.6,23.8,0.11
484,-0.12,5.29,24.9,0.56,1.1,24.2,58.8,0.11,22,0,24.2,24.6,25,0.11
485,-0.36,7.64,24.18,0.56,1.1,23.7,59.3,0.12,40,0,23.7,24,24.2,0.12
486,-0.2,5.85,24.81,0.56,1.1,24.3,58.4,0.13,25,1,24.3,24.5,24.7,0.13
487,-0.28,6.68,24.43,0.56,1.1,23.9,58.5,0.12,26,-1,23.9,24.2,24.4,0.12
488,-1.03,27.31,22.2,0.34,1.1,23.5,58.7,0.13,40,0,23.5,23.8,24.2,0.13
489,-0.43,8.85,24.06,0.56,1.1,23.5,59,0.13,35,-1,23.5,23.8,24.2,0.13
490,-0.46,9.37,23.83,0.56,1.1,23.4,58.8,0.12,44,0,23.4,23.7,23.9,0.12
491,-0.52,10.58,23.75,0.55,1.1,23.4,59.2,0.13,39,0,23.4,23.7,23.9,0.13
492,-0.59,12.25,23.51,0.56,1.1,23.1,59.3,0.13,25,-2,23.1,23.4,23.6,0.13
493,-0.74,16.68,23.12,0.56,1.1,22.5,59.1,0.14,34,-1,22.5,23,23.5,0.14
494,-0.53,10.77,23.41,0.56,1.1,22.5,58.9,0.1,26,1,22.5,23.2,23.9,0.1
495,-0.5,10.18,23.56,0.5,1.1,23.5,59.1,0.11,30,2,23.5,23.8,24.1,0.11
496,-0.3,6.86,24.37,0.56,1.1,23.9,58.6,0.12,37,0,23.9,24.1,24.3,0.12
497,0.05,5.04,25.98,0.8,1.1,23.4,58.7,0.13,52,0,23.4,23.9,24.4,0.13
498,-0.38,8.08,24.23,0.56,1.1,23.6,58.5,0.13,27,0,23.6,24,24.4,0.13
499,-0.61,12.88,23.11,0.47,1.1,23.6,58.6,0.11,27,-1,23.6,23.7,23.8,0.11
500,-0.75,16.98,23.03,0.56,1.1,22.6,59.8,0.14,36,-1,22.6,22.9,23.3,0.14
501,-0.49,10.35666667,23.83666667,0.57,1.1,23.66666667,54.06666667,0.116666667,19,0,23.66666667,24.03333333,24.43333333,0.116666667
502,-0.496666667,12.29,23.71333333,0.55,1.1,23.1,64.56666667,0.12,28,0,23.1,23.5,23.93333333,0.12
503,-0.413333333,22.46666667,24.05666667,0.65,1.1,23.23333333,58.53333333,0.11,40,1,23.23333333,23.53333333,23.83333333,0.11
504,0.2,5.85,26.08,0.51,1.1,25.8,62.2,0.16,26,2,25.8,26.2,26.6,0.16
505,0.05,5.06,25.46,0.56,1.1,25.3,59.3,0.19,30,1,25.3,25.7,26.2,0.19
506,0.09,5.19,25.79,0.56,1.1,24.9,63.3,0.12,53,1,24.9,25.2,25.6,0.12
507,0.06,5.08,25.67,0.56,1.1,24.8,63.3,0.12,32,1,24.8,25.1,25.5,0.12
508,0.27,6.5,26.29,0.63,1.1,24.8,63,0.1,32,0,24.8,25.2,25.6,0.1
509,0,5,25.32,0.5,1.1,24.7,63.2,0.11,25,1,24.7,25.2,25.8,0.11
510,0.34,7.46,26.8,0.65,1.1,25.2,62.8,0.12,26,0,25.2,25.5,25.9,0.12
511,0.63,13.44,27.95,0.71,1.1,25.9,61.9,0.12,39,0,25.9,26.2,26.4,0.12
512,0.43,8.89,26.9,0.55,1.1,26.1,61.3,0.12,23,1,26.1,26.4,26.6,0.12
513,0.4,8.38,26.93,0.56,1.1,26,61.5,0.13,28,0,26,26.3,26.5,0.13
514,0.45,9.23,26.89,0.56,1.1,26,60.7,0.11,40,0,26,26.3,26.5,0.11
515,0.34,7.37,26.3,0.46,1.1,26.3,61.1,0.11,23,0,26.3,26.5,26.6,0.11
516,0.47,9.64,26.99,0.56,1.1,26.4,59.8,0.16,31,1,26.4,26.7,27.1,0.16
517,0.55,11.42,27.29,0.55,1.1,26.5,59.8,0.12,20,0,26.5,26.8,27,0.12
518,0.44,9.08,26.93,0.55,1.1,26.4,59.2,0.15,20,0,26.4,26.7,26.9,0.15
519,0.35,7.48,26.31,0.45,1.1,26.2,59.1,0.11,39,0,26.2,26.6,27,0.11
520,0.39,8.11,26.44,0.46,1.1,26.4,58.5,0.11,25,1,26.4,26.7,26.9,0.11
521,0.5,10.32,27.1,0.55,1.1,26.3,58,0.12,37,0,26.3,26.7,27.1,0.12
522,0.59,12.42,27.64,0.65,1.1,26.3,59,0.15,33,0,26.3,26.6,27,0.15
523,0.24,6.17,26.14,0.46,1.1,26.2,59.1,0.15,45,1,26.2,26.6,27,0.15
524,0.35,7.5,26.43,0.56,1.1,26.2,59.9,0.18,25,0,26.2,26.5,26.8,0.18
525,0.31,6.94,26.07,0.4,1.1,26.4,58.6,0.11,27,1,26.4,26.7,27,0.11
526,0.68,14.59,27.87,0.63,1.1,26.4,58.1,0.12,26,1,26.4,26.8,27.2,0.12
527,-0.15,5.49,24.84,0.34,1.1,25.8,58.6,0.14,46,-1,25.8,26.2,26.6,0.14
528,0.01,5,25.39,0.41,1.1,25.9,58.6,0.14,48,2,25.9,26.1,26.3,0.14
529,0.5,10.12,27.24,0.65,1.1,25.9,58.1,0.12,46,1,25.9,26.1,26.3,0.12
530,0.07,5.11,25.61,0.47,1.1,25.8,58.4,0.15,23,0,25.8,26.1,26.3,0.15
531,0.14,5.41,25.64,0.46,1.1,25.6,58.5,0.11,19,0,25.6,26,26.4,0.11
532,0.32,7.17,26.52,0.56,1.1,25.7,58.7,0.12,45,2,25.7,26,26.4,0.12
533,0.39,8.19,26.82,0.56,1.1,26.1,58,0.13,32,1,26.1,26.3,26.5,0.13
534,0.21,5.89,25.95,0.46,1.1,26,57.8,0.12,30,1,26,26.3,26.5,0.12
535,0.4,8.29,26.88,0.58,1.1,25.9,57.5,0.13,21,0,25.9,26.3,26.7,0.13
536,0.38,8.05,26.81,0.65,1.1,25.8,58.8,0.16,35,2,25.8,26,26.2,0.16
537,0.04,5.03,25.29,0.46,1.1,25.4,58.7,0.11,30,1,25.4,25.7,25.9,0.11
538,0.06,5.07,25.24,0.46,1.1,25.3,58.9,0.1,27,1,25.3,25.6,25.9,0.1
539,-0.16,5.54,24.92,0.44,1.1,25.2,59.4,0.14,31,1,25.2,25.5,25.9,0.14
540,0.97,24.74,29.88,1.1,1.1,25.6,58.5,0.1,54,-1,25.6,25.7,25.8,0.1
541,0.46,9.41,26.88,0.62,1.1,25.7,58,0.1,22,0,25.7,26,26.2,0.1
542,-0.1,5.19,25.22,0.56,1.1,24.4,59.6,0.13,34,0,24.4,24.8,25.3,0.13
543,-0.31,6.96,24.49,0.55,1.1,23.9,60.8,0.13,31,0,23.9,24.3,24.7,0.13
544,-0.51,10.37,23.58,0.41,1.1,24.3,60.9,0.12,34,1,24.3,24.5,24.7,0.12
545,0.06,5.06,25.61,0.56,1.1,24.9,60.2,0.12,31,0,24.9,25.2,25.4,0.12
546,0.13,5.33,25.66,0.5,1.1,25.4,59.2,0.11,31,2,25.4,25.7,25.9,0.11
547,0.12,5.29,25.41,0.45,1.1,25.6,59.1,0.1,51,-1,25.6,25.8,26,0.1
548,0.32,7.14,26.4,0.56,1.1,25.7,58.8,0.11,38,0,25.7,25.9,26.1,0.11
549,0.36,7.76,26.55,0.56,1.1,25.8,58.1,0.11,30,1,25.8,26.1,26.3,0.11
550,0.67,14.53,28.1,0.79,1.1,25.7,58.5,0.11,33,0,25.7,26,26.2,0.11
551,0.61,12.85,27.72,0.72,1.1,25.8,58,0.11,57,0,25.8,26.1,26.3,0.11
552,0.25,6.34,26.18,0.56,1.1,25.4,58.7,0.11,36,0,25.4,25.7,26,0.11
553,0.42,8.66,27.26,0.8,1.1,24.8,59.6,0.12,40,0,24.8,25.1,25.3,0.12
554,0.06,5.07,25.76,0.59,1.1,24.8,59.7,0.13,36,2,24.8,25.1,25.5,0.13
555,-0.01,5,25.48,0.56,1.1,24.9,59.7,0.13,39,-1,24.9,25.1,25.3,0.13
556,0.07,5.09,25.52,0.56,1.1,24.9,59.7,0.11,30,-1,24.9,25.1,25.3,0.11
557,0.08,5.14,25.7,0.56,1.1,25,59.6,0.12,24.33333333,0,25,25.3,25.5,0.12
558,-0.06,5.06,24.99,0.47,1.1,25.1,59.6,0.11,26,1,25.1,25.3,25.5,0.11
559,-0.58,12.01,23.43,0.26,1.1,25.3,59.1,0.13,33,0,25.3,25.5,25.7,0.13
560,-0.02,5.01,25.46,0.56,1.1,24.8,59.5,0.15,53,0,24.8,25.2,25.7,0.15
561,-0.2,5.83,24.82,0.51,1.1,24.5,59.9,0.13,43,0,24.5,24.8,25.2,0.13
562,-0.83,19.68,22.73,0.34,1.1,24.4,60.2,0.17,32,0,24.4,24.7,25.1,0.17
563,-0.57,11.82,23.36,0.34,1.1,24.6,59.5,0.12,27,1,24.6,24.9,25.1,0.12
564,-0.63,13.39,23.3,0.31,1.1,24.8,59.3,0.13,26,0,24.8,25.1,25.3,0.13
565,-0.23,6.13,24.72,0.56,1.1,24.1,61,0.13,39,-1,24.1,24.4,24.6,0.13
566,-0.86,20.55,22.59,0.45,1.1,23.6,61.9,0.18,30,0,23.6,23.8,24,0.18
567,-0.32,7.15,24.09,0.46,1.1,24.4,59.6,0.11,25,-1,24.4,24.6,24.8,0.11
568,-0.3,6.86,24.16,0.45,1.1,24.5,59.8,0.11,55,-1,24.5,24.7,24.9,0.11
569,-0.37,7.86,24.01,0.41,1.1,24.7,60.1,0.12,48,2,24.7,24.9,25,0.12
570,-0.59,12.23,23.46,0.62,1.1,23,60.2,0.18,33,0,23,23.3,23.7,0.18
571,-0.74,16.67,22.95,0.43,1.1,23.7,60.3,0.13,33.33333333,0,23.7,23.9,24,0.13
572,-0.04,5.03,25.34,0.65,1.1,24.2,59.1,0.12,49,-1,24.2,24.4,24.5,0.12
573,-0.14,5.39,24.92,0.56,1.1,24.4,58.4,0.12,35,0,24.4,24.6,24.8,0.12
574,-0.48,9.79,23.83,0.41,1.1,24.4,58.4,0.13,26,0,24.4,24.7,25.1,0.13
575,-0.13,5.36,24.98,0.59,1.1,24.2,58.3,0.12,29,0,24.2,24.5,24.7,0.12
576,-0.4,8.36,24.1,0.45,1.1,24.4,58,0.13,28,0,24.4,24.7,25.1,0.13
577,-0.27,6.56,24.26,0.45,1.1,24.5,58.4,0.11,42,0,24.5,24.8,25.1,0.11
578,0.09,5.18,25.75,0.65,1.1,24.3,58.5,0.11,45,1,24.3,24.7,25.2,0.11
579,-0.09,5.16,25.24,0.56,1.1,24.5,58.6,0.13,26,-1,24.5,24.9,25.3,0.13
580,-0.4,8.32,24.15,0.56,1.1,23.6,60.9,0.13,42,0,23.6,23.9,24.1,0.13
581,-0.29,6.8,24.5,0.63,1.1,23.1,60.6,0.12,37,0,23.1,23.6,24.2,0.12
582,-0.686666667,15.03,23.09666667,0.45,1.1,23.56666667,63.73333333,0.133333333,46,0,23.56666667,23.8,24.03333333,0.133333333
583,0.62,32.69333333,27.65,0.41,1.1,25.43333333,68.76666667,0.15,28,0,25.43333333,25.66666667,25.86666667,0.15
584,-0.55,11.29,23.66,0.56,1.1,23,63.3,0.13,28,0,23,23.4,23.8,0.13
585,-0.71,15.61,23.09,0.41,1.1,23.7,61.8,0.13,28,1,23.7,24,24.4,0.13
586,-0.25,6.26,24.58,0.56,1.1,23.9,61.6,0.12,32,0,23.9,24.2,24.6,0.12
587,-0.17,5.62,25.08,0.65,1.1,23.7,61.9,0.14,29,0,23.7,24.1,24.5,0.14
588,-0.656666667,14.69333333,23.2,0.49,1.1,23.9,62.1,0.2,30,-1,23.9,24.2,24.6,0.2
589,0.87,20.96,30.02,1.3,1.1,24.1,61.7,0.1,31,-2,24.1,24.4,24.7,0.1
590,-1.03,27.27,22.03,0.34,1.1,23.3,62.5,0.12,24,1,23.3,23.6,24,0.12
591,-0.74,16.57,22.83,0.46,1.1,23.2,62.8,0.12,50,-1,23.2,23.5,23.7,0.12
592,-0.38,8.07,24.3,0.65,1.1,23.1,62.8,0.14,46,0,23.1,23.4,23.6,0.14
593,-0.43,8.93,23.92,0.56,1.1,23.3,62.7,0.12,36,0,23.3,23.6,24,0.12
594,-0.2,5.79,24.67,0.63,1.1,23.5,63,0.11,31,-1,23.5,23.8,24,0.11
595,-0.23,6.11,24.87,0.72,1.1,23.2,62.9,0.14,26,-1,23.2,23.4,23.5,0.14
596,-0.623333333,15.52,23.18666667,0.456666667,1.1,22.7,64.1,0.11,26,0,22.7,23.1,23.6,0.11
597,-0.56,11.67,23.62,0.56,1.1,23.2,63.3,0.15,26,0,23.2,23.5,23.9,0.15
598,0.03,5.02,25.83,0.8,1.1,23.3,63.1,0.12,28,-1,23.3,23.6,24,0.12
599,-0.71,15.74,22.93,0.45,1.1,23.3,63.2,0.12,22,0,23.3,23.6,24,0.12
600,-0.26,6.45,24.69,0.65,1.1,23.3,62.5,0.13,36,1,23.3,23.7,24.1,0.13
601,-0.12,5.29,25.11,0.67,1.1,23.6,62.7,0.12,32,-1,23.6,23.9,24.3,0.12
602,-0.32,7.14,24.45,0.56,1.1,23.7,62.8,0.13,47,1,23.7,24.1,24.5,0.13
603,-0.27,6.52,24.61,0.56,1.1,23.9,62.8,0.13,27,0,23.9,24.2,24.6,0.13
604,-0.39,8.1,24.26,0.56,1.1,23.7,62.7,0.14,28,-1,23.7,24,24.2,0.14
605,-0.61,12.88,23.1,0.41,1.1,23.7,62.9,0.11,29.33333333,1,23.7,24,24.3,0.11
606,-0.26,6.37,24.55,0.56,1.1,23.8,62.4,0.12,36,-1,23.8,24.2,24.6,0.12
607,-0.52,10.59,23.6,0.46,1.1,23.8,62.4,0.12,25,1,23.8,24.1,24.5,0.12
608,-0.25,6.34,24.54,0.56,1.1,23.9,62.7,0.12,34,-1,23.9,24.2,24.4,0.12
609,-0.29,6.7,24.52,0.56,1.1,24,62.7,0.13,37,0,24,24.2,24.3,0.13
610,-0.25,6.33,24.64,0.56,1.1,24.1,62.3,0.13,29,-2,24.1,24.3,24.5,0.13
611,0.4,8.39,27.44,0.92,1.1,24.1,61.9,0.12,31,-1,24.1,24.3,24.5,0.12
612,-0.216666667,5.983333333,24.68666667,0.49,1.1,24,62.4,0.12,30.33333333,0,24,24.3,24.7,0.12
613,-0.03,5.02,25.54,0.65,1.1,24,62.2,0.13,24,-1,24,24.4,24.9,0.13
614,-0.22,5.99,24.67,0.54,1.1,24.1,62.4,0.12,25,0,24.1,24.5,24.9,0.12
615,-0.34,7.37,24.1,0.5,1.1,23.9,62.8,0.11,27,-1,23.9,24.2,24.5,0.11
616,-0.24,6.2,24.32,0.56,1.1,23.7,63.3,0.1,31,0,23.7,24,24.2,0.1
617,0.34,7.44,26.94,0.81,1.1,24.3,63,0.11,25,1,24.3,24.6,24.8,0.11
618,-0.3,6.9,24.02,0.45,1.1,24.2,62.9,0.1,28,0,24.2,24.5,24.8,0.1
619,-0.2,5.86,24.85,0.56,1.1,24.1,63,0.13,32,0,24.1,24.4,24.8,0.13
620,-0.76,17.02,22.93,0.46,1.1,23.2,64.4,0.13,26,-2,23.2,23.5,23.9,0.13
621,-0.94,23.47,22.42,0.47,1.1,22.8,65.4,0.14,24,-1,22.8,23,23.2,0.14
622,-0.46,9.48,23.77,0.56,1.1,23.3,65.4,0.12,24,1,23.3,23.5,23.6,0.12
623,-0.3,6.82,24.06,0.51,1.1,24,63.8,0.1,25,-1,24,24.1,24.2,0.1
624,-0.16,5.56,24.72,0.56,1.1,24.1,63.5,0.11,36,0,24.1,24.3,24.5,0.11
625,-0.17,5.57,24.89,0.56,1.1,24,63.7,0.12,25,2,24,24.4,24.9,0.12
626,-0.15,5.47,24.8,0.56,1.1,24,63.2,0.11,24,1,24,24.4,24.8,0.11
627,-0.35,7.5,24.24,0.56,1.1,23.5,63.6,0.12,29,1,23.5,23.9,24.3,0.12
628,-0.18,5.7,24.81,0.56,1.1,24,63.5,0.12,27,0,24,24.4,24.8,0.12
629,0.12,5.32,25.9,0.65,1.1,24.3,62.9,0.11,29,0,24.3,24.7,25.2,0.11
630,0.06,5.07,25.41,0.56,1.1,24.6,62.5,0.1,29,0,24.6,24.9,25.2,0.1
631,0.23,6.14,26.14,0.56,1.1,25.4,62.4,0.11,35,0,25.4,25.6,25.7,0.11
632,0.24,6.22,26.25,0.55,1.1,25.5,60.8,0.12,28,0,25.5,25.8,26.2,0.12
633,0.08,5.14,25.85,0.56,1.1,24.9,61.4,0.13,35,0,24.9,25.3,25.8,0.13
634,0.15,5.45,25.72,0.56,1.1,24.9,61.6,0.1,29,1,24.9,25.2,25.5,0.1
635,-0.08,5.13,24.89,0.45,1.1,25.1,61,0.11,26,0,25.1,25.3,25.5,0.11
636,0.42,8.62,26.9,0.75,1.1,24.7,61.2,0.09,33,-1,24.7,25,25.2,0.09
637,0.17,5.58,26.22,0.65,1.1,24.8,61.5,0.13,28,0,24.8,25.1,25.3,0.13
638,0.15,5.44,25.94,0.56,1.1,25.1,61.3,0.12,34,1,25.1,25.4,25.8,0.12
639,0.44,9.11,26.8,0.65,1.1,25.4,60.6,0.09,32,0,25.4,25.6,25.8,0.09
640,0.34,7.4,26.54,0.65,1.1,25.1,60.9,0.1,34.66666667,1,25.1,25.4,25.6,0.1
641,0.39,8.13,26.88,0.65,1.1,25.6,60.2,0.12,34,1,25.6,25.7,25.8,0.12
642,0.34,7.46,26.38,0.56,1.1,25.7,59.9,0.1,32,1,25.7,25.9,26,0.1
643,0.36,7.72,26.55,0.56,1.1,25.8,59.8,0.11,38,0,25.8,26,26.2,0.11
644,0.44,9.13,27.09,0.65,1.1,25.7,59.6,0.12,33,0,25.7,25.9,26.1,0.12
645,0,5,25.3,0.47,1.1,25.3,59.9,0.12,31.66666667,1,25.3,25.6,25.8,0.12
646,0.2,5.82,25.99,0.56,1.1,25.3,59.9,0.11,25,-1,25.3,25.5,25.7,0.11
647,-0.04,5.04,25.14,0.46,1.1,25.3,59.8,0.12,28,0,25.3,25.5,25.7,0.12
648,0.23,6.12,26.11,0.56,1.1,25.4,60,0.11,37,0,25.4,25.6,25.8,0.11
649,0.28,6.57,26.13,0.56,1.1,25.5,59.4,0.1,29,0,25.5,25.7,25.8,0.1
650,-0.01,5,25.33,0.56,1.1,25.1,59.8,0.17,22,1,25.1,25.4,25.7,0.17
651,0.35,7.52,26.76,0.65,1.1,25.3,59.3,0.12,24,1,25.3,25.6,26,0.12
652,0.31,7,26.71,0.65,1.1,25.3,59.6,0.13,49,-1,25.3,25.6,25.8,0.13
653,0.42,8.65,26.8,0.65,1.1,25.4,59.3,0.1,39,1,25.4,25.7,25.9,0.1
654,0.31,7.01,26.46,0.56,1.1,25.8,59.1,0.12,29,1,25.8,26,26.1,0.12
655,0.44,8.99,27.05,0.65,1.1,25.7,58.7,0.12,40,0,25.7,25.9,26.1,0.12
656,0.26,6.39,26.19,0.56,1.1,25.5,59.2,0.11,28,-1,25.5,25.7,25.9,0.11
657,0.45,9.19,26.91,0.65,1.1,25.5,59.2,0.1,37,1,25.5,25.8,26,0.1
658,-0.44,8.96,23.89,0.51,1.1,24.3,61.1,0.19,30,0,24.3,24.6,25,0.19
659,0.31,6.98,26.63,0.72,1.1,24.8,60.7,0.11,56,-1,24.8,25,25.1,0.11
660,0.31,6.99,26.65,0.65,1.1,25.2,62.3,0.12,34,-1,25.2,25.4,25.6,0.12
661,-0.46,9.37,23.64,0.46,1.1,23.8,64.8,0.11,38,0,23.8,24.1,24.4,0.11
662,-0.11,5.25,25.05,0.56,1.1,24.3,64.4,0.12,32,1,24.3,24.6,24.8,0.12
663,0.26,6.4,26.65,0.71,1.1,24.8,63.4,0.13,41,-2,24.8,25,25.1,0.13
664,-0.08,5.13,24.79,0.46,1.1,24.8,63.1,0.1,35,1,24.8,25.1,25.4,0.1
665,0.16,5.54,26.02,0.56,1.1,25.1,63.4,0.12,30,1,25.1,25.4,25.8,0.12
666,0.24,6.15,26.05,0.56,1.1,25.1,62.5,0.1,35,1,25.1,25.5,25.9,0.1
667,0.35,7.61,26.78,0.67,1.1,24.9,62.9,0.11,25,2,24.9,25.4,25.9,0.11
668,0.13,5.35,26.05,0.6,1.1,24.9,63.1,0.13,26,1,24.9,25.2,25.6,0.13
669,-0.15,5.48,24.67,0.47,1.1,24.8,62.8,0.11,42,1,24.8,25,25.1,0.11
670,-0.09,5.18,24.99,0.56,1.1,24.3,63.8,0.11,30,0,24.3,24.6,24.8,0.11
671,0.3,6.87,26.54,0.72,1.1,24.5,63.7,0.1,43,0,24.5,24.8,25,0.1
672,0.22,6.04,26.14,0.65,1.1,24.6,63.7,0.1,31,0,24.6,24.9,25.2,0.1
673,-0.02,5.01,25.54,0.56,1.1,24.5,63.7,0.13,28,1,24.5,25,25.5,0.13
674,-0.37,7.88,23.92,0.39,1.1,24.3,63.7,0.11,25,1,24.3,24.8,25.4,0.11
675,0.16,5.55,25.94,0.65,1.1,24.2,63.7,0.1,23,0,24.2,24.7,25.3,0.1
676,-0.3,6.89,24.26,0.56,1.1,23.5,64.8,0.11,30,-1,23.5,23.9,24.3,0.11
677,-0.35,7.62,23.92,0.56,1.1,23.2,65.2,0.1,19,0,23.2,23.6,24,0.1
678,-1.02,27.05,21.83,0.32,1.1,23.2,65.5,0.1,34,-2,23.2,23.6,24,0.1
679,-0.31,7.04,24.4,0.66,1.1,22.9,66.7,0.12,38,-1,22.9,23.3,23.7,0.12
680,-0.33,7.27,24,0.56,1.1,23.3,66.5,0.1,43,0,23.3,23.6,23.9,0.1
681,0.17,5.58,26.04,0.72,1.1,24,65.5,0.1,22,1,24,24.3,24.5,0.1
682,-0.06,5.07,25.2,0.65,1.1,23.9,65.4,0.11,47,0,23.9,24.1,24.2,0.11
683,-0.45,9.3,23.47,0.41,1.1,24,63.5,0.1,37,0,24,24.3,24.6,0.1
684,0.08,5.14,25.6,0.65,1.1,24.2,63.1,0.1,37,0,24.2,24.5,24.7,0.1
685,-0.21,5.88,24.46,0.56,1.1,23.7,63.6,0.1,35,-1,23.7,24.1,24.5,0.1
686,-0.64,13.53,23.06,0.46,1.1,23.2,63.9,0.11,20,1,23.2,23.6,24.1,0.11
687,-0.22,6,24.59,0.6,1.1,23.5,63.8,0.11,32,-1,23.5,23.9,24.4,0.11
688,-0.12,5.32,24.76,0.56,1.1,24,63.3,0.1,25,0,24,24.4,24.8,0.1
689,0.13,5.33,25.75,0.65,1.1,24.4,62.8,0.1,21,2,24.4,24.6,24.8,0.1
690,0.2,5.85,26.13,0.71,1.1,24.3,62.9,0.1,40,0,24.3,24.5,24.7,0.1
691,-0.13,5.37,24.69,0.55,1.1,24.2,63,0.1,25,-1,24.2,24.4,24.6,0.1
692,-0.07,5.09,24.94,0.56,1.1,24.3,63,0.1,42,-1,24.3,24.5,24.7,0.1
693,0.12,5.31,25.74,0.65,1.1,24.4,62.4,0.1,23,0,24.4,24.6,24.8,0.1
694,0.08,5.14,25.6,0.65,1.1,24.2,63.1,0.1,24,-1,24.2,24.5,24.7,0.1
695,-0.22,6.02,24.28,0.46,1.1,24.5,62.7,0.1,26,0,24.5,24.7,24.9,0.1
696,0.16,5.53,25.75,0.65,1.1,24.4,62.8,0.09,50,1,24.4,24.6,24.8,0.09
697,-0.06,5.07,25.09,0.56,1.1,24.5,62.6,0.11,31,1,24.5,24.7,24.8,0.11
698,0,5,25.17,0.56,1.1,24.5,62.9,0.1,33,1,24.5,24.7,24.9,0.1
699,-0.11,5.25,24.94,0.59,1.1,24.1,63.2,0.11,28,0,24.1,24.3,24.5,0.11
700,-0.35,7.51,23.91,0.51,1.1,23.7,63.7,0.1,28,0,23.7,24,24.2,0.1
701,-0.16,5.52,24.83,0.65,1.1,23.5,64,0.11,25,0,23.5,23.8,24,0.11
702,0.02,5.01,25.59,0.74,1.1,23.5,64.1,0.11,31,-1,23.5,23.8,24,0.11
703,-0.62,13.03,22.88,0.4,1.1,23.7,64.2,0.09,23,0,23.7,23.9,24.1,0.09
704,0.08,5.14,26.33,0.91,1.1,22.9,65.6,0.14,47,-2,22.9,23.3,23.7,0.14
705,-0.57,11.8,23.26,0.56,1.1,22.8,65.6,0.11,23,-1,22.8,23,23.2,0.11
706,-0.18,5.68,24.51,0.65,1.1,23.2,65.1,0.09,49,0,23.2,23.5,23.7,0.09
707,0.1,5.21,26.1,0.88,1.1,23,64.7,0.11,40,-1,23,23.2,23.4,0.11
708,-0.53,10.94,23.21,0.54,1.1,23.1,65,0.1,37,1,23.1,23.2,23.3,0.1
709,-0.23,6.07,24.63,0.56,1.1,24,64.1,0.12,23,1,24,24.2,24.4,0.12
710,0.16,5.52,26.01,0.65,1.1,24.5,63.2,0.11,32,0,24.5,24.8,25.1,0.11
711,0.05,5.05,25.46,0.62,1.1,24.2,63.2,0.1,38,1,24.2,24.5,24.8,0.1
712,0.81,18.74,29.65,1.24,1.1,24.1,63.4,0.1,36,0,24.1,24.3,24.5,0.1
713,0.26,6.44,26.31,0.48,1.1,26.1,61.1,0.13,26,0,26.1,26.3,26.5,0.13
714,0.29,6.76,26.3,0.54,1.1,25.6,61.4,0.11,42,1,25.6,25.9,26.2,0.11
715,0.48,9.82,27.08,0.53,1.1,26,67.3,0.11,34,1,26,26.4,26.8,0.11
716,0.65,13.8,27.81,0.56,1.1,26.5,65.8,0.12,23,0,26.5,26.8,27.1,0.12
717,0.75,16.9,28.26,0.56,1.1,26.8,68.1,0.12,40,2,26.8,27.1,27.3,0.12
718,0.71,15.71,27.87,0.56,1.1,26.9,59.7,0.12,39,2,26.9,27.2,27.4,0.12
719,0.64,13.48,27.44,0.54,1.1,26.7,58.5,0.11,52,1,26.7,27,27.3,0.11
720,0.67,14.49,27.62,0.57,1.1,26.8,58.7,0.11,28,0,26.8,27,27.1,0.11
721,0.67,14.41,27.58,0.56,1.1,26.8,58.4,0.11,38,2,26.8,27,27.2,0.11
722,0.74,16.39,28.12,0.65,1.1,26.6,58.8,0.12,37,1,26.6,26.9,27.1,0.12
723,0.11,5.25,25.68,0.41,1.1,26,58.2,0.13,30,0,26,26.3,26.7,0.13
724,0.35,7.49,26.68,0.56,1.1,25.9,58.6,0.13,31,0,25.9,26.2,26.4,0.13
725,0.16,5.54,25.79,0.52,1.1,25.5,60.2,0.11,37,1,25.5,25.6,25.7,0.11
726,0.15,5.49,26.05,0.65,1.1,24.8,60.2,0.12,32,2,24.8,25,25.1,0.12
727,-0.53,10.92,23.71,0.38,1.1,24.6,60.3,0.14,40,0,24.6,24.9,25.1,0.14
728,-0.01,5,25.48,0.56,1.1,24.9,60.1,0.15,26,-1,24.9,25.3,25.7,0.15
729,0.72,15.82,28.39,0.84,1.1,25.6,59.3,0.11,24,1,25.6,25.9,26.1,0.11
730,0.2,5.82,25.83,0.46,1.1,25.8,59.2,0.11,26,1,25.8,26.1,26.4,0.11
731,0.41,8.45,26.73,0.56,1.1,25.8,59.4,0.11,35,1,25.8,26.2,26.6,0.11
732,0.3,6.81,26.32,0.56,1.1,25.6,59.7,0.11,23,0,25.6,25.8,26,0.11
733,0.46,9.41,26.89,0.56,1.1,26.2,59.8,0.11,25,2,26.2,26.3,26.4,0.11
734,0.26,6.4,26.05,0.41,1.1,26.4,59.1,0.12,52,1,26.4,26.6,26.8,0.12
735,0.65,13.94,28.08,0.72,1.1,25.9,59.4,0.13,18,1,25.9,26.3,26.8,0.13
736,0.36,7.76,26.64,0.54,1.1,25.9,59.6,0.12,31,2,25.9,26.3,26.7,0.12
737,0.54,11.2,27.54,0.65,1.1,26,59.4,0.13,39,0,26,26.3,26.7,0.13
738,0.61,12.7,27.75,0.65,1.1,26.2,59.2,0.13,37,1,26.2,26.5,26.9,0.13
739,0,5,25.16,0.46,1.1,25.4,58.8,0.11,36,1,25.4,25.6,25.7,0.11
740,0.21,5.92,26.32,0.65,1.1,25.1,58.7,0.13,29,1,25.1,25.3,25.4,0.13
741,0.11,5.26,25.87,0.56,1.1,25.3,59.7,0.13,43,1,25.3,25.5,25.6,0.13
742,0.16,5.52,25.95,0.57,1.1,25.3,59.4,0.12,27,0,25.3,25.5,25.6,0.12
743,0.2,5.82,26.2,0.56,1.1,25.4,59,0.13,27,0,25.4,25.7,26.1,0.13
744,0.03,5.02,25.53,0.47,1.1,25.4,59.1,0.13,28,0,25.4,25.8,26.2,0.13
745,0.17,5.63,26.07,0.56,1.1,25.5,58.2,0.15,28,1,25.5,25.8,26.2,0.15
746,0.32,7.08,26.38,0.56,1.1,25.7,58.3,0.11,50,1,25.7,25.9,26.1,0.11
747,0.06,5.07,25.24,0.41,1.1,25.9,56.8,0.11,24,-1,25.9,26,26.1,0.11
748,-0.12,5.3,24.9,0.41,1.1,25.6,57,0.13,37,0,25.6,25.7,25.8,0.13
749,0.22,5.97,26.08,0.55,1.1,25.7,57.3,0.12,25,-1,25.7,25.8,25.9,0.12
750,-0.21,5.95,24.67,0.38,1.1,25.5,57,0.14,39,0,25.5,25.8,26,0.14
751,-0.06,5.07,25.08,0.46,1.1,25.3,57.9,0.12,36,-1,25.3,25.5,25.7,0.12
752,-0.42,8.66,23.68,0.34,1.1,24.9,58.2,0.11,30,2,24.9,25.2,25.4,0.11
753,0.18,5.69,26.13,0.65,1.1,24.9,57.9,0.12,50,0,24.9,25.1,25.3,0.12
754,0,5,25.56,0.56,1.1,24.9,58.1,0.14,32,1,24.9,25.2,25.6,0.14
755,0.3,6.88,26.5,0.65,1.1,25,59.7,0.11,39,0,25,25.4,25.8,0.11
756,0.29,6.75,26.31,0.56,1.1,25.5,59.1,0.11,37,-1,25.5,25.8,26.1,0.11
757,-0.06,5.07,25.16,0.56,1.1,24.8,57.3,0.12,32,0,24.8,24.9,25,0.12
758,0.05,5.04,25.37,0.56,1.1,25.2,56.8,0.11,30,1,25.2,25.1,25,0.11
759,0.14,5.43,25.96,0.65,1.1,24.9,56.7,0.12,32,0,24.9,25,25.1,0.12
760,-0.11,5.24,25.21,0.56,1.1,24.6,57,0.14,27,-1,24.6,25,25.4,0.14
761,-0.21,5.92,24.89,0.56,1.1,24.2,57.3,0.14,29,1,24.2,24.6,25.1,0.14
762,-0.54,11.11,23.63,0.41,1.1,24.3,57.4,0.13,24,0,24.3,24.6,24.8,0.13
763,-0.07,5.09,25.39,0.57,1.1,24.5,57.4,0.14,26,1,24.5,25,25.6,0.14
764,-0.05,5.05,25.25,0.56,1.1,24.5,57.1,0.12,25,0,24.5,24.9,25.4,0.12
765,-0.03,5.02,25.41,0.56,1.1,24.7,57,0.13,25,-1,24.7,25.1,25.5,0.13
766,-0.5,10.28,23.74,0.41,1.1,24.7,57.3,0.15,27,0,24.7,24.9,25,0.15
767,0.48,9.87,27.41,0.82,1.1,25,57.2,0.11,28,-1,25,25.2,25.3,0.11
768,1.83,68.51,33.25,0.67,1.1,29.7,78.4,0.16,41,2,29.7,29.8,29.8,0.16
769,1.37,43.84,28.64,0.49,1.1,29.8,77.9,0.61,32,0,29.8,29.9,29.9,0.61
770,1.7,61.8,32.64,0.57,1.1,29.5,78.1,0.14,43,1,29.5,29.6,29.7,0.14
771,1.56,54.25,30.64,0.38,1.1,30,77.4,0.2,42,1,30,30,30,0.2
772,1.27,38.5,27.73,0.41,1.1,30,77.2,0.7,33,1,30,30.1,30.1,0.7
773,1.81,67.46,32.19,0.55,1.1,30.1,77.2,0.2,30,2,30.1,30.2,30.2,0.2
774,1.78,65.96,31.2,0.55,1.1,30.3,76.3,0.31,25,1,30.3,30.3,30.3,0.31
775,1.74,63.84,30.57,0.55,1.1,30.3,75.6,0.4,29,1,30.3,30.4,30.4,0.4
776,1.78,65.93,31.24,0.45,1.1,30.4,75.2,0.23,59,1,30.4,30.5,30.5,0.23
777,1.59,55.8,29,0.41,1.1,30.5,74.9,0.51,44,2,30.5,30.6,30.6,0.51
778,1.82,67.9,30.92,0.46,1.1,30.6,73.3,0.27,46,2,30.6,30.7,30.7,0.27
779,1.95,74.6,31.74,0.46,1.1,30.9,72.5,0.22,34,1,30.9,30.9,30.9,0.22
780,1.56,53.98,27.97,0.46,1.1,30.7,73,1.14,46,2,30.7,30.8,31,1.14
781,2.04,78.34,31.93,0.41,1.1,31.2,70.1,0.19,37,2,31.2,31.2,31.2,0.19
782,2.14,82.61,32.08,0.55,1.1,31.3,69.1,0.27,25,2,31.3,31.4,31.4,0.27
783,2.2,84.95,33.96,0.63,1.1,31.1,69.7,0.15,24,2,31.1,31.2,31.2,0.15
784,2.01,77.26,30.95,0.46,1.1,31.3,69.2,0.31,36,2,31.3,31.2,31.2,0.31
785,2.2,85,32.35,0.55,1.1,31.5,68.8,0.26,40,2,31.5,31.5,31.5,0.26
786,2.22,85.75,31.57,0.55,1.1,31.7,68.2,0.4,52,2,31.7,31.7,31.7,0.4
787,2.28,87.62,34.05,0.56,1.1,31.4,69,0.12,36,2,31.4,31.5,31.5,0.12
788,2.11,81.52,32.5,0.41,1.1,31.3,69.2,0.16,23,1,31.3,31.4,31.4,0.16
789,1.88,70.97,29,0.46,1.1,31.3,69.2,0.81,44,2,31.3,31.4,31.4,0.81
790,2.19,84.64,32.66,0.52,1.1,31.4,69,0.21,31,1,31.4,31.5,31.5,0.21
791,2.22,85.53,32.46,0.63,1.1,31.4,68.9,0.32,29,1,31.4,31.5,31.5,0.32
792,2.38,90.44,33.78,0.45,1.1,31.9,67.3,0.13,28,2,31.9,32,32,0.13
793,2.19,84.54,29.73,0.41,1.1,32,67.6,0.65,27,2,32,32.1,32.1,0.65
794,2.26,87.13,31.25,0.47,1.1,31.9,67.3,0.38,40,0,31.9,32,32,0.38
795,2.38,90.67,33.16,0.41,1.1,32.1,66.6,0.16,30,2,32.1,32.1,32.1,0.16
796,2.32,88.78,34.45,0.7,1.1,31.4,70.1,0.17,36,1,31.4,31.4,31.4,0.17
797,2.19,84.56,32.64,0.5,1.1,31.4,70.9,0.22,28,2,31.4,31.5,31.5,0.22
798,2.08,80.26,31.23,0.41,1.1,31.4,71,0.29,34,2,31.4,31.5,31.5,0.29
799,2.03,78.23,31.88,0.29,1.1,31.3,71.4,0.16,28,2,31.3,31.4,31.4,0.16
800,2.22,85.58,33.49,0.46,1.1,31.4,71.7,0.15,28,1,31.4,31.5,31.5,0.15
801,2.24,86.31,32.14,0.57,1.1,31.6,71.3,0.38,38,2,31.6,31.6,31.6,0.38
802,1.95,74.51,30.37,0.29,1.1,31.3,71.7,0.27,25,0,31.3,31.4,31.5,0.27
803,2.17,83.77,32.39,0.56,1.1,31.3,71.5,0.28,33,2,31.3,31.4,31.4,0.28
804,2,76.8,30.98,0.43,1.1,31.2,71.9,0.31,27,0,31.2,31.3,31.3,0.31
805,2.09,80.86,31.63,0.57,1.1,31.2,71.8,0.39,59,2,31.2,31.3,31.3,0.39
806,1.17,33.61,27.34,0.34,1.1,30,80.2,0.69,30,1,30,30.1,30.2,0.69
807,1.48,50.05,28.99,0.56,1.1,30,80.8,1.03,34,2,30,30.1,30.1,1.03
808,1.83,68.55,31.58,0.51,1.1,30.3,80,0.31,51,1,30.3,30.5,30.6,0.31
809,1.83,68.56,32.52,0.51,1.1,30.1,80,0.19,46,2,30.1,30.2,30.3,0.19
810,1.72,62.84,30.25,0.56,1.1,30.3,79.9,0.66,32,1,30.3,30.4,30.5,0.66
811,2.03,78.11,32.1,0.65,1.1,30.8,79.3,0.53,38,2,30.8,30.8,30.8,0.53
812,1.89,71.69,31.74,0.45,1.1,30.6,79.4,0.27,32,1,30.6,30.7,30.8,0.27
813,1.88,70.84,31.27,0.55,1.1,30.5,79.8,0.45,31,2,30.5,30.7,30.9,0.45
814,1.75,64.33,30.05,0.45,1.1,30.6,79.5,0.53,36,2,30.6,30.7,30.8,0.53
815,1.65,59.2,29.06,0.43,1.1,30.7,79.1,0.75,30,2,30.7,30.8,30.8,0.75
816,1.82,67.87,30.12,0.56,1.1,30.7,78.7,0.88,25,0,30.7,30.8,30.8,0.88
817,2.05,78.8,33.67,0.56,1.1,30.6,77.2,0.16,42,2,30.6,30.7,30.7,0.16
818,1.59,55.92,29.24,0.63,1.1,30.1,77.7,1.28,25,1,30.1,30.3,30.5,1.28
819,1.43,47.23,30.42,0.51,1.1,29.2,79,0.24,59,0,29.2,29.4,29.5,0.24
820,1.34,42.33,29.62,0.46,1.1,29.3,77.3,0.26,58,1,29.3,29.4,29.5,0.26
821,1.27,38.92,29.33,0.43,1.1,29.2,78.2,0.26,38,2,29.2,29.4,29.5,0.26
822,1.25,37.55,30.86,0.56,1.1,28.1,79.8,0.14,26,0,28.1,28.3,28.5,0.14
823,1.01,26.6,28.77,0.45,1.1,28.3,79.7,0.23,31,1,28.3,28.5,28.7,0.23
824,1.16,33.33,29.98,0.41,1.1,28.5,80,0.15,38,0,28.5,28.7,28.9,0.15
825,1.25,37.84,30.64,0.55,1.1,28.3,80.5,0.16,31,2,28.3,28.5,28.6,0.16
826,1.22,36.19,28.95,0.45,1.1,29.1,79,0.32,30,2,29.1,29.3,29.4,0.32
827,1.48,50.02,29.74,0.56,1.1,29.6,78.3,0.46,33,2,29.6,29.7,29.8,0.46
828,0.75,16.8,26.62,0.41,1.1,28.7,83.8,0.68,48,1,28.7,28.9,29.2,0.68
829,0.97,24.87,28.03,0.38,1.1,28.7,82.6,0.33,35,1,28.7,29,29.3,0.33
830,1.28,39.46,30.61,0.57,1.1,28.3,81.9,0.19,32,1,28.3,28.6,28.9,0.19
831,0.61,12.73,27.34,0.55,1.1,26.9,71.1,0.21,50,0,26.9,27.2,27.5,0.21
832,0.9,21.93,29.25,0.46,1.1,27.4,83.3,0.12,28,-1,27.4,27.6,27.7,0.12
833,0.43,8.93,26.38,0.46,1.1,27.2,84.6,0.36,38,0,27.2,27.4,27.7,0.36
834,0.58,12.15,27.39,0.46,1.1,27.2,84.6,0.24,27,0,27.2,27.4,27.5,0.24
835,0.81,18.82,27.82,0.46,1.1,28,83.3,0.31,29,0,28,28.2,28.3,0.31
836,0.85,20.32,27.78,0.41,1.1,28.3,82.8,0.32,41,2,28.3,28.5,28.8,0.32
837,0.55,11.32,27.14,0.46,1.1,27.1,84.9,0.27,53,2,27.1,27.4,27.8,0.27
838,1.21,35.58,30.52,0.46,1.1,28.1,84.2,0.11,32,1,28.1,28.3,28.5,0.11
839,1.43,47,31.77,0.55,1.1,28.6,82.4,0.14,27,1,28.6,28.8,29,0.14
840,0.62,13.11,27.54,0.56,1.1,26.8,85.1,0.29,33,-1,26.8,27.1,27.5,0.29
841,0.36,7.72,26.81,0.56,1.1,25.9,88.3,0.25,23,-1,25.9,26.2,26.6,0.25
842,0.43,8.94,27.3,0.46,1.1,26.4,87,0.18,36,0,26.4,26.7,27,0.18
843,0.59,12.29,27.96,0.45,1.1,26.7,86.1,0.17,41,2,26.7,27.1,27.5,0.17
844,0.65,13.87,28.47,0.63,1.1,26.1,87.3,0.18,36,1,26.1,26.3,26.5,0.18
845,0.94,23.76,30.39,0.79,1.1,26.1,87.3,0.13,32,0,26.1,26.2,26.3,0.13
846,1.74,63.77,32.15,0.63,1.1,29.6,77.4,0.21,29,0,29.6,29.8,29.9,0.21
847,1.6,56.28,30.81,0.46,1.1,29.8,76.6,0.22,30,0,29.8,30,30.1,0.22
848,1.74,64.03,32.63,0.66,1.1,29.4,77.5,0.17,37,2,29.4,29.6,29.8,0.17
849,1.48,49.82,30.48,0.52,1.1,29.3,77.8,0.25,28,0,29.3,29.5,29.8,0.25
850,1.54,53.2,30.83,0.46,1.1,29.5,77.3,0.2,40,0,29.5,29.8,30.1,0.2
851,1.39,44.76,29.35,0.46,1.1,29.5,77.4,0.34,34,1,29.5,29.7,30,0.34
852,1.14,32.49,27.97,0.26,1.1,29.6,77.3,0.3,29,0,29.6,29.9,30.2,0.3
853,2.01,77.12,33.78,0.63,1.1,30.3,76,0.15,29,0,30.3,30.4,30.5,0.15
854,1.55,53.71,30.28,0.55,1.1,29.6,77.3,0.34,42,0,29.6,29.8,30.1,0.34
855,1.56,54.09,31.31,0.51,1.1,29.3,77.5,0.18,36,0,29.3,29.6,29.9,0.18
856,1.24,37.3,28.87,0.47,1.1,29.1,77.7,0.35,30,1,29.1,29.4,29.7,0.35
857,1.67,60.07,32.24,0.51,1.1,29.5,77.2,0.14,39,2,29.5,29.7,29.9,0.14
858,1.47,49.43,30.27,0.55,1.1,29.3,77.7,0.29,30,0,29.3,29.5,29.8,0.29
859,2,76.88,30.49,0.7,1.1,31,74.4,1.68,59,0,31,31.3,31.6,1.68
860,2.32,89,33.52,0.57,1.1,31.5,72.8,0.23,59,2,31.5,31.7,31.8,0.23
861,1.75,64.4,30.39,0.55,1.1,30.2,73.6,0.41,52,2,30.2,30.6,30.9,0.41
862,1.9,72.2,32.53,0.51,1.1,30.3,73.4,0.16,47,1,30.3,30.5,30.7,0.16
863,1.86,70.1,30.46,0.44,1.1,30.8,72.6,0.34,33,1,30.8,31,31.1,0.34
864,2.29,87.89,34.08,0.63,1.1,31.3,71.6,0.18,28,2,31.3,31.4,31.5,0.18
865,2.35,89.63,35.41,0.74,1.1,31.1,73.4,0.11,33,2,31.1,31.2,31.3,0.11
866,2.14,82.6,32.5,0.46,1.1,31.2,72.7,0.21,33,1,31.2,31.4,31.5,0.21
867,0.97,24.72,25.88,0.41,1.1,30.1,76.6,2.04,42,0,30.1,30.1,30.1,2.04
868,1.56,53.92,30.72,0.34,1.1,30,76.6,0.17,43,2,30,30.1,30.1,0.17
869,1.64,58.67,31.06,0.55,1.1,29.8,78,0.27,41,2,29.8,29.9,29.9,0.27
870,1.56,54.21,30.51,0.45,1.1,29.9,78.6,0.26,37,1,29.9,29.9,29.9,0.26
871,1.6,56.4,29.97,0.65,1.1,29.9,78.7,0.75,34,2,29.9,29.9,29.9,0.75
872,1.65,59.19,31.7,0.45,1.1,29.9,78.7,0.17,30,0,29.9,29.9,29.9,0.17
873,1.71,62.31,31.11,0.57,1.1,30,78.4,0.33,42,0,30,30.1,30.1,0.33
874,1.72,62.93,30.91,0.55,1.1,30.1,77.8,0.35,43,2,30.1,30.2,30.3,0.35
875,1.39,44.79,28.19,0.38,1.1,30.2,73.6,0.49,34,1,30.2,30.3,30.3,0.49
876,1.35,43.1,27.99,0.29,1.1,30.3,74.6,0.42,30,2,30.3,30.4,30.5,0.42
877,1.74,64.02,30.65,0.51,1.1,30.3,74.5,0.33,24,1,30.3,30.4,30.5,0.33
878,1.32,41.49,27.23,0.51,1.1,30.3,74.7,1.97,24,0,30.3,30.4,30.4,1.97
879,1.84,69.13,31.72,0.57,1.1,30.3,80,0.34,39,0,30.3,30.4,30.4,0.34
880,1.76,64.79,30.97,0.51,1.1,30.3,75,0.29,51,2,30.3,30.4,30.4,0.29
881,1.71,62.2,30.54,0.55,1.1,30.2,75.1,0.37,34,1,30.2,30.3,30.3,0.37
882,1.95,74.59,33.58,0.63,1.1,30.2,74.6,0.14,25,0,30.2,30.3,30.3,0.14
883,1.86,70.23,33.16,0.57,1.1,30,76.5,0.14,23,1,30,30.1,30.2,0.14
884,1.16,33.54,26.74,0.41,1.1,30.2,75.8,1.28,44,2,30.2,30.2,30.2,1.28
885,1.8,66.76,31.61,0.55,1.1,30.2,76.1,0.25,46,2,30.2,30.3,30.3,0.25
886,1.58,55.46,29.95,0.46,1.1,30.1,76.9,0.35,28,0,30.1,30.2,30.2,0.35
887,1.49,50.49,29.11,0.43,1.1,30.1,76.7,0.44,26,0,30.1,30.2,30.3,0.44
888,1.84,68.83,31.42,0.68,1.1,30.2,76.5,0.45,49,0,30.2,30.3,30.3,0.45
889,0.64,13.68,26.78,0.34,1.1,28.4,86.6,0.4,30,0,28.4,28.6,28.8,0.4
890,1.41,46.1,31.46,0.56,1.1,28.7,86.8,0.2,34,0,28.7,28.8,28.9,0.2
891,1.03,27.6,28.21,0.45,1.1,28.9,85.4,0.47,35,2,28.9,29,29,0.47
892,1.21,35.75,29.31,0.45,1.1,29,84.3,0.32,56,1,29,29.1,29.2,0.32
893,1.38,44.59,31.17,0.42,1.1,28.8,83.8,0.11,26,1,28.8,28.9,29,0.11
894,1.08,29.53,29.3,0.38,1.1,28.6,83.6,0.2,28,0,28.6,28.8,28.9,0.2
895,1.27,38.67,29.63,0.51,1.1,28.9,83.4,0.33,48,1,28.9,29.1,29.2,0.33
896,1.38,44.5,30.47,0.51,1.1,29,83,0.25,50,0,29,29.2,29.3,0.25
897,1.23,36.72,30.81,0.46,1.1,28.4,83.6,0.14,47,0,28.4,28.6,28.7,0.14
898,1.21,35.58,29.26,0.62,1.1,28.7,83.5,0.48,50,1,28.7,28.6,28.6,0.48
899,1.38,44.25,31.17,0.41,1.1,28.9,83.4,0.12,25,1,28.9,29,29.1,0.12
900,1.42,46.5,31.45,0.6,1.1,28.5,84.4,0.19,32,0,28.5,28.8,29.1,0.19
901,1.41,46.22,31.16,0.74,1.1,28.3,85.1,0.31,28,0,28.3,28.5,28.8,0.31
902,1.39,44.74,31.5,0.57,1.1,28.6,84.9,0.17,29,1,28.6,28.7,28.7,0.17
903,1.59,56.07,31.88,0.65,1.1,29.2,83.7,0.25,38,1,29.2,29.2,29.2,0.25
904,1.81,67.59,33.42,0.56,1.1,29.5,83.7,0.1,32,1,29.5,29.6,29.7,0.1
905,1.97,75.56,34.9,0.78,1.1,29.6,82.8,0.13,31,1,29.6,29.7,29.8,0.13
906,1.65,58.9,33.64,0.55,1.1,28.8,93.8,0.1,30,0,28.8,28.9,29,0.1
907,1.75,64.23,33.02,0.56,1.1,29.4,82.4,0.1,38,2,29.4,29.5,29.5,0.1
908,1.65,59.19,31.87,0.55,1.1,29.6,81.5,0.21,25,0,29.6,29.7,29.7,0.21
909,1.86,70.14,33.54,0.63,1.1,29.8,81.1,0.16,28,2,29.8,29.9,29.9,0.16
910,1.846666667,69.20333333,33.04333333,0.506666667,1.1,30.3,79.3,0.12,32,2,30.3,30.3,30.3,0.12
911,1.88,70.89,32.96,0.45,1.1,30.3,78.3,0.12,30,2,30.3,30.3,30.3,0.12
912,1.46,48.59,27.93,0.56,1.1,30.4,77.1,2.25,29,1,30.4,30.4,30.4,2.25
913,2.08,80.21,33.99,0.56,1.1,30.7,75.8,0.13,27,0,30.7,30.7,30.7,0.13
914,2.13,82.26,32.98,0.51,1.1,31.1,74,0.2,38,1,31.1,31.2,31.2,0.2
915,1.79,66.5,31.23,0.29,1.1,30.7,74.9,0.17,41,0,30.7,30.8,30.8,0.17
916,1.79,66.75,31.31,0.54,1.1,30.3,76.2,0.29,27,2,30.3,30.4,30.4,0.29
917,1.96,74.92,33.57,0.6,1.1,30.1,76.6,0.11,23,2,30.1,30.2,30.3,0.11
918,1.69,61.42,31.84,0.46,1.1,29.9,76.8,0.16,28,1,29.9,30,30.1,0.16
919,1.95,74.26,33.57,0.67,1.1,30.1,76.5,0.16,28,2,30.1,30.2,30.2,0.16
920,1.4,45.53,28.35,0.51,1.1,30,76.4,0.85,36,1,30,30.1,30.1,0.85
921,1.57,54.88,29.19,0.43,1.1,30.4,74.9,0.45,38,1,30.4,30.4,30.4,0.45
922,1.92,72.99,32.3,0.57,1.1,30.4,74.9,0.22,55,1,30.4,30.5,30.6,0.22
923,2,76.85,32.71,0.57,1.1,30.6,74.9,0.21,48,0,30.6,30.7,30.8,0.21
924,1.65,58.83,29.89,0.41,1.1,30.4,74.5,0.32,51,0,30.4,30.5,30.5,0.32
925,1.72,62.73,30.2,0.6,1.1,30.2,75.1,0.56,29,2,30.2,30.4,30.6,0.56
926,1.95,74.56,33.25,0.51,1.1,30.4,75.7,0.14,58,1,30.4,30.5,30.6,0.14
927,1.94,73.86,33.13,0.52,1.1,30.4,76.1,0.15,25,1,30.4,30.5,30.5,0.15
928,1.85,69.73,32.64,0.45,1.1,30.3,76.4,0.11,44,2,30.3,30.2,30.2,0.11
929,1.86,69.82,32.19,0.56,1.1,30.3,74.4,0.2,37,2,30.3,30.3,30.3,0.2
930,1.85,69.8,32.43,0.41,1.1,30.5,74.8,0.14,30,1,30.5,30.5,30.5,0.14
931,1.86,70.17,32.35,0.45,1.1,30.3,74.5,0.09,24,1,30.3,30.2,30.2,0.09
932,1.98,76.07,31.82,0.66,1.1,30.7,70.4,0.33,51,0,30.7,30.8,30.8,0.33
933,2.06,79.49,33.25,0.55,1.1,30.8,69.8,0.14,34,1,30.8,30.9,31,0.14
934,2.31,88.56,33.6,0.54,1.1,31.7,67.5,0.16,31,0,31.7,31.7,31.7,0.16
935,2.28,87.48,33.33,0.47,1.1,31.6,67.7,0.15,57,1,31.6,31.7,31.8,0.15
936,2.09,80.83,32.49,0.51,1.1,31.1,67.9,0.18,29,2,31.1,31.2,31.3,0.18
937,2.05,78.91,31.19,0.55,1.1,31.2,67.9,0.35,30,1,31.2,31.3,31.3,0.35
938,2.19,84.67,32.43,0.45,1.1,31.6,66.4,0.18,22,0,31.6,31.6,31.6,0.18
939,2.36,89.97,35.13,0.57,1.1,31.4,78.5,0.16,25,1,31.4,31.5,31.5,0.16
940,2.25,86.65,33.74,0.52,1.1,31.3,78.8,0.23,41,0,31.3,31.4,31.4,0.23
941,2.01,77.27,31.8,0.45,1.1,31.1,66.3,0.18,31,0,31.1,31.2,31.2,0.18
942,2.19,84.58,31.44,0.49,1.1,31.7,66.2,0.31,28,1,31.7,31.7,31.7,0.31
943,2.72,97.03,34.31,0.66,1.1,32.9,62.3,0.23,30,2,32.9,33,33,0.23
944,2.78,97.63,32.09,0.32,1.1,33.2,61,0.25,33,2,33.2,33.4,33.5,0.25
945,2.92,98.73,33.56,0.43,1.1,33.5,59.9,0.21,29,1,33.5,33.7,33.8,0.21
946,3,99.12,34.82,0.46,1.1,34.2,58.5,0.18,40,2,34.2,34.4,34.5,0.18
947,2.59,95.07,33.34,0.51,1.1,32.5,64,0.22,48,2,32.5,32.7,32.8,0.22
948,2.3,88.22,30.99,0.45,1.1,32.1,65.9,0.41,54,1,32.1,32.1,32.1,0.41
949,2.67,96.33,33.58,0.55,1.1,32.7,63.8,0.24,41,1,32.7,32.9,33,0.24
950,2.79,97.72,34.22,0.63,1.1,33,63,0.26,29,1,33,33.2,33.3,0.26
951,2.79,97.75,34.9,0.52,1.1,33,63.1,0.15,29,2,33,33.2,33.3,0.15
952,2.79,97.76,34.36,0.66,1.1,33,63,0.26,48,2,33,33.2,33.3,0.26
953,2.62,95.64,31.42,0.46,1.1,32.8,62.9,0.47,28,0,32.8,33,33.2,0.47
954,2.39,90.82,31.03,0.45,1.1,32.2,64.4,0.42,52,2,32.2,32.4,32.7,0.42
955,2.17,83.83,28.81,0.46,1.1,32.1,64.9,1.35,30,1,32.1,32.2,32.4,1.35
956,2.46,92.52,34.26,0.63,1.1,32,65.8,0.17,35,0,32,32.1,32.1,0.17
957,2.32,88.9,32.19,0.41,1.1,32,65.4,0.21,48,2,32,32.1,32.1,0.21
958,2.06,79.43,28.7,0.41,1.1,31.9,65.8,0.97,59,1,31.9,32,32,0.97
959,2.43,91.85,32.94,0.72,1.1,32,65.9,0.42,30,1,32,32.1,32.1,0.42
960,2.18,84.32,28.97,0.31,1.1,32.2,65.7,0.6,30,1,32.2,32.3,32.3,0.6
961,2.49,93.13,34.82,0.62,1.1,32,66.4,0.12,34,2,32,32.1,32.1,0.12
962,2.35,89.76,33.99,0.46,1.1,31.7,70,0.13,32,2,31.7,31.8,31.9,0.13
963,2.32,88.97,33.16,0.66,1.1,31.6,69.9,0.3,26,2,31.6,31.7,31.7,0.3
964,2.11,81.55,30.95,0.46,1.1,31.5,70.9,0.4,25,2,31.5,31.6,31.6,0.4
965,2.09,80.61,30.76,0.43,1.1,31.5,71.2,0.39,25,1,31.5,31.6,31.6,0.39
966,2.25,86.74,31.71,0.63,1.1,31.6,70.4,0.61,29,2,31.6,31.7,31.8,0.61
967,2.36,89.91,33.95,0.46,1.1,31.7,69.7,0.12,33,1,31.7,31.8,31.9,0.12
968,2.31,88.67,33.19,0.51,1.1,31.7,69.5,0.2,43,2,31.7,31.8,31.8,0.2
969,2.29,87.96,32.38,0.46,1.1,31.8,69,0.24,30,2,31.8,31.9,31.9,0.24
970,2.51,93.71,34.33,0.62,1.1,32.1,69.3,0.21,25,1,32.1,32.2,32.2,0.21
971,2.44,92.09,33.36,0.45,1.1,32.1,69.8,0.2,37,2,32.1,32.2,32.2,0.2
972,2.37,90.17,32.14,0.45,1.1,32,69.3,0.3,50,0,32,32.1,32.2,0.3
973,2.44,92.05,33.03,0.45,1.1,32.1,69.2,0.22,25,1,32.1,32.2,32.3,0.22
974,2.51,93.57,32.86,0.63,1.1,32.2,69,0.46,26,2,32.2,32.3,32.4,0.46
975,2.56,94.65,34.09,0.66,1.1,32.3,69.1,0.28,26,2,32.3,32.3,32.3,0.28
976,2.46,92.53,33.02,0.46,1.1,32.2,68.8,0.23,29,2,32.2,32.3,32.3,0.23
977,2.49,93.32,32.61,0.46,1.1,32.3,68.7,0.29,35,2,32.3,32.4,32.5,0.29
978,3,99.12,34.36,0.66,1.1,33.8,65.8,0.53,24,1,33.8,33.8,33.8,0.53
979,3,99.12,34.09,0.43,1.1,34.1,65.3,0.31,31,2,34.1,34.1,34.1,0.31
980,3,99.12,35.16,0.66,1.1,33.7,65.5,0.31,25,2,33.7,33.7,33.7,0.31
981,3,99.12,34.55,0.45,1.1,33.8,65.2,0.23,26,2,33.8,33.8,33.8,0.23
982,2.96,98.95,33.18,0.56,1.1,33.5,66.7,0.61,26,2,33.5,33.6,33.6,0.61
983,2.68,96.43,33.74,0.51,1.1,32.6,69.7,0.28,46,2,32.6,32.8,32.9,0.28
984,2.52,93.92,32.53,0.49,1.1,32.4,69.3,0.36,30,2,32.4,32.5,32.5,0.36
985,2.61,95.39,34.03,0.61,1.1,32.4,70,0.29,36,2,32.4,32.5,32.5,0.29
986,2.49,93.32,31.83,0.4,1.1,32.4,69.6,0.37,33,2,32.4,32.5,32.6,0.37
987,2.57,94.82,33.9,0.51,1.1,32.4,68.6,0.21,35,2,32.4,32.5,32.5,0.21
988,2.63,95.79,35.59,0.65,1.1,32.3,69.2,0.15,29,2,32.3,32.4,32.5,0.15
989,2.51,93.73,34.27,0.56,1.1,32.1,69.6,0.19,21,2,32.1,32.2,32.3,0.19
990,2.42,91.53,32.64,0.57,1.1,32,69.4,0.36,23,1,32,32.1,32.2,0.36
991,2.34,89.34,31.12,0.31,1.1,32.2,69.8,0.31,26,1,32.2,32.3,32.3,0.31
992,2.59,95.19,35.06,0.67,1.1,32.3,69.3,0.19,25,1,32.3,32.3,32.3,0.19
993,2.54,94.32,33.62,0.57,1.1,32.3,69.2,0.27,34,2,32.3,32.4,32.4,0.27
994,2.53,94.11,34.19,0.56,1.1,32.2,70.1,0.21,31,2,32.2,32.3,32.3,0.21
995,2.53,93.96,34.01,0.55,1.1,32.2,70.4,0.22,40,2,32.2,32.3,32.3,0.22
996,2.55,94.43,34.01,0.46,1.1,32.3,69.7,0.18,27,2,32.3,32.4,32.5,0.18
997,2.66,96.23,34.37,0.34,1.1,32.6,69.3,0.14,29,2,32.6,32.8,32.9,0.14
998,2.69,96.57,33.35,0.43,1.1,32.7,69.3,0.26,39,2,32.7,32.9,33,0.26
999,2.66,96.15,33.53,0.57,1.1,32.5,69.7,0.35,33,2,32.5,32.7,33,0.35
1000,2.69,96.65,35.02,0.74,1.1,32.4,69.9,0.29,34,1,32.4,32.6,32.9,0.29
1001,2.74,97.24,34.57,0.56,1.1,32.7,69.6,0.24,23,2,32.7,32.9,33,0.24
1002,2.68,96.45,32.86,0.45,1.1,32.7,69.6,0.35,30,2,32.7,32.9,33,0.35
1003,2.2,84.9,32.22,0.56,1.1,31.4,69.7,0.3,37,1,31.4,31.5,31.6,0.3
1004,2.34,89.38,34.31,0.56,1.1,31.5,69.5,0.12,31,1,31.5,31.6,31.7,0.12
1005,2.34,89.42,33.16,0.45,1.1,31.8,69,0.18,37,0,31.8,31.9,32,0.18
1006,2.32,88.75,32.82,0.41,1.1,31.8,69.6,0.19,34,1,31.8,31.9,32,0.19
1007,2.48,93.03,32.53,0.46,1.1,32.3,69.6,0.31,28,2,32.3,32.4,32.4,0.31
1008,2.67,96.35,35.6,0.56,1.1,32.5,69.5,0.13,26,2,32.5,32.6,32.6,0.13
1009,2.47,92.74,34.24,0.41,1.1,32,70.4,0.13,28,2,32,32.2,32.3,0.13
1010,2.5,93.36,34.56,0.51,1.1,32,70,0.15,29,1,32,32.2,32.3,0.15
1011,2.56,94.61,33.25,0.46,1.1,32.4,69.5,0.25,22,1,32.4,32.5,32.6,0.25
1012,2.39,90.92,34.16,0.56,1.1,31.7,71.6,0.18,36,2,31.7,31.8,31.9,0.18
1013,2.36,90.12,34.28,0.55,1.1,31.7,71.7,0.16,38,2,31.7,31.7,31.7,0.16
1014,2.28,87.48,32.2,0.51,1.1,31.7,71.8,0.34,35,2,31.7,31.8,31.8,0.34
1015,2.3,88.15,32.24,0.51,1.1,31.8,71.4,0.34,22,1,31.8,31.8,31.8,0.34
1016,2.16,83.56,30.14,0.46,1.1,31.8,71,0.72,30,0,31.8,31.9,31.9,0.72
1017,2.25,86.81,33.27,0.45,1.1,31.5,71.6,0.17,30,2,31.5,31.6,31.7,0.17
1018,2.43,91.76,33.99,0.55,1.1,31.9,70.6,0.19,31,2,31.9,32,32,0.19
1019,2.49,93.31,33.15,0.61,1.1,32.2,70.1,0.38,29,1,32.2,32.2,32.2,0.38
1020,2.49,93.3,34.59,0.66,1.1,32,70.8,0.21,28,2,32,32,32,0.21
1021,2.26,86.85,31.35,0.45,1.1,31.8,70.7,0.4,30,2,31.8,31.9,32,0.4
1022,2.5,93.38,32.69,0.41,1.1,32.4,69.4,0.26,23,2,32.4,32.4,32.4,0.26
1023,2.57,94.86,31.36,0.56,1.1,32.7,68.8,1.07,22,2,32.7,32.6,32.6,1.07
1024,2.74,97.24,32.73,0.43,1.1,33,69.5,0.38,24,1,33,33,33,0.38
1025,2.67,96.28,31.44,0.46,1.1,32.9,69.6,0.75,29,1,32.9,32.9,32.9,0.75
1026,2.6,95.26,32.77,0.43,1.1,32.6,69.5,0.3,46,2,32.6,32.7,32.7,0.3
1027,2.52,93.82,31.75,0.41,1.1,32.5,69.8,0.42,35,2,32.5,32.6,32.6,0.42
1028,2.44,92.16,32.13,0.55,1.1,32.2,66.3,0.39,29,2,32.2,32.3,32.4,0.39
1029,2.31,88.53,31.69,0.43,1.1,32,66.7,0.28,48,1,32,32.1,32.1,0.28
1030,2.43,91.92,32.27,0.51,1.1,32.2,67.3,0.34,22,1,32.2,32.3,32.3,0.34
1031,2.4,91.03,30.26,0.46,1.1,32.4,67.5,0.84,37,1,32.4,32.5,32.5,0.84
1032,2.68,96.43,33.67,0.63,1.1,32.7,66.6,0.35,26,2,32.7,32.8,32.8,0.35
1033,2.68,96.52,33.07,0.55,1.1,32.8,66.7,0.37,29,0,32.8,32.9,32.9,0.37
1034,2.8,97.83,34.08,0.55,1.1,33.1,66.4,0.27,51,2,33.1,33.1,33.1,0.27
1035,2.81,97.94,33.41,0.62,1.1,33.2,65.8,0.49,33,2,33.2,33.1,33.1,0.49
1036,2.84,98.15,32.36,0.41,1.1,33.4,62.3,0.34,29,2,33.4,33.4,33.4,0.34
1037,2.88,98.45,34.54,0.51,1.1,33.4,62.8,0.19,23,2,33.4,33.4,33.4,0.19
1038,2.89,98.54,32.09,0.34,1.1,33.6,59.9,0.29,33,2,33.6,33.6,33.6,0.29
1039,2.94,98.8,35.15,0.51,1.1,33.6,59.3,0.13,40,2,33.6,33.7,33.7,0.13
1040,3,99.12,34.34,0.41,1.1,34,58.8,0.17,42,2,34,34,34,0.17
1041,3,99.12,34.4,0.55,1.1,33.9,59.3,0.24,39,1,33.9,34.1,34.2,0.24
1042,2.98,99.02,31.54,0.57,1.1,33.7,60.5,1.2,21,1,33.7,33.8,34,1.2
1043,2.95,98.86,33.72,0.46,1.1,33.6,59.8,0.22,35,2,33.6,33.7,33.8,0.22
1044,2.97,99,34.07,0.56,1.1,33.7,59.8,0.26,29,2,33.7,33.8,33.8,0.26
1045,2.96,98.91,32.94,0.52,1.1,33.7,59,0.37,48,2,33.7,33.8,33.8,0.37
1046,2.96,98.95,33.58,0.62,1.1,33.7,60.3,0.41,45,2,33.7,33.7,33.7,0.41
1047,3,99.12,34.71,0.66,1.1,33.7,61.4,0.29,36,2,33.7,33.8,33.9,0.29
1048,3,99.12,32.87,0.46,1.1,33.8,61.7,0.39,47,2,33.8,33.9,33.9,0.39
1049,3,99.12,35.08,0.56,1.1,33.8,61.4,0.2,47,2,33.8,33.9,34,0.2
1050,2.78,97.64,31.43,0.34,1.1,33.3,61.6,0.36,35,2,33.3,33.4,33.4,0.36
1051,2.91,98.64,31.88,0.45,1.1,33.6,60.9,0.49,36,2,33.6,33.6,33.6,0.49
1052,3,99.12,33.28,0.46,1.1,33.8,60,0.29,38,2,33.8,33.9,33.9,0.29
1053,2.93,98.76,33.02,0.45,1.1,33.6,60.2,0.29,35,1,33.6,33.7,33.7,0.29
1054,2.98,99.03,35.6,0.56,1.1,33.7,59.8,0.13,35,2,33.7,33.8,33.8,0.13
1055,2.94,98.84,35.41,0.66,1.1,33.6,59.5,0.17,32,2,33.6,33.7,33.7,0.17
1056,2.93,98.77,34.45,0.56,1.1,33.6,59.1,0.2,27,1,33.6,33.7,33.7,0.2
1057,2.92,98.7,34.51,0.57,1.1,33.5,59.8,0.2,35,2,33.5,33.6,33.7,0.2
1058,2.92,98.7,33.58,0.45,1.1,33.6,60.5,0.23,28,1,33.6,33.6,33.6,0.23
1059,1.28,39.28,29.96,0.56,1.1,28.7,81.9,0.28,36,2,28.7,28.8,28.9,0.28
1060,1.12,31.26,28.37,0.41,1.1,29.1,81.2,0.37,22,0,29.1,29.3,29.4,0.37
1061,1.13,32.1,28.2,0.41,1.1,29.2,80.6,0.43,29,0,29.2,29.4,29.7,0.43
1062,1.02,27.01,27.37,0.43,1.1,29.3,80,0.62,29,1,29.3,29.4,29.4,0.62
1063,1.43,47.26,30.66,0.45,1.1,29.3,79.2,0.19,30,1,29.3,29.4,29.5,0.19
1064,1.34,42.29,29.61,0.39,1.1,29.4,77.6,0.23,38,1,29.4,29.6,29.7,0.23
1065,1.52,52,30.76,0.52,1.1,29.4,76.5,0.22,35,1,29.4,29.6,29.7,0.22
1066,1.65,58.96,32.38,0.59,1.1,29.3,81.4,0.17,35,0,29.3,29.4,29.5,0.17
1067,1.65,59.1,31.66,0.66,1.1,29.4,76.7,0.23,29,1,29.4,29.5,29.6,0.23
1068,1.63,57.91,32.39,0.51,1.1,29.4,87,0.19,24,-1,29.4,29.5,29.6,0.19
1069,1.44,47.41,29.32,0.51,1.1,29.7,75.4,0.41,21,0,29.7,29.8,29.8,0.41
1070,1.79,66.26,32.42,0.56,1.1,29.9,75.1,0.16,31,1,29.9,30,30.1,0.16
1071,1.65,59.21,30.81,0.34,1.1,30.2,75.2,0.18,40,1,30.2,30.4,30.5,0.18
1072,1.63,57.99,30.76,0.31,1.1,30.3,75.4,0.17,40,1,30.3,30.4,30.4,0.17
1073,1.78,65.99,32.32,0.46,1.1,30.2,74.8,0.14,41,2,30.2,30.2,30.2,0.14
1074,1.7,61.85,31.22,0.43,1.1,30.2,73.6,0.18,36,1,30.2,30.3,30.3,0.18
1075,1.69,61.18,30.56,0.38,1.1,30.4,73.5,0.22,24,2,30.4,30.5,30.5,0.22
1076,1.11,30.92,28.4,0.41,1.1,29.1,73,0.26,28,1,29.1,29.1,29.1,0.26
1077,1.97,75.19,32.72,0.59,1.1,30.5,73.3,0.19,26,0,30.5,30.6,30.6,0.19
1078,1.86,69.85,31.29,0.52,1.1,30.5,73.3,0.28,29,0,30.5,30.6,30.7,0.28
1079,1.9,72.09,30.37,0.55,1.1,30.9,72.1,0.54,37,0,30.9,31,31,0.54
1080,2.04,78.54,32.36,0.51,1.1,30.9,72.2,0.21,21,0,30.9,31,31.1,0.21
1081,2.09,80.6,32.49,0.55,1.1,31,84.3,0.5,37,0,31,31.1,31.1,0.5
1082,1.94,74.2,30.89,0.43,1.1,31,75.4,0.35,33,2,31,31.1,31.2,0.35
1083,1.92,73.01,29.51,0.34,1.1,31.4,69.7,0.41,28,1,31.4,31.5,31.5,0.41
1084,2.07,79.88,31.06,0.38,1.1,31.5,68.9,0.26,35,1,31.5,31.5,31.5,0.26
1085,2.29,87.87,32.11,0.55,1.1,31.8,68.6,0.34,29,2,31.8,31.8,31.8,0.34
1086,2.29,87.87,32.65,0.54,1.1,31.7,67.8,0.24,48,0,31.7,31.8,31.8,0.24
1087,2.3,88.34,31.58,0.55,1.1,31.9,67.4,0.44,49,1,31.9,32,32,0.44
1088,2.25,86.55,32.98,0.46,1.1,31.6,68.6,0.17,26,0,31.6,31.7,31.7,0.17
1089,2.33,89.18,33.32,0.59,1.1,31.7,67.5,0.21,29,0,31.7,31.8,31.8,0.21
1090,2.04,78.69,29.63,0.31,1.1,31.7,67,0.37,29,2,31.7,31.8,31.9,0.37
1091,2.09,80.46,29.01,0.34,1.1,31.9,67.1,0.62,45,1,31.9,32,32.1,0.62
1092,2.39,90.8,32.18,0.65,1.1,32,67.2,0.52,46,2,32,32.1,32.1,0.52
1093,2.33,89.16,31.44,0.46,1.1,32.1,67.2,0.37,27,2,32.1,32.1,32.1,0.37
1094,2.3,88.18,30.61,0.46,1.1,32.1,66.8,0.54,33,0,32.1,32.2,32.2,0.54
1095,2.4,91.13,34,0.45,1.1,31.8,69,0.12,30,1,31.8,32,32.1,0.12
1096,2.46,92.45,33.75,0.65,1.1,31.9,68.1,0.25,27,1,31.9,32.1,32.2,0.25
1097,2.48,92.98,33.39,0.66,1.1,32.1,67.8,0.32,23,1,32.1,32.2,32.2,0.32
1098,2.32,88.93,33.04,0.63,1.1,31.6,69.3,0.29,28,2,31.6,31.7,31.8,0.29
1099,2.37,90.2,34.23,0.56,1.1,31.6,69.4,0.15,28,1,31.6,31.8,31.9,0.15
1100,2.49,93.2,33.87,0.43,1.1,32.3,67.5,0.15,32.66666667,2,32.3,32.3,32.3,0.15
1101,2.59,95.16,34.94,0.65,1.1,32.3,68.1,0.18,44,1,32.3,32.4,32.4,0.18
1102,2.48,93.02,31.91,0.46,1.1,32.4,67.3,0.37,35,1,32.4,32.5,32.5,0.37
1103,2.48,93.03,32.8,0.45,1.1,32.3,68.1,0.25,37,2,32.3,32.4,32.4,0.25
1104,2.44,92.03,33.23,0.45,1.1,32.1,67.6,0.19,39,1,32.1,32.2,32.3,0.19
1105,2.58,94.87,35.22,0.59,1.1,32.3,68.1,0.13,29,0,32.3,32.3,32.3,0.13
1106,1.75,64.21,31.46,0.43,1.1,30.2,73.2,0.17,35,1,30.2,30.4,30.5,0.17
1107,0.8,18.4,24.79,0.26,1.1,30.5,71.1,1.63,31,0,30.5,30.6,30.8,1.63
1108,1.82,68.05,30.63,0.65,1.1,30.4,70.9,0.5,31,0,30.4,30.5,30.6,0.5
1109,1.89,71.76,31.44,0.45,1.1,30.8,70.6,0.21,35,2,30.8,30.8,30.8,0.21
1110,1.73,63.33,30.03,0.31,1.1,30.7,71,0.23,27,1,30.7,30.9,31,0.23
1111,1.67,60.27,29.28,0.38,1.1,30.7,70.7,0.37,26,0,30.7,30.8,30.8,0.37
1112,1.83,68.58,31.18,0.29,1.1,30.8,71.3,0.16,25,1,30.8,30.9,31,0.16
1113,1.78,66.09,30.03,0.41,1.1,30.7,71.2,0.33,35,2,30.7,30.9,31,0.33
1114,1.86,70.17,31.7,0.41,1.1,30.6,71.6,0.17,27,1,30.6,30.7,30.8,0.17
1115,2.08,80.05,32.61,0.66,1.1,30.8,71.1,0.26,25,1,30.8,30.9,31,0.26
1116,1.88,71.27,31.54,0.46,1.1,30.6,70.9,0.2,22,0,30.6,30.8,30.9,0.2
1117,1.9,72.08,31.16,0.56,1.1,30.6,71.3,0.33,23,2,30.6,30.8,30.9,0.33
1118,1.79,66.5,31.03,0.45,1.1,30.5,72.3,0.23,30,1,30.5,30.6,30.6,0.23
1119,1.23,36.92,27.64,0.56,1.1,29.6,74.5,1.16,34,2,29.6,29.8,30,1.16
1120,1.3,40.31,29.28,0.46,1.1,29.2,76.2,0.28,33,1,29.2,29.4,29.7,0.28
1121,1.58,55.27,31.71,0.63,1.1,29.1,76.4,0.18,39,1,29.1,29.3,29.4,0.18
1122,0.85,20.36,27.08,0.45,1.1,28.6,77.1,0.49,37,0,28.6,28.8,29.1,0.49
1123,0.98,25.11,27.85,0.45,1.1,28.6,77.7,0.37,44,2,28.6,28.9,29.2,0.37
1124,1.43,47.11,31.04,0.45,1.1,28.9,77.5,0.12,48,2,28.9,29.2,29.4,0.12
1125,1.51,51.55,30.78,0.34,1.1,29.6,76.1,0.15,34,-1,29.6,29.9,30.3,0.15
1126,1.66,59.36,30.37,0.56,1.1,30,74.4,0.37,38,0,30,30.1,30.2,0.37
1127,1.33,41.6,30.9,0.43,1.1,28.6,83.5,0.11,40,2,28.6,28.8,28.9,0.11
1128,0.84,19.93,28.25,0.29,1.1,28.4,83.4,0.19,32,0,28.4,28.6,28.7,0.19
1129,0.64,13.53,26.66,0.41,1.1,28.3,85.5,0.49,40,0,28.3,28.3,28.3,0.49
1130,0.65,13.87,26.83,0.31,1.1,28.5,85,0.34,34,0,28.5,28.6,28.7,0.34
1131,0.88,21.39,28.02,0.51,1.1,28.1,86,0.42,26,1,28.1,28.3,28.5,0.42
1132,0.99,25.55,29.07,0.34,1.1,28.5,86.9,0.2,44,0,28.5,28.7,28.8,0.2
1133,1.48,50.08,31.87,0.7,1.1,28.4,85.4,0.22,26,-1,28.4,28.7,29,0.22
1134,1.52,51.88,30.7,0.45,1.1,29.6,76.9,0.2,28,0,29.6,29.7,29.8,0.2
1135,2.04,78.63,33.11,0.58,1.1,30.6,74.9,0.19,29,2,30.6,30.8,30.9,0.19
1136,1.93,73.73,32.84,0.45,1.1,30.5,74.4,0.13,45,1,30.5,30.6,30.7,0.13
1137,-0.17,5.58,24.81,0.56,1.1,24,40.7,0.11,35,0,24,24.9,25.7,0.11
1138,2.02,77.45,33.95,0.68,1.1,30.3,74.2,0.14,20,1,30.3,30.4,30.4,0.14
1139,1.69,61.16,31.27,0.29,1.1,30.3,74,0.13,30,2,30.3,30.4,30.5,0.13
1140,1.76,64.79,32.16,0.52,1.1,29.9,73.3,0.15,24,2,29.9,30.1,30.2,0.15
1141,1.97,75.56,31.69,0.4,1.1,31,72.9,0.21,28,2,31,31.1,31.1,0.21
1142,2,76.9,30.88,0.39,1.1,31.3,72.5,0.31,24,2,31.3,31.3,31.3,0.31
1143,0.03,5.02,24.73,0.26,1.1,26.7,44.2,0.1,40,0,26.7,27,27.2,0.1
1144,1.96,75.05,32.78,0.51,1.1,30.5,73.6,0.16,29,2,30.5,30.7,30.8,0.16
1145,1.85,69.81,31.92,0.45,1.1,30.5,74,0.18,35,2,30.5,30.6,30.6,0.18
1146,1.98,75.75,32.96,0.51,1.1,30.6,74.7,0.16,38,0,30.6,30.7,30.7,0.16
1147,2.04,78.63,33.25,0.49,1.1,30.7,74.7,0.15,25,2,30.7,30.9,31,0.15
1148,1.89,71.64,31.4,0.37,1.1,30.8,74.6,0.21,38,2,30.8,30.9,31,0.21
1149,2.24,86.2,34.45,0.56,1.1,31,74.9,0.12,39,2,31,31.2,31.3,0.12
1150,1.93,73.36,31.31,0.51,1.1,30.7,75.2,0.34,24,2,30.7,30.9,31,0.34
1151,2.01,77.01,33.16,0.55,1.1,30.5,75.9,0.17,61,2,30.5,30.7,30.8,0.17
1152,2.05,79.03,33.86,0.56,1.1,30.5,76.2,0.14,30,2,30.5,30.7,30.8,0.14
1153,2.07,79.62,32.82,0.41,1.1,31,75.8,0.17,37,-1,31,31.1,31.2,0.17
1154,2.02,77.73,30.46,0.54,1.1,31.2,75.9,0.83,38,2,31.2,31.4,31.6,0.83
1155,1.93,73.31,31,0.65,1.1,30.7,77.6,0.79,28,2,30.7,30.8,30.8,0.79
1156,1.99,76.23,32.05,0.63,1.1,30.6,78.1,0.42,25,0,30.6,30.7,30.8,0.42
1157,2,76.54,31.68,0.7,1.1,30.7,78.5,0.75,44,2,30.7,30.8,30.8,0.75
1158,2.11,81.33,33.92,0.45,1.1,30.9,78.4,0.12,41,0,30.9,30.9,30.9,0.12
