Air temperature (¡C),Relative humidity (%),Air velocity (m/s),Outdoor monthly air temperature (¡C),Thermal sensation,Radiant temperature (¡C),Age,Sex,Clo,Met
23.72,61.78,0.03,28,0,23.72,32,2,0.22,1.6
24.07,54.12,0.03,32,0,24.07,32,2,0.52,1.05
23.29,49.11,0.03,27,-1,23.29,32,2,0.44,1.6
23.55,48.59,0.03,28,0,23.55,32,2,0.34,1.05
23.81,48.6,0.03,29,0,23.81,32,2,0.34,1.05
23.55,57.74,0.03,27,-1,23.55,32,2,0.31,1.6
23.98,55.62,0.03,31,0,23.98,32,2,0.56,1
24.07,53.04,0.03,30,1,24.07,32,2,0.56,1.05
23.38,59.72,0.03,28,1,23.38,32,2,0.31,1.6
24.07,55.84,0.03,31,0,24.07,32,2,0.56,1.05
24.07,54.1,0.03,32,1,24.07,32,2,0.31,1.05
23.72,61.36,0.03,26,1,23.72,32,2,0.32,1.6
23.89,56.25,0.03,26,0,23.89,32,2,0.34,1.05
23.98,52.84,0.03,28,1,23.98,32,2,0.34,1.05
23.2,52.82,0.03,26,1,23.2,32,2,0.34,1.6
23.89,50.05,0.03,29,-1,23.89,32,2,0.59,1.05
23.2,53.72,0.03,24,0,23.2,32,2,0.4,1.6
24.07,51,0.03,24,1,24.07,32,2,0.4,1.367
23.98,49.25,0.03,24,0,23.98,32,2,0.4,1.05
23.03,55.63,0.03,27,0,23.03,32,2,0.31,1.6
24.07,51.6,0.03,28,-1,24.07,32,2,0.31,1.05
23.03,52.4,0.03,25,1,23.03,32,2,0.34,1.6
23.38,50.52,0.03,28,-1,23.38,32,2,0.34,1.05
24.07,47.17,0.03,30,0,24.07,32,2,0.34,1.05
23.72,55.58,0.03,27,0,23.72,32,2,0.32,1.6
23.72,53.26,0.03,31,-1,23.72,32,2,0.57,1.267
24.76,43.65,0.03,21,0,24.76,32,2,0.33,1.05
23.38,41.16,0.03,21,0,23.38,32,2,0.33,1.1
21.13,44.06,0.03,8,0,21.13,32,2,0.61,2
22.69,39.83,0.03,9,-2,22.69,32,2,0.86,1.033
22.69,35.52,0.03,10,0,22.69,32,2,0.86,1.05
20.95,40.92,0.03,9,1,20.95,32,2,0.88,1
22.94,35.81,0.03,11,0,22.94,32,2,0.88,1.05
23.03,34.08,0.03,10,1,23.03,32,2,0.88,1.033
21.65,38.36,0.03,8,0,21.65,32,2,0.8,1.9
22.94,35.38,0.03,10,-1,22.94,32,2,0.8,1.067
23.72,32.39,0.03,9,1,23.72,32,2,0.8,1.275
22.69,26.8,0.03,6,-2,22.69,32,2,0.85,1.15
23.03,26.86,0.03,7,0,23.03,32,2,0.75,1.067
19.92,29.06,0.03,3,0,19.92,32,2,0.77,1.9
21.99,24.17,0.03,6.277778,0,21.99,32,2,0.77,1.175
22.43,25.25,0.03,7,0,22.43,32,2,0.67,1.033
20.95,28.93,0.03,4,0,20.95,32,2,0.69,1.9
21.3,26.41,0.03,3,-2,21.3,32,2,0.79,1.275
21.82,26.82,0.03,3,0,21.82,32,2,0.79,1.15
19.92,30.75,0.03,6,0,19.92,32,2,0.76,1.9
22.69,23.26,0.03,9,1,22.69,32,2,0.76,1.033
23.29,25.68,0.03,11,1,23.29,32,2,0.76,1.15
23.38,43.1,0.03,21,1,23.38,32,2,0.73,1.067
22.34,42.21,0.03,20,0,22.34,32,2,0.73,1.067
22.34,41.42,0.03,7,-1,22.34,32,2,0.59,1.375
23.03,33.19,0.03,9,-1,23.03,32,2,0.59,1.067
20.61,30.2,0.03,4,0,20.61,32,2,0.65,1.5
22.34,26.72,0.03,9,-1,22.34,32,2,0.65,1.5
22.69,30.18,0.03,10,0,22.69,32,2,0.65,1.2
21.3,29.99,0.03,6,-1,21.3,32,2,0.62,1.9
21.99,26.58,0.03,8,0,21.99,32,2,0.87,1.067
22.34,26.91,0.03,10,0,22.34,32,2,0.87,1.2
21.13,21.31,0.03,-1,1,21.13,32,2,0.71,1.6
22.34,22.46,0.03,1,-2,22.34,32,2,0.71,1.5
21.73,21.97,0.03,2,0,21.73,32,2,0.71,1.067
21.3,27.72,0.03,4,0,21.3,32,2,0.8,1.6
22.34,28.02,0.03,8,0,22.34,32,2,0.8,1.067
22.69,30.34,0.03,12,1,22.69,32,2,0.8,1.067
21.13,35.08,0.03,12,0,21.13,32,2,0.78,1.75
23.2,44.71,0.03,19,0,23.2,32,2,0.42,1.067
21.04,30.33,0.03,7,0,21.04,32,2,0.57,1.6
22.25,28.76,0.03,7,-2,22.25,32,2,0.871,1.275
22.6,27.61,0.03,6,0,22.6,32,2,0.871,1.5
20.87,24.2,0.03,-1,1,20.87,32,2,0.99,1.6
21.91,20.19,0.03,-1,-2,21.91,32,2,0.99,1.067
19.92,23.82,0.03,0,1,19.92,32,2,0.95,1.6
21.65,20.88,0.03,1,0,21.65,32,2,0.95,1
21.99,21.78,0.03,1,1,21.99,32,2,0.95,1.067
20.17,26.61,0.03,1,0,20.17,32,2,0.67,1.9
21.99,22.58,0.03,4,-1,21.99,32,2,0.67,1.033
21.3,20.22,0.03,2,-2,21.3,32,2,0.88,1.653
20.35,26.44,0.03,3,1,20.35,32,2,0.59,1.6
21.82,25.01,0.03,3,0,21.82,32,2,0.95,1.067
21.82,27.52,0.03,3,-1,21.82,32,2,0.95,1.067
22.34,32.52,0.03,17,0,22.34,32,2,0.64,1.6
23.72,33.05,0.03,23,0,23.72,32,2,0.64,1.05
22.69,44.36,0.03,22,0,22.69,32,2,0.561,1.75
24.07,44.91,0.03,30,0,24.07,32,2,0.51,1.033
24.76,45.68,0.03,31,0,24.76,32,2,0.51,1.033
23.38,54.8,0.03,21,0,23.38,32,2,0.55,1.6
21.73,43.2,0.03,8,0,21.73,32,2,0.74,1.6
22.69,37.31,0.03,9,1,22.69,32,2,0.74,1.067
23.2,39.38,0.03,9,0,23.2,32,2,0.74,1.15
22.34,30.09,0.03,9.444444,0,22.34,32,2,0.32,1.6
23.64,28.71,0.03,12,-1,23.64,32,2,0.79,1.033
24.07,30.17,0.03,13.611111,1,24.07,32,2,0.79,1.067
25.36,42.56,0.03,23,0,25.36,32,2,0.59,1.067
23.03,44.74,0.03,18,-2,23.03,32,2,0.82,1.067
23.38,42.57,0.03,21,0,23.38,32,2,0.82,1.067
22.69,43.76,0.03,14,0,22.69,32,2,0.52,1.6
23.89,43.91,0.03,16,-1,23.89,32,2,0.77,1.067
24.07,46.34,0.03,18,1,24.07,32,2,0.77,1.033
23.46,53.4,0.03,22,-2,23.46,32,2,0.8,1.5
23.38,54.35,0.03,23,0,23.38,32,2,0.8,1.067
23.29,57.26,0.03,25,0,23.29,32,2,0.8,1.067
24.14,55.63,0.03,29,1,24.14,56,2,0.61,1.475
23.33,55.63,0.03,24,0,23.33,56,2,0.44,2.8
22.81,55.63,0.03,28,0,22.81,56,2,0.74,1.475
23.18,55.63,0.03,29,0,23.18,56,2,0.56,1.267
22.66,55.63,0.03,26,0,22.66,56,2,0.44,1.35
24.07,55.63,0.03,32,1,24.07,56,2,0.44,1
24.51,55.63,0.03,33,2,24.51,56,2,0.42,1.05
23.55,55.63,0.03,30,1,23.55,56,2,0.44,1.567
22.88,55.63,0.03,28,0,22.88,56,2,0.51,1.45
22.73,55.63,0.03,23,0,22.73,56,2,0.51,1.55
22.73,55.63,0.03,28,0,22.73,56,2,0.44,1.05
22.73,55.63,0.03,29,0,22.73,56,2,0.79,1.4
23.92,55.63,0.03,32,1,23.92,56,2,0.61,1.267
22.88,30.45,0.03,3,0,22.88,56,2,0.95,1.2
22.14,30.45,0.03,6.277778,0,22.14,56,2,0.95,1.05
22.81,30.45,0.03,4,1,22.81,56,2,1.09,1.567
21.69,30.45,0.03,3,-1,21.69,56,2,0.69,1.05
22.88,30.45,0.03,3,0,22.88,56,2,0.59,1.05
22.88,30.45,0.03,9,1,22.88,56,2,0.59,1.456
23.1,30.45,0.03,11,0,23.1,56,2,0.59,1.18
22.81,30.45,0.03,7,1,22.81,56,2,0.86,1.3
23.33,30.45,0.03,11,1,23.33,56,2,0.86,1.367
22.88,30.45,0.03,13,1,22.88,56,2,0.86,1.7
23.33,22.36,0.03,9,2,23.33,56,2,0.86,1.5
23.4,22.36,0.03,9,2,23.4,56,2,0.82,1.333
22.88,22.36,0.03,10,2,22.88,56,2,0.57,1.4
22.51,22.36,0.03,7,0,22.51,56,2,0.77,1.608
22.66,22.36,0.03,9,1,22.66,56,2,0.77,1.6
22.88,22.36,0.03,9,1,22.88,56,2,0.77,1.1
22.58,22.36,0.03,-1,0,22.58,56,2,1.04,1.275
22.51,31.02,0.03,12,1,22.51,56,2,0.88,1.62
22.96,31.02,0.03,18,-1,22.96,56,2,0.88,1.05
21.69,31.02,0.03,12,-1,21.69,56,2,0.88,1.4
18.64,31.02,0.03,4,-2,18.64,56,2,0.77,1.643
23.25,31.02,0.03,6,-2,23.25,56,2,0.77,1.4
23.47,31.02,0.03,7,0,23.47,56,2,0.77,1.4
22.96,31.02,0.03,6,1,22.96,56,2,0.65,1.475
22.44,31.02,0.03,7,0,22.44,56,2,0.65,1.2
22.66,31.02,0.03,8,1,22.66,56,2,0.65,1.525
23.1,31.02,0.03,11,0,23.1,56,2,0.65,1.4
23.77,31.02,0.03,10,1,23.77,56,2,0.65,1.325
23.38,55.63,0.03,27,1,23.38,55,2,0.44,1.6
23.64,55.63,0.03,30,-2,23.64,55,2,0.44,1.267
24.05,55.63,0.03,29,-2,24.05,55,2,0.44,1.267
23.38,55.63,0.03,26,-2,23.38,55,2,0.58,1.6
23.38,55.63,0.03,28,-1,23.38,55,2,0.58,1.267
23.64,55.63,0.03,28,0,23.64,55,2,0.58,1.55
23.31,55.63,0.03,24,0,23.31,55,2,0.44,1.6
23.24,55.63,0.03,26,-2,23.24,55,2,0.44,1.05
23.38,55.63,0.03,27,-2,23.38,55,2,0.44,1.1
23.24,55.63,0.03,27,0,23.24,55,2,0.44,1.6
23.38,55.63,0.03,31,1,23.38,55,2,0.44,1.55
23.91,55.63,0.03,33,2,23.91,55,2,0.44,1.5
23.64,55.63,0.03,28,0,23.64,55,2,0.58,1.6
24.18,55.63,0.03,32,-2,24.18,55,2,0.58,1.267
24.65,55.63,0.03,33,-1,24.65,55,2,0.58,1.267
24.18,55.63,0.03,28,0,24.18,55,2,0.34,1.6
24.32,55.63,0.03,30,-2,24.32,55,2,0.34,1.267
24.72,55.63,0.03,32,-2,24.72,55,2,0.34,1.05
23.24,55.63,0.03,26,-1,23.24,55,2,0.58,1.6
23.38,55.63,0.03,28,-2,23.38,55,2,0.58,1.1
23.58,55.63,0.03,29,-2,23.58,55,2,0.58,1.267
23.38,55.63,0.03,27,-1,23.38,55,2,0.44,1.3
23.64,55.63,0.03,30,-1,23.64,55,2,0.44,1.267
23.64,55.63,0.03,31,-1,23.64,55,2,0.44,1.1
23.91,55.63,0.03,31,-2,23.91,55,2,0.44,1.05
23.58,55.63,0.03,28,-2,23.58,55,2,0.44,1.3
23.91,55.63,0.03,31,-2,23.91,55,2,0.44,1.267
24.45,55.63,0.03,33,-1,24.45,55,2,0.44,1.05
23.91,55.63,0.03,26,-2,23.91,55,2,0.45,1.3
23.58,55.63,0.03,26,-2,23.58,55,2,0.45,1.267
23.64,55.63,0.03,26,-1,23.64,55,2,0.45,1.35
24.72,55.63,0.03,24,1,24.72,55,2,0.44,1.067
23.44,55.63,0.03,26,0,23.44,55,2,0.44,1.267
24.05,55.63,0.03,25,0,24.05,55,2,0.44,1.05
24.18,55.63,0.03,21,-1,24.18,55,2,0.71,1.1
23.91,55.63,0.03,21,-2,23.91,55,2,0.71,1.1
19.59,30.45,0.03,4,0,19.59,55,2,0.62,1.661
20.95,30.45,0.03,6,-2,20.95,55,2,0.8,1.2
22.57,30.45,0.03,8,-2,22.57,55,2,0.92,1.2
19.46,30.45,0.03,3,-1,19.46,55,2,0.71,1.25
21.35,30.45,0.03,6.277778,-1,21.35,55,2,1.01,1.2
22.77,30.45,0.03,7,-1,22.77,55,2,1.01,1.15
20.14,30.45,0.03,4,0,20.14,55,2,0.67,1
21.22,30.45,0.03,3,0,21.22,55,2,0.67,1.05
22.23,30.45,0.03,2,-1,22.23,55,2,1.1,1.3
19.87,30.45,0.03,6,0,19.87,55,2,0.71,1
22.03,30.45,0.03,9,-1,22.03,55,2,0.71,1.15
22.84,30.45,0.03,11,-1,22.84,55,2,0.71,1.325
20.41,30.45,0.03,7,1,20.41,55,2,0.84,1
23.04,30.45,0.03,11,2,23.04,55,2,0.84,1.3
23.91,30.45,0.03,13,2,23.91,55,2,0.84,1.7
22.16,30.45,0.03,12,0,22.16,55,2,0.46,1
23.64,30.45,0.03,21,1,23.64,55,2,0.46,1.1
23.24,30.45,0.03,21,-1,23.24,55,2,0.76,1.1
22.3,30.45,0.03,7,0,22.3,55,2,0.54,1
22.84,30.45,0.03,7,-1,22.84,55,2,0.84,1.05
23.24,30.45,0.03,8,-1,23.24,55,2,0.84,1.05
20,30.45,0.03,5,0,20,55,2,0.78,1.4
22.3,30.45,0.03,7.944444,0,22.3,55,2,0.78,1.1
23.38,30.45,0.03,9,0,23.38,55,2,0.78,1.1
20.88,30.45,0.03,5,0,20.88,55,2,0.67,1
22.7,30.45,0.03,8,0,22.7,55,2,0.67,1.05
23.38,30.45,0.03,9,0,23.38,55,2,0.67,1.067
20.81,30.45,0.03,6,0,20.81,55,2,0.67,1
22.23,30.45,0.03,8,0,22.23,55,2,0.97,1.175
23.24,30.45,0.03,9,0,23.24,55,2,0.97,1
21.96,22.36,0.03,4,1,21.96,55,2,0.49,1.25
23.24,22.36,0.03,9,2,23.24,55,2,0.49,1.28
23.91,22.36,0.03,10,1,23.91,55,2,0.49,1.325
22.16,22.36,0.03,6,1,22.16,55,2,0.67,1.25
23.24,22.36,0.03,8,1,23.24,55,2,0.67,1.15
23.91,22.36,0.03,10,1,23.91,55,2,0.67,1.267
22.57,22.36,0.03,-1,2,22.57,55,2,0.78,1
23.64,22.36,0.03,1,2,23.64,55,2,0.78,1.36
23.44,22.36,0.03,2,2,23.44,55,2,0.78,1.2
23.38,22.36,0.03,4,2,23.38,55,2,0.78,1.25
24.38,22.36,0.03,8,2,24.38,55,2,0.78,1.28
24.99,22.36,0.03,11,2,24.99,55,2,0.78,1.175
24.45,22.36,0.03,12,2,24.45,55,2,0.58,1.033
24.45,22.36,0.03,18,2,24.45,55,2,0.58,1.175
24.99,22.36,0.03,19,2,24.99,55,2,0.58,1.067
23.11,22.36,0.03,7,1,23.11,55,2,0.67,1
23.85,22.36,0.03,7,0,23.85,55,2,0.67,1.067
24.72,22.36,0.03,6,1,24.72,55,2,0.67,1.05
22.3,22.36,0.03,-1,1,22.3,55,2,0.84,1.25
22.7,22.36,0.03,-1,1,22.7,55,2,0.84,1
23.31,22.36,0.03,-1.222222,1,23.31,55,2,0.84,1.067
20.68,22.36,0.03,-3,-1,20.68,55,2,1.081,1.1
21.76,22.36,0.03,-2,-1,21.76,55,2,0.78,1.05
22.57,22.36,0.03,-1,-1,22.57,55,2,0.78,1.2
22.16,22.36,0.03,0,2,22.16,55,2,0.84,1.275
22.84,22.36,0.03,1,1,22.84,55,2,0.84,1.175
23.04,22.36,0.03,1,-1,23.04,55,2,0.76,1.28
22.23,22.36,0.03,1,2,22.23,55,2,0.78,1.25
23.04,22.36,0.03,4,-1,23.04,55,2,0.84,1.05
23.38,22.36,0.03,4,-1,23.38,55,2,0.78,1.067
22.3,22.36,0.03,-1,1,22.3,55,2,0.78,1.05
23.11,22.36,0.03,2,-1,23.11,55,2,1.081,1.267
23.31,22.36,0.03,3,-1,23.31,55,2,1.081,1.5
22.84,22.36,0.03,3,2,22.84,55,2,0.84,1.25
23.17,22.36,0.03,3,1,23.17,55,2,0.84,1.2
23.38,22.36,0.03,3,1,23.38,55,2,0.84,1.2
24.08,31.57,0.03,17,0,24.08,55,2,0.42,1
25.75,29.28,0.03,23,0,25.75,55,2,0.42,1.05
26.53,29.2,0.03,22,1,26.53,55,2,0.42,1.5
25,38.84,0.03,22,0,25,55,2,0.39,1
27.04,32.47,0.03,28,0,27.04,55,2,0.39,1.067
24.22,51.63,0.03,21,0,24.22,55,2,0.39,1
22.85,52.76,0.03,21,-1,22.85,55,2,0.39,1.1
23.33,46.61,0.03,18,2,23.33,55,2,0.611,1.267
21.42,42.69,0.03,8,0,21.42,55,2,0.59,1
21.73,41.49,0.03,8,0,21.73,55,2,0.59,1.3
24.03,36.46,0.03,9,0,24.03,55,2,0.59,1.26
23.48,27.06,0.03,9.444444,0,23.48,55,2,0.46,1.267
24.73,26.61,0.03,13,0,24.73,55,2,0.46,1.2
24.8,27.57,0.03,14,0,24.8,55,2,0.46,1.2
23.91,38.2,0.03,21,0,23.91,55,2,0.46,1
26.9,37.61,0.03,22,0,26.9,55,2,0.46,1.025
22.16,48.79,0.03,16,0,22.16,55,2,0.46,1.25
22.92,44.38,0.03,17,0,22.92,55,2,0.46,1.05
24.68,38.21,0.03,21,0,24.68,55,2,0.46,1.4
21.97,44.14,0.03,14,-1,21.97,55,2,0.46,1.2
23.14,44.24,0.03,16,-1,23.14,55,2,0.46,1.267
24.13,43.65,0.03,18,-1,24.13,55,2,0.46,1.05
23.31,47.31,0.03,19,0,23.31,55,2,0.46,1.033
23.96,52.79,0.03,23,0,23.96,55,2,0.46,1.05
24.2,54.46,0.03,26,0,24.2,55,2,0.46,1.4
24.15,54.32,0.03,24,-1,24.15,58,2,0.44,1.6
24.25,50.93,0.03,30,-1,24.25,58,2,0.74,1.3
24.34,49.89,0.03,29,0,24.34,58,2,0.44,1.367
23.96,51.12,0.03,24,-1,23.96,58,2,0.44,1.6
24.06,48.78,0.03,27,-2,24.06,58,2,0.74,1
24.44,47.06,0.03,28,0,24.44,58,2,0.44,1.5
24.06,53.32,0.03,23,-1,24.06,58,2,0.61,1.6
23.96,49.46,0.03,26,-1,23.96,58,2,0.65,1.267
24.15,47.86,0.03,27,-1,24.15,58,2,0.61,1.05
23.96,49.64,0.03,27,1,23.96,58,2,0.78,1.6
24.06,50.19,0.03,32,-1,24.06,58,2,0.74,1.05
24.34,49.49,0.03,33,0,24.34,58,2,0.44,1.05
24.25,54.67,0.03,26,0,24.25,58,2,0.44,1.6
24.53,54.42,0.03,31,-1,24.53,58,2,0.78,1.05
24.82,53.55,0.03,33,0,24.82,58,2,0.44,1.35
24.44,59.58,0.03,27,-1,24.44,58,2,0.78,1.6
24.25,55.29,0.03,29,-2,24.25,58,2,1.08,1.267
24.06,51.82,0.03,31,0,24.06,58,2,0.44,1.5
24.06,48.63,0.03,26,-1,24.06,58,2,0.6,1.6
24.34,45.13,0.03,28,-1,24.34,58,2,0.78,1.35
23.48,53.82,0.03,27,0,23.48,58,2,0.78,1.05
23.77,52.81,0.03,30,-1,23.77,58,2,1.08,1.05
23.96,50.87,0.03,31,1,23.96,58,2,0.78,1.05
24.73,52.97,0.03,31,0,24.73,58,2,0.78,1
24.73,54.17,0.03,33,0,24.73,58,2,0.44,1.4
24.53,53.02,0.03,26,-1,24.53,58,2,0.65,1.05
24.53,51.03,0.03,28,0,24.53,58,2,0.29,1.367
24.92,46.87,0.03,20,0,24.92,58,2,0.56,1.467
23.48,41.46,0.03,21,0,23.48,58,2,0.56,1.14
23.58,39.19,0.03,10,2,23.58,58,2,0.78,1.32
23.77,34.01,0.03,10,2,23.77,58,2,0.78,1.533
22.14,36.61,0.03,8,0,22.14,58,2,0.79,1.567
23.77,34.33,0.03,11,1,23.77,58,2,0.79,1.367
23.96,32.44,0.03,11,1,23.96,58,2,0.79,1.3
21.95,30.93,0.03,4,0,21.95,58,2,1.35,1.622
23.48,28.65,0.03,6,0,23.48,58,2,0.93,1.225
23.67,26.46,0.03,8,0,23.67,58,2,0.93,1.283
22.14,26.65,0.03,1,0,22.14,58,2,1.15,1.567
23.67,26.35,0.03,5.277778,0,23.67,58,2,1.15,1.225
23.67,26.12,0.03,7,2,23.67,58,2,1.15,1.333
21.76,26.18,0.03,4,-1,21.76,58,2,1.07,1.625
23.58,26.22,0.03,6,0,23.58,58,2,1.07,1.256
23.48,27.59,0.03,2,0,23.48,58,2,1.07,1.188
22.24,28.5,0.03,6,-1,22.24,58,2,0.83,1.629
24.06,26.65,0.03,9,2,24.06,58,2,0.79,1.167
24.44,24.26,0.03,11,2,24.44,58,2,0.79,1.225
22.62,25.55,0.03,4,0,22.62,58,2,1.07,1.629
23.86,26.25,0.03,10,-1,23.86,58,2,1.03,1.213
24.63,25.61,0.03,13,1,24.63,58,2,1.03,1.243
22.33,39.84,0.03,7,-2,22.33,58,2,0.88,1.6
23.77,40.84,0.03,18,-2,23.77,58,2,1.18,1.267
23.77,37.12,0.03,8,2,23.77,58,2,1.17,1.283
23.58,27.74,0.03,6,0,23.58,58,2,0.84,1.633
24.25,25.36,0.03,8,0,24.25,58,2,1.141,1.271
24.25,24.4,0.03,10,0,24.25,58,2,0.84,1.18
22.14,22.36,0.03,-1,-2,22.14,58,2,1.281,1.6
25.11,22.36,0.03,1,2,25.11,58,2,0.96,1.171
23.29,22.36,0.03,2,-1,23.29,58,2,0.96,1.143
22.91,22.36,0.03,4,-1,22.91,58,2,1.321,1.629
23.77,22.36,0.03,7,0,23.77,58,2,1.321,1.18
24.34,22.36,0.03,11,0,24.34,58,2,1.321,1.217
23.48,22.36,0.03,6,-1,23.48,58,2,0.82,1.9
24.82,22.36,0.03,19,1,24.82,58,2,0.78,1.256
23.2,22.36,0.03,-1,0,23.2,58,2,0.88,1.557
23.77,22.36,0.03,-2,2,23.77,58,2,1.141,1.256
23.58,22.36,0.03,-1.222222,1,23.58,58,2,1.141,1.44
22.62,22.36,0.03,-2,0,22.62,58,2,1.32,1.256
23.1,22.36,0.03,-1,0,23.1,58,2,1.32,1.36
22.43,22.36,0.03,-1,0,22.43,58,2,0.96,1.609
23.2,22.36,0.03,1,0,23.2,58,2,1.241,1.225
23.48,22.36,0.03,1,1,23.48,58,2,1.241,1.225
22.52,22.36,0.03,-2,0,22.52,58,2,1.02,1.663
23.1,22.36,0.03,3,-1,23.1,58,2,1.281,1.338
23.48,22.36,0.03,4,1,23.48,58,2,0.98,1.289
22.62,22.36,0.03,-2,1,22.62,58,2,0.99,1.657
23.1,22.36,0.03,1,-1,23.1,58,2,1.211,1.122
23.39,22.36,0.03,3,1,23.39,58,2,0.91,1.225
22.62,22.36,0.03,4,0,22.62,58,2,1.02,1.6
23.2,22.36,0.03,3,-1,23.2,58,2,0.98,1.475
23.67,22.36,0.03,3,1,23.67,58,2,1.281,1.225
22.24,22.36,0.03,3,-1,22.24,58,2,0.82,1.514
22.91,22.36,0.03,5,-1,22.91,58,2,0.82,1.2
23.48,22.36,0.03,7,1,23.48,58,2,0.82,1.417
22.81,31.79,0.03,11,-1,22.81,58,2,0.86,1.567
23.39,42.93,0.03,16,-1,23.39,58,2,0.82,1.55
23.77,42.7,0.03,19,0,23.77,58,2,0.46,1.65
23.2,54.85,0.03,23,-1,23.2,58,2,1.081,1.275
22.91,30.05,0.03,8,0,22.91,58,2,1.05,1.486
23.86,28.75,0.03,11,-1,23.86,58,2,0.71,1.244
24.53,29.75,0.03,14,2,24.53,58,2,1.05,1.211
23.48,33.73,0.03,11,0,23.48,58,2,1.02,1.614
25.49,39.29,0.03,22,2,25.49,58,2,0.73,1.157
23,47.12,0.03,17,1,23,58,2,0.98,1.225
23.2,43.54,0.03,21,1,23.2,58,2,0.98,1.157
23.86,42.25,0.03,16,1,23.86,58,2,0.79,1.143
24.34,42.98,0.03,18,2,24.34,58,2,0.79,1.286
22.81,46.25,0.03,19,0,22.81,58,2,0.82,1.567
23.39,51.41,0.03,22,-1,23.39,58,2,1.081,1.383
23.29,58.52,0.03,26,0,23.29,58,2,0.78,1.1
22.52,29.71,0.03,7,0,22.52,58,2,1.17,1.867
23.86,28.64,0.03,11,-1,23.86,58,2,1.17,1.6
23.2,33.69,0.03,9,0,23.2,58,2,1.17,1.1
23.67,42.44,0.03,22,0,23.67,58,2,0.88,1.52
23.24,55.63,0.03,24,1,23.24,36,1,0.66,4
23.24,55.63,0.03,29,-1,23.24,36,1,0.66,1.5
23.16,55.63,0.03,31,-1,23.16,36,1,0.66,2
23.07,55.63,0.03,23,0,23.07,36,1,0.66,4
22.75,55.63,0.03,26,-1,22.75,36,1,0.66,1
22.67,55.63,0.03,28,0,22.67,36,1,0.66,1.35
22.91,55.63,0.03,24,0,22.91,36,1,0.66,1.05
22.75,55.63,0.03,26,-1,22.75,36,1,0.66,1.05
22.67,55.63,0.03,23,0,22.67,36,1,0.66,4
22.75,55.63,0.03,27,-1,22.75,36,1,0.66,1.05
22.75,55.63,0.03,31,1,22.75,36,1,0.66,1.05
23.4,55.63,0.03,26,0,23.4,36,1,0.64,4
23.16,55.63,0.03,29,0,23.16,36,1,0.66,1.367
23.07,55.63,0.03,32,0,23.07,36,1,0.66,1.05
23.56,55.63,0.03,27,0,23.56,36,1,0.66,4
23.16,55.63,0.03,30,1,23.16,36,1,0.66,1.05
22.83,55.63,0.03,31,-1,22.83,36,1,0.66,2
22.42,55.63,0.03,26,0,22.42,36,1,0.46,4
22.42,55.63,0.03,28,0,22.42,36,1,0.66,1
22.51,55.63,0.03,29,0,22.51,36,1,0.66,1
22.99,55.63,0.03,27,-1,22.99,36,1,0.66,1.05
22.99,55.63,0.03,30,0,22.99,36,1,0.66,1.05
22.83,55.63,0.03,31,0,22.83,36,1,0.66,1.167
23.16,55.63,0.03,31,0,23.16,36,1,0.66,1.05
23.16,55.63,0.03,26,1,23.16,36,1,0.66,4
23.4,55.63,0.03,31,2,23.4,36,1,0.66,1.05
23.24,55.63,0.03,33,0,23.24,36,1,0.66,1.05
23.8,55.63,0.03,27,1,23.8,36,1,0.66,4
22.91,55.63,0.03,26,1,22.91,36,1,0.66,1.2
25.02,55.63,0.03,24,0,25.02,36,1,0.63,2.56
23.07,55.63,0.03,26,-2,23.07,36,1,0.63,1.375
23.4,55.63,0.03,25,1,23.4,36,1,0.63,1.167
23.88,55.63,0.03,21,0,23.88,36,1,0.63,1.275
22.51,55.63,0.03,21,0,22.51,36,1,0.63,1.25
23.32,30.45,0.03,4,-2,23.32,36,1,0.72,2.52
23.32,30.45,0.03,6,-1,23.32,36,1,0.72,1.4
23.32,30.45,0.03,7,-1,23.32,36,1,0.72,1.3
23.32,30.45,0.03,4,0,23.32,36,1,0.68,2.75
23.32,30.45,0.03,3,-2,23.32,36,1,0.68,1.225
23.32,30.45,0.03,2,-1,23.32,36,1,0.68,1.325
23.32,30.45,0.03,6,-1,23.32,36,1,0.72,2.75
23.32,30.45,0.03,9,0,23.32,36,1,0.72,1.35
23.32,30.45,0.03,11,0,23.32,36,1,0.72,1.2
23.32,30.45,0.03,5,0,23.32,36,1,0.78,2.925
23.32,30.45,0.03,11,0,23.32,36,1,0.78,1.475
23.32,30.45,0.03,13,0,23.32,36,1,0.78,1.6
23.32,30.45,0.03,9,2,23.32,36,1,0.47,2.8
23.32,30.45,0.03,21,0,23.32,36,1,0.47,1.7
23.32,30.45,0.03,21,1,23.32,36,1,0.47,1.275
23.32,30.45,0.03,8,0,23.32,36,1,0.76,2.925
23.32,30.45,0.03,7,-1,23.32,36,1,0.76,1.1
20.07,30.45,0.03,3,0,20.07,36,1,0.51,2.8
21.45,30.45,0.03,7.944444,0,21.45,36,1,0.51,1.525
21.53,30.45,0.03,9,-1,21.53,36,1,0.51,1.175
20.8,30.45,0.03,8,0,20.8,36,1,0.76,1.625
20.8,30.45,0.03,9,0,20.8,36,1,0.76,1.825
20.15,30.45,0.03,8,0,20.15,36,1,0.67,1
20.56,30.45,0.03,9,0,20.56,36,1,0.67,1.625
20.39,22.36,0.03,4,1,20.39,36,1,0.72,1.55
21.37,22.36,0.03,9,1,21.37,36,1,0.72,1.25
20.39,22.36,0.03,4,0,20.39,36,1,0.72,1.375
20.8,22.36,0.03,8,0,20.8,36,1,0.72,1.375
21.37,22.36,0.03,10,0,21.37,36,1,0.72,1.425
20.39,22.36,0.03,-1,0,20.39,36,1,0.72,1.875
21.04,22.36,0.03,1,-1,21.04,36,1,0.72,1.25
21.94,22.36,0.03,1,0,21.94,36,1,0.72,1.3
22.02,22.36,0.03,4,1,22.02,36,1,0.72,1.775
21.45,22.36,0.03,5,0,21.45,36,1,0.72,1.3
21.94,22.36,0.03,9,0,21.94,36,1,0.72,1.6
23.32,22.36,0.03,6,1,23.32,36,1,0.72,1.875
22.02,22.36,0.03,8,0,22.02,36,1,0.67,1.5
21.78,22.36,0.03,7,0,21.78,36,1,0.67,1.35
21.78,22.36,0.03,-1,0,21.78,36,1,0.72,1.35
21.04,22.36,0.03,-2,-1,21.04,36,1,0.72,1.425
21.78,22.36,0.03,-1,0,21.78,36,1,0.72,1.425
20.39,22.36,0.03,-4,1,20.39,36,1,0.71,2.875
21.45,22.36,0.03,-2,0,21.45,36,1,0.71,1.45
21.78,22.36,0.03,-1,1,21.78,36,1,0.71,1.175
20.88,22.36,0.03,1,1,20.88,36,1,0.79,2.925
20.96,22.36,0.03,1,0,20.96,36,1,0.79,1.175
21.86,22.36,0.03,1,0,21.86,36,1,0.79,2
20.64,22.36,0.03,-0.277778,0,20.64,36,1,0.71,3.05
21.53,22.36,0.03,4,0,21.53,36,1,0.71,1.175
21.78,22.36,0.03,4,-1,21.78,36,1,0.71,1.65
20.64,22.36,0.03,-2,0,20.64,36,1,0.71,3.05
21.53,22.36,0.03,2,0,21.53,36,1,0.71,1.175
22.18,22.36,0.03,3,0,22.18,36,1,0.71,1.425
20.88,22.36,0.03,3,2,20.88,36,1,0.71,3.175
21.13,22.36,0.03,3,-1,21.13,36,1,0.71,1.2
21.45,22.36,0.03,3,0,21.45,36,1,0.71,1
22.42,31.02,0.03,11,0,22.42,36,1,0.61,1.7
22.51,31.02,0.03,19,0,22.51,36,1,0.61,1.125
23.8,31.02,0.03,23,0,23.8,36,1,0.61,1.1
23.96,31.02,0.03,19,1,23.96,36,1,0.76,2
24.29,31.02,0.03,19,0,24.29,36,1,0.63,2
24.45,31.02,0.03,17,0,24.45,36,1,0.58,1.35
24.29,31.02,0.03,21,0,24.29,36,1,0.58,1.35
22.67,31.02,0.03,21,0,22.67,36,1,0.58,1.1
21.13,31.02,0.03,8,0,21.13,36,1,0.58,1.6
20.8,31.02,0.03,8,-1,20.8,36,1,0.58,1.1
21.04,31.02,0.03,8,-1,21.04,36,1,0.58,1.2
22.34,31.02,0.03,8,0,22.34,36,1,0.67,1.775
22.42,31.02,0.03,12,0,22.42,36,1,0.67,1.1
22.34,31.02,0.03,13,0,22.34,36,1,0.58,3
22.83,31.02,0.03,21,0,22.83,36,1,0.58,1.3
23.8,31.02,0.03,22,0,23.8,36,1,0.58,1.65
22.1,31.02,0.03,16,0,22.1,36,1,0.58,2.875
22.18,31.02,0.03,17,0,22.18,36,1,0.58,1.175
21.37,31.02,0.03,13,0,21.37,36,1,0.58,3.15
22.75,31.02,0.03,16,0,22.75,36,1,0.58,1.3
23.07,31.02,0.03,18,0,23.07,36,1,0.58,1.9
22.42,31.02,0.03,19,0,22.42,36,1,0.58,2.875
22.83,31.02,0.03,23,0,22.83,36,1,0.58,1
24.4,55.63,0.03,32,0,24.4,56,1,0.54,1.267
23.97,55.63,0.03,27,0,23.97,56,1,0.54,1.6
23.97,55.63,0.03,29,1,23.97,56,1,0.54,1.45
24.4,55.63,0.03,29,-1,24.4,56,1,0.54,1.35
24.05,55.63,0.03,29,0,24.05,56,1,0.54,1.45
24.05,55.63,0.03,30,0,24.05,56,1,0.54,1.267
24.31,55.63,0.03,30,0,24.31,56,1,0.54,1.05
24.23,55.63,0.03,28,1,24.23,56,1,0.54,1.567
24.05,55.63,0.03,32,0,24.05,56,1,0.54,1
24.05,55.63,0.03,26,0,24.05,56,1,0.54,1.5
24.05,55.63,0.03,26,-1,24.05,56,1,0.54,1.05
24.23,55.63,0.03,28,-1,24.23,56,1,0.54,1.05
24.4,55.63,0.03,27,-1,24.4,56,1,0.54,1.05
24.05,55.63,0.03,29,-1,24.05,56,1,0.54,1.267
24.23,55.63,0.03,30,0,24.23,56,1,0.54,1
24.14,55.63,0.03,22,-1,24.14,56,1,0.54,1.525
23.97,55.63,0.03,26,-1,23.97,56,1,0.54,1.05
23.8,55.63,0.03,27,1,23.8,56,1,0.54,1.5
24.05,55.63,0.03,28,-1,24.05,56,1,0.54,1.267
23.71,55.63,0.03,26,-1,23.71,56,1,0.54,1.05
24.4,55.63,0.03,25,1,24.4,56,1,0.54,1.75
24.14,55.63,0.03,28.833333,-1,24.14,56,1,0.54,1.05
23.71,55.63,0.03,29,0,23.71,56,1,0.54,1.05
24.31,55.63,0.03,27,0,24.31,56,1,0.54,1.567
24.23,55.63,0.03,32,0,24.23,56,1,0.54,1.45
24.23,55.63,0.03,31,-1,24.23,56,1,0.54,1.05
25.08,55.63,0.03,26,0,25.08,56,1,0.51,1.05
24.31,55.63,0.03,26,-1,24.31,56,1,0.51,1.033
25.17,55.63,0.03,25,0,25.17,56,1,0.51,1.05
25.6,55.63,0.03,21,0,25.6,56,1,0.58,1.05
24.05,55.63,0.03,21,0,24.05,56,1,0.58,1.3
22.34,30.45,0.03,8,0,22.34,56,1,0.67,1.5
23.28,30.45,0.03,9,-1,23.28,56,1,0.67,1.65
23.2,30.45,0.03,10,0,23.2,56,1,0.67,1.25
22.6,30.45,0.03,10,-1,22.6,56,1,0.43,1.25
23.71,30.45,0.03,11,-1,23.71,56,1,0.43,1.167
23.54,30.45,0.03,10,-1,23.54,56,1,0.43,1.167
22.34,30.45,0.03,8,-1,22.34,56,1,0.58,1.867
23.71,30.45,0.03,10,-1,23.71,56,1,0.58,1
24.31,30.45,0.03,9,-1,24.31,56,1,0.58,1.125
21.57,30.45,0.03,5,-1,21.57,56,1,0.58,1.45
23.54,30.45,0.03,8,-2,23.54,56,1,0.58,1.3
23.54,30.45,0.03,6,-1,23.54,56,1,0.58,1.2
21.99,30.45,0.03,3,-1,21.99,56,1,0.94,1.5
23.54,30.45,0.03,7,-1,23.54,56,1,0.94,1
23.54,30.45,0.03,4,-1,23.54,56,1,0.58,1.25
21.57,30.45,0.03,4,0,21.57,56,1,0.67,1.75
21.65,30.45,0.03,6,0,21.65,56,1,0.58,1.75
24.05,30.45,0.03,9,-1,24.05,56,1,0.58,1.25
23.54,30.45,0.03,21,0,23.54,56,1,0.58,1.3
23.2,30.45,0.03,18,-1,23.2,56,1,0.58,1.2
23.2,30.45,0.03,7,1,23.2,56,1,0.58,1.2
23.71,30.45,0.03,7,-1,23.71,56,1,0.58,1.125
23.71,22.36,0.03,7,-1,23.71,56,1,0.51,1.375
24.57,22.36,0.03,9,-1,24.57,56,1,0.51,1.3
25,22.36,0.03,9,0,25,56,1,0.51,1.125
24.23,22.36,0.03,4,-1,24.23,56,1,0.58,1.45
25,22.36,0.03,8,-1,25,56,1,0.58,1.2
25.08,22.36,0.03,12,0,25.08,56,1,0.67,1.433
25.77,22.36,0.03,18,0,25.77,56,1,0.67,1.325
23.28,22.36,0.03,7,0,23.28,56,1,0.67,1.867
25.08,22.36,0.03,7,-1,25.08,56,1,0.67,1.6
24.91,22.36,0.03,4,0,24.91,56,1,0.67,1
24.23,22.36,0.03,-1,-1,24.23,56,1,0.56,1.433
24.05,22.36,0.03,-2,-1,24.05,56,1,0.56,1.2
22.6,22.36,0.03,-3,-1,22.6,56,1,0.67,1.65
23.28,22.36,0.03,-1,-1,23.28,56,1,0.67,1.125
23.71,22.36,0.03,-1,-1,23.71,56,1,0.67,1.2
22.68,22.36,0.03,0,0,22.68,56,1,0.58,1.85
24.05,22.36,0.03,1,0,24.05,56,1,0.58,1.375
23.37,22.36,0.03,1,0,23.37,56,1,0.67,1.65
24.4,22.36,0.03,4,0,24.4,56,1,0.67,1.125
23.28,22.36,0.03,0,0,23.28,56,1,0.58,1.125
24.14,22.36,0.03,3,0,24.14,56,1,0.58,1.125
23.54,31.02,0.03,12,0,23.54,56,1,0.58,1.65
24.4,31.02,0.03,17,1,24.4,56,1,0.58,1.375
22.85,31.02,0.03,5,-1,22.85,56,1,0.58,1.325
23.71,31.02,0.03,7,-1,23.71,56,1,0.58,1.2
24.74,31.02,0.03,9,0,24.74,56,1,0.58,1.125
25.08,31.02,0.03,10,0,25.08,56,1,0.58,1.125
25.77,31.02,0.03,12,0,25.77,56,1,0.67,1.65
26.02,31.02,0.03,14,0,26.02,56,1,0.67,1.2
25,31.02,0.03,17,0,25,56,1,0.67,1.167
26.45,31.02,0.03,23,0,26.45,56,1,0.58,1
27.48,31.02,0.03,27.166667,0,27.48,56,1,0.58,1.325
27.14,31.02,0.03,28,0,27.14,56,1,0.58,1.325
26.79,31.02,0.03,24,1,26.79,56,1,0.58,1.65
27.48,31.02,0.03,31,1,27.48,56,1,0.58,1.125
26.45,31.02,0.03,21,1,26.45,56,1,0.58,1.25
25.08,31.02,0.03,21,0,25.08,56,1,0.58,1
22.85,31.02,0.03,14,-1,22.85,56,1,0.58,1
22.68,31.02,0.03,9,-1,22.68,56,1,0.58,1
22.85,31.02,0.03,8,-2,22.85,56,1,0.83,1
23.63,31.02,0.03,9,-1,23.63,56,1,0.58,1
23.94,55.63,0.03,26,0,23.94,34,2,0.34,1.6
23.86,55.63,0.03,28,0,23.86,34,2,0.34,1.267
23.83,55.63,0.03,28,1,23.83,34,2,0.34,1.267
23.79,55.63,0.03,25,1,23.79,34,2,0.51,1.6
23.79,55.63,0.03,26,1,23.79,34,2,0.43,1.5
23.83,55.63,0.03,27,0,23.83,34,2,0.51,1.05
23.94,55.63,0.03,28,1,23.94,34,2,0.44,1.6
23.94,55.63,0.03,31,0,23.94,34,2,0.44,1.267
24.09,55.63,0.03,33,-1,24.09,34,2,0.44,1.05
24.09,55.63,0.03,28,1,24.09,34,2,0.44,1.6
24.46,55.63,0.03,32,0,24.46,34,2,0.44,1.35
24.24,55.63,0.03,27,1,24.24,34,2,0.44,1.4
24.05,55.63,0.03,29,0,24.05,34,2,0.44,1.1
24.09,55.63,0.03,30,0,24.09,34,2,0.44,1
23.83,55.63,0.03,26,0,23.83,34,2,0.44,1.5
23.83,55.63,0.03,26,-1,23.83,34,2,0.44,1.1
24.05,55.63,0.03,25,2,24.05,34,2,0.41,1.6
24.09,55.63,0.03,28,2,24.09,34,2,0.41,2
24.05,55.63,0.03,28,1,24.05,34,2,0.44,1.548
24.16,55.63,0.03,31,0,24.16,34,2,0.44,1
24.16,55.63,0.03,32,0,24.16,34,2,0.44,1.1
24.2,55.63,0.03,25,0,24.2,34,2,0.36,1.73
23.86,55.63,0.03,27,0,23.86,34,2,0.36,1.5
23.94,55.63,0.03,19,1,23.94,34,2,0.41,1.548
23.94,55.63,0.03,21,-1,23.94,34,2,0.41,1.2
23.64,55.63,0.03,21,0,23.64,34,2,0.41,1.2
21.66,30.45,0.03,9,0,21.66,34,2,0.59,1.45
21.85,30.45,0.03,11,0,21.85,34,2,0.51,1.425
22.03,30.45,0.03,10,1,22.03,34,2,0.59,1.175
21.55,30.45,0.03,10,2,21.55,34,2,0.55,1.65
22.11,30.45,0.03,11,1,22.11,34,2,0.55,1.798
22.11,30.45,0.03,11,1,22.11,34,2,0.55,1.483
21.77,30.45,0.03,10,1,21.77,34,2,0.42,1.925
22,30.45,0.03,10,-1,22,34,2,0.42,1.075
22.07,30.45,0.03,10,-1,22.07,34,2,0.42,1.075
20.87,30.45,0.03,5,-1,20.87,34,2,0.63,1.558
21.17,30.45,0.03,6,-1,21.17,34,2,0.29,1.175
21.25,30.45,0.03,8,1,21.25,34,2,0.63,1.25
20.75,30.45,0.03,4,0,20.75,34,2,0.57,1.65
20.94,30.45,0.03,3,-2,20.94,34,2,0.57,1.4
21.17,30.45,0.03,3,1,21.17,34,2,0.57,1.3
20.72,30.45,0.03,6,0,20.72,34,2,0.43,1.85
21.25,30.45,0.03,9,-1,21.25,34,2,0.43,1.35
21.7,30.45,0.03,11,0,21.7,34,2,0.43,1.075
21.55,30.45,0.03,11,1,21.55,34,2,0.62,1.8
22.15,30.45,0.03,13,0,22.15,34,2,0.62,1.2
22.74,30.45,0.03,21,1,22.74,34,2,0.48,1.85
22.3,30.45,0.03,7,1,22.3,34,2,0.57,1.85
22.37,30.45,0.03,7,0,22.37,34,2,0.57,1.175
22.15,30.45,0.03,8,1,22.15,34,2,0.57,1.4
20.94,22.36,0.03,4,1,20.94,34,2,0.44,1.7
21.47,22.36,0.03,9,0,21.47,34,2,0.44,1.4
21.81,22.36,0.03,10,1,21.81,34,2,0.44,2
21.4,22.36,0.03,6,0,21.4,34,2,0.46,1.475
21.77,22.36,0.03,8,0,21.77,34,2,0.46,1.225
22.22,22.36,0.03,10,0,22.22,34,2,0.46,1.567
20.02,22.36,0.03,-1,0,20.02,34,2,0.71,1.798
20.64,22.36,0.03,1,-1,20.64,34,2,0.71,1.2
20.75,22.36,0.03,2,0,20.75,34,2,0.71,1.25
21.47,22.36,0.03,8,1,21.47,34,2,0.85,1.815
21.85,22.36,0.03,12,2,21.85,34,2,0.38,1.55
21.85,22.36,0.03,12,2,21.85,34,2,0.45,1.865
22.44,22.36,0.03,7,-1,22.44,34,2,0.49,1.808
22.44,22.36,0.03,7,-1,22.44,34,2,0.49,1.275
20.79,22.36,0.03,-2,-1,20.79,34,2,0.401,1.808
20.91,22.36,0.03,-1,-1,20.91,34,2,0.401,1.3
20.94,22.36,0.03,-1,-1,20.94,34,2,0.401,1.55
19.83,22.36,0.03,-4,-1,19.83,34,2,0.59,1.798
20.41,22.36,0.03,-2,-1,20.41,34,2,0.59,1.2
20.56,22.36,0.03,-1,0,20.56,34,2,0.59,1.25
20.02,22.36,0.03,0,0,20.02,34,2,0.52,1.815
20.33,22.36,0.03,1,0,20.33,34,2,0.52,1.35
20.56,22.36,0.03,1,0,20.56,34,2,0.52,1.1
20.18,22.36,0.03,1,0,20.18,34,2,0.54,1.85
20.64,22.36,0.03,4,0,20.64,34,2,0.54,1.075
20.94,22.36,0.03,4,0,20.94,34,2,0.54,1.25
20.02,22.36,0.03,-1,0,20.02,34,2,0.57,1.798
20.48,22.36,0.03,2,0,20.48,34,2,0.63,1.3
20.64,22.36,0.03,3,1,20.64,34,2,0.63,1.1
20.6,22.36,0.03,3,0,20.6,34,2,0.81,1.573
20.79,22.36,0.03,3,0,20.79,34,2,0.81,1.175
20.98,22.36,0.03,3,0,20.98,34,2,0.81,1.45
23.84,30.67,0.03,17,1,23.84,34,2,0.49,1.683
24.73,30.14,0.03,23,1,24.73,34,2,0.49,1.267
22.44,47.3,0.03,16,-1,22.44,34,2,0.38,1.5
21.37,39.64,0.03,8,-1,21.37,34,2,0.65,1.54
21.99,39.21,0.03,8,0,21.99,34,2,0.65,1.2
22.54,38.81,0.03,9,0,22.54,34,2,0.65,1.25
22.92,29.08,0.03,13,0,22.92,34,2,0.5,1.798
24.95,42.11,0.03,23,0,24.95,34,2,0.45,1
23.04,45.97,0.03,16,0,23.04,34,2,0.511,1.723
23.24,42.21,0.03,17,0,23.24,34,2,0.511,1.05
23.31,43.87,0.03,16,0,23.31,34,2,0.69,1.4
23.69,47.04,0.03,18,0,23.69,34,2,0.45,1.25
23.26,57.8,0.03,26,1,23.26,34,2,0.37,1.615
23.33,58.62,0.03,26,0,23.33,34,2,0.37,1.15
23.28,53.36,0.03,30,-2,23.28,46,2,0.32,1.35
23.21,53.66,0.03,29,-1,23.21,46,2,0.32,1.35
21.44,55.15,0.03,28,-1,21.44,46,2,0.31,1
21.2,56.01,0.03,29,-1,21.2,46,2,0.31,1.5
21.82,56.51,0.03,26,-2,21.82,46,2,0.56,1.35
22.15,54.66,0.03,27,-1,22.15,46,2,0.26,1.1
22.54,55.68,0.03,27,1,22.54,46,2,0.31,1.6
22.68,54.65,0.03,32,-2,22.68,46,2,0.31,1.45
23.33,57.85,0.03,29,0,23.33,46,2,0.34,1.6
23.35,56.11,0.03,30,-1,23.35,46,2,0.34,1
23.3,55.14,0.03,31,-1,23.3,46,2,0.34,1.5
22.11,51.84,0.03,29,0,22.11,46,2,0.32,1.4
23.47,55.2,0.03,30,0,23.47,46,2,0.34,1.425
23.16,56.12,0.03,28,0,23.16,46,2,0.34,1.6
23.3,57.53,0.03,31,-2,23.3,46,2,0.56,1.475
18.94,30.82,0.03,6,-2,18.94,46,2,0.95,1.867
19.91,30.84,0.03,6,0,19.91,46,2,0.55,1.05
22.54,25.4,0.03,8,0,22.54,46,2,0.55,1
20.79,26.05,0.03,6.277778,-1,20.79,46,2,0.77,1.05
20.41,25.48,0.03,7,1,20.41,46,2,0.77,1.18
20.53,27.71,0.03,3,-2,20.53,46,2,0.95,1.317
21.65,26.04,0.03,9,0,21.65,46,2,0.69,1.3
21.63,25.5,0.03,11,0,21.63,46,2,0.69,1.563
20.58,25.83,0.03,8,0,20.58,46,2,0.5,1.36
21.08,41.87,0.03,9,0,21.08,46,2,1.01,1.85
21.77,40.46,0.03,7,-1,21.77,46,2,0.69,1.1
21.68,37.81,0.03,8,0,21.68,46,2,0.69,1.625
18.63,32.75,0.03,5,-2,18.63,46,2,1.4,1.778
21.51,30.11,0.03,9,-1,21.51,46,2,0.55,1.4
18.7,28.67,0.03,5,-2,18.7,46,2,0.93,1.825
22.11,27.6,0.03,8,-1,22.11,46,2,0.93,1.317
22.94,26.96,0.03,9,0,22.94,46,2,0.93,1.733
19.94,30.28,0.03,4,-2,19.94,46,2,0.78,1.548
23.06,27.88,0.03,9,-1,23.06,46,2,0.78,1.375
22.75,29.44,0.03,10,0,22.75,46,2,0.78,1.1
23.11,23.94,0.03,8,0,23.11,46,2,0.84,1.5
23.47,23.65,0.03,10,2,23.47,46,2,0.84,1.5
24.24,19.15,0.03,1,0,24.24,46,2,0.38,1.4
23.86,21.1,0.03,2,1,23.86,46,2,0.38,1.1
24.2,23.15,0.03,4,1,24.2,46,2,0.51,1.82
23.95,26.62,0.03,8,1,23.95,46,2,0.51,1.45
23.4,25.56,0.03,7,0,23.4,46,2,0.54,1.778
23.33,25.79,0.03,7,0,23.33,46,2,0.54,1.275
24.07,23.76,0.03,6,0,24.07,46,2,0.54,1.4
24.44,17.83,0.03,-1,-1,24.44,46,2,0.83,1.85
23.74,18.67,0.03,-1,0,23.74,46,2,0.83,1.583
24.46,16.09,0.03,-1,0,24.46,46,2,0.83,1.1
21.96,16.1,0.03,-3,0,21.96,46,2,0.78,1.792
23.59,15.9,0.03,-1,1,23.59,46,2,0.78,1
22.82,16.91,0.03,-1,0,22.82,46,2,0.78,1.3
24.48,19.44,0.03,1,2,24.48,46,2,0.61,1.1
22.92,21.38,0.03,1,0,22.92,46,2,0.61,1.1
23.59,21.39,0.03,3,0,23.59,46,2,0.64,1.2
23.42,21.52,0.03,4,-2,23.42,46,2,0.64,1.3
22.42,22.35,0.03,4,-1,22.42,46,2,0.64,1.525
23.14,17.9,0.03,0,0,23.14,46,2,0.79,1.79
22.34,18.93,0.03,2,0,22.34,46,2,0.79,1.35
23.88,17.46,0.03,3,-1,23.88,46,2,0.79,1.5
24.65,22.91,0.03,3,0,24.65,46,2,0.77,1.5
23.35,24.74,0.03,3,0,23.35,46,2,0.77,1.3
22.06,38.21,0.03,8,-1,22.06,46,2,0.84,1.45
21.7,39.57,0.03,8,0,21.7,46,2,0.84,1.1
21.72,40.65,0.03,9,0,21.72,46,2,0.84,1.3
22.42,27.79,0.03,9.444444,0,22.42,46,2,0.8,1.49
23.09,56.48,0.07,28,1,23.16,50,2,0.75,1.6
24.27,51.6,0.03,29,1,24.37,50,2,0.45,1.367
22.58,55.5,0.08,26,-1,22.46,50,2,0.34,1.6
23.52,51.44,0.05,28,0,23.57,50,2,0.64,1.05
23.54,50.9,0.04,28,-1,23.64,50,2,0.34,1.267
22.34,56.03,0.13,24,-1,22.24,50,2,0.34,1.6
23.04,53.7,0.09,27,0,22.99,50,2,0.34,1.45
23.35,52.11,0.05,27,-1,23.38,50,2,0.36,1.05
22.3,56.52,0.19,27,-1,22.19,50,2,0.44,1.6
23.26,54.2,0.02,31,-1,23.28,50,2,0.74,1.05
24.03,52.45,0.04,33,-1,24.03,50,2,0.44,1.267
23.09,59.13,0.08,28,-1,23.09,50,2,0.24,1.6
23.88,57.68,0.03,32,1,23.93,50,2,0.24,1.7
24.7,55.38,0.03,33,1,24.73,50,2,0.24,1.35
24.12,57.35,0.05,29,-1,24.17,50,2,0.34,1.6
24.1,54.91,0.02,30,0,24.17,50,2,0.34,1.7
24.58,51.96,0.04,31,1,24.53,50,2,0.34,1.9
22.73,48.29,0.13,26,-1,22.6,50,2,0.34,1.6
23.11,48.4,0.04,28,-1,23.09,50,2,0.44,1.6
23.54,48.56,0.05,29,0,23.5,50,2,0.44,1.58
22.94,57.14,0.06,27,0,22.94,50,2,0.56,1.5
23.74,53.39,0.04,31,1,23.79,50,2,0.34,2
24.1,52.18,0.04,31,0,24.22,50,2,0.34,1.05
23.23,58.66,0.03,29,0,23.16,50,2,0.49,1.5
24,56.02,0.04,32,1,24.03,50,2,0.49,1.475
24.97,54.44,0.12,33,1,24.94,50,2,0.49,1.6
23.52,60.68,0.04,26,0,23.47,50,2,0.24,1.483
23.71,57.28,0.04,23,-1,23.81,50,2,0.24,1.05
23.59,56.27,0.05,26,-2,23.74,50,2,0.52,1.5
24.36,60.62,0.03,25,1,24.34,50,2,0.52,1.2
24.53,42.23,0.03,21,1,24.46,50,2,0.73,1.325
23.47,42.01,0.1,21,2,23.45,50,2,0.73,1.36
21.77,28.75,0.03,4,-1,21.35,50,2,0.99,1.48
22.97,27.36,0.09,6,0,22.84,50,2,0.99,1.3
23.11,27,0.02,8,0,22.96,50,2,0.99,1.4
22.25,24.01,0.07,3,-1,22.1,50,2,0.59,1.4
23.4,23.3,0.02,7,1,23.2,50,2,0.57,1.517
23.66,23.05,0.02,7,1,23.54,50,2,0.57,1.471
22.37,23.3,0.12,4,-1,22.11,50,2,0.99,1.513
22.99,26.14,0.03,2,1,22.84,50,2,0.99,1.571
23.38,26.27,0.03,2,1,23.25,50,2,0.99,1.167
23.21,23.5,0.06,6,0,22.86,50,2,0.61,1.583
23.86,23.99,0.02,9,0,23.83,50,2,0.61,1.25
24.17,23.94,0.05,11,0,24.17,50,2,0.61,1.15
23.26,23.23,0.05,7,-1,22.93,50,2,1.08,1.6
23.86,23.95,0.03,10,1,23.76,50,2,1.08,1.325
23.76,36.01,0.02,8,1,23.64,50,2,0.69,1.583
23.88,35.69,0.03,8,1,23.78,50,2,0.59,1.4
22.11,27.57,0.07,5,0,21.86,50,2,0.72,1.657
23.59,28.36,0.03,7.944444,1,23.52,50,2,0.72,1.5
24.27,27.63,0.02,9,2,24.17,50,2,0.62,1.514
22.87,25.52,0.1,5,1,22.59,50,2,0.94,1.614
23.66,26.19,0.02,8,1,23.57,50,2,0.94,1.371
24.22,26.27,0.03,9,1,24.14,50,2,0.94,1.583
23.14,24.79,0.11,6,0,22.93,50,2,0.84,1.614
23.26,25.69,0.03,8,0,23.18,50,2,0.84,1.42
24.05,24.86,0.03,9,1,24.03,50,2,0.66,1.514
23.04,25.74,0.03,4,0,22.99,50,2,0.69,1.45
23.93,26.14,0.03,9,0,23.68,50,2,0.69,1.25
25.45,26.26,0.07,10,1,25.22,50,2,0.69,1.2
23.21,25.58,0.02,6,1,22.96,50,2,0.73,1.633
25.38,22.26,0.1,10,1,25.17,50,2,0.73,1.3
24.24,16.53,0.02,-1,2,24.19,50,2,0.81,1.62
25.55,18.24,0.08,1,0,25.5,50,2,0.81,1.2
24.12,21.25,0.11,2,0,23.99,50,2,0.81,1.5
25.23,30.99,0.03,12,1,25.03,50,2,0.54,1.583
23.23,26.57,0.02,7,2,23.18,50,2,0.69,1.66
24.41,25.57,0.02,7,1,24.29,50,2,0.69,1.567
24.82,22.09,0.03,6,2,24.85,50,2,0.69,1.467
23.33,20.82,0.02,-1,-1,23.2,50,2,0.66,1.633
23.98,19.2,0.03,-1,-1,23.9,50,2,0.66,1.478
24,19.17,0.03,-1.222222,0,23.98,50,2,0.66,1.1
21.65,17.06,0.16,-3,-1,21.44,50,2,0.8,1.822
23.02,17.55,0.03,-2,0,22.92,50,2,0.8,1.2
23.38,17.78,0.02,-1,1,23.28,50,2,0.8,1.433
22.23,20,0.02,0,-1,22.08,50,2,0.85,1.557
23.26,21.13,0.06,1,0,23.08,50,2,0.85,1.2
23.59,21.18,0.09,1,0,23.36,50,2,0.85,1.433
22.39,23.03,0.06,1,0,22.22,50,2,0.8,1.6
23.47,22.21,0.15,4,-1,23.26,50,2,0.8,1.433
24.12,20.94,0.1,4,2,23.92,50,2,0.8,1.514
22.34,18.97,0.1,-1,-1,22.14,50,2,0.79,1.614
23.42,18.34,0.06,2,1,23.22,50,2,0.69,1.25
23.86,18.08,0.05,3,-1,23.66,50,2,0.69,1.5
22.94,22.66,0.14,3,-1,22.71,50,2,0.75,1.583
23.42,23.82,0.02,3,2,23.18,50,2,0.75,1.571
24.51,39.38,0.02,22,0,24.38,50,2,0.5,1.567
26.5,34.33,0.07,28,2,26.55,50,2,0.4,1.275
25.48,39.09,0.04,24,0,25.38,50,2,0.38,1.55
25.57,41.66,0.03,31,0,25.55,50,2,0.38,1.583
26.7,40.6,0.06,31,2,26.8,50,2,0.38,1.42
24.92,49.28,0.03,21,1,24.77,50,2,0.61,1.514
23.33,51.54,0.03,21,0,23.33,50,2,0.63,1.4
22.75,47.21,0.05,16,0,23.05,50,2,0.63,1.42
22.75,30.31,0.03,13,0,22.63,50,2,0.9,1.579
23.57,30.75,0.02,13.611111,0,23.57,50,2,0.9,1.311
24.1,37.76,0.02,21,1,24.05,50,2,0.68,1.2
26.23,39.56,0.06,22,2,26.1,50,2,0.58,1.383
22.9,46.56,0.02,16,-2,22.92,50,2,0.48,1.517
23.23,43.22,0.03,17,-2,23.36,50,2,0.48,1.42
24.12,40.45,0.03,21,1,24.2,50,2,0.48,1.514
23.18,43.6,0.02,16,-1,23.26,50,2,0.64,1.175
23.93,45.11,0.04,18,0,23.9,50,2,0.44,1.333
23.57,54.34,0.05,23,0,23.57,50,2,0.71,1.175
23.54,58.22,0.03,26,1,23.54,50,2,0.46,1.4
21.34,29.56,0.03,10,-1,21.17,50,2,1.06,1.55
22.85,28.64,0.06,12,-1,22.85,50,2,1.06,1.4
23.4,28.07,0.07,11,0,23.35,50,2,1.06,1.275
23.68,55.63,0.03,27,-1,23.68,29,1,0.43,4
23.97,55.63,0.03,30,-2,23.97,29,1,0.43,1.267
23.38,55.63,0.03,29,-1,23.38,29,1,0.43,1.05
23.97,55.63,0.03,26,1,23.97,29,1,0.43,4
23.46,55.63,0.03,28,-2,23.46,29,1,0.43,1.267
23.46,55.63,0.03,29,0,23.46,29,1,0.43,1.05
24.41,55.63,0.03,27,1,24.41,29,1,0.43,4
23.68,55.63,0.03,31,0,23.68,29,1,0.43,1.367
23.6,55.63,0.03,32,-2,23.6,29,1,0.43,1
23.97,55.63,0.03,28,0,23.97,29,1,0.34,4
24.41,55.63,0.03,32,1,24.41,29,1,0.34,2
24.41,55.63,0.03,33,-1,24.41,29,1,0.34,1.05
24.85,55.63,0.03,29,1,24.85,29,1,0.43,4
24.56,55.63,0.03,30,1,24.56,29,1,0.36,1.267
23.9,55.63,0.03,32,-1,23.9,29,1,0.43,1.05
23.6,55.63,0.03,26,0,23.6,29,1,0.43,4
23.68,55.63,0.03,28,0,23.68,29,1,0.43,1.05
23.97,55.63,0.03,28,0,23.97,29,1,0.43,4
25,55.63,0.03,31,0,25,29,1,0.43,1
24.26,55.63,0.03,32,0,24.26,29,1,0.43,1.15
23.38,55.63,0.03,26,0,23.38,29,1,0.43,4
23.31,55.63,0.03,26,0,23.31,29,1,0.43,1.05
25.15,55.63,0.03,24,0,25.15,29,1,0.36,1.05
23.31,55.63,0.03,26,-1,23.31,29,1,0.36,1.05
24.41,55.63,0.03,25,0,24.41,29,1,0.36,1.05
25.44,55.63,0.03,19,0,25.44,29,1,0.56,1.05
24.85,55.63,0.03,21,0,24.85,29,1,0.56,1.05
23.38,55.63,0.03,21,0,23.38,29,1,0.56,1.5
21.61,30.45,0.03,6,-1,21.61,29,1,0.59,1.1
20.43,30.45,0.03,3,0,20.43,29,1,0.5,1.1
21.61,30.45,0.03,7,0,21.61,29,1,0.5,1.1
22.06,30.45,0.03,7,-1,22.06,29,1,0.5,1.1
21.69,30.45,0.03,3,0,21.69,29,1,0.8,1.1
22.2,30.45,0.03,3,0,22.2,29,1,0.8,1.1
22.5,30.45,0.03,9,0,22.5,29,1,0.9,1.1
22.79,30.45,0.03,8,0,22.79,29,1,0.91,1.1
23.6,30.45,0.03,11,0,23.6,29,1,0.91,1.1
23.6,30.45,0.03,13,0,23.6,29,1,0.91,1.1
23.97,30.45,0.03,18,0,23.97,29,1,0.42,1.1
24.41,30.45,0.03,21,0,24.41,29,1,0.42,1.1
23.38,30.45,0.03,20,-1,23.38,29,1,0.42,1.1
20.73,30.45,0.03,5,1,20.73,29,1,0.76,1.1
23.09,30.45,0.03,9,0,23.09,29,1,0.76,1.1
23.24,30.45,0.03,8,0,23.24,29,1,0.76,1.1
21.47,30.45,0.03,5,0,21.47,29,1,0.51,1.1
22.79,30.45,0.03,8,-1,22.79,29,1,0.51,1.1
23.31,30.45,0.03,8,0,23.31,29,1,0.51,1.1
21.61,22.36,0.03,4,0,21.61,29,1,0.49,1.1
23.09,22.36,0.03,9,0,23.09,29,1,0.47,1.1
23.68,22.36,0.03,10,0,23.68,29,1,0.47,1.1
22.2,22.36,0.03,6,0,22.2,29,1,0.76,1.1
23.68,22.36,0.03,8,0,23.68,29,1,0.72,1.1
23.38,22.36,0.03,9,0,23.38,29,1,0.74,1.1
20.73,22.36,0.03,-1,0,20.73,29,1,0.74,1.1
22.79,22.36,0.03,1,0,22.79,29,1,0.49,1.1
22.65,22.36,0.03,2,-1,22.65,29,1,0.78,1.1
23.09,22.36,0.03,4,0,23.09,29,1,0.74,3.95
23.68,22.36,0.03,8,0,23.68,29,1,0.55,1.1
23.68,22.36,0.03,12,0,23.68,29,1,0.51,1.1
23.09,22.36,0.03,7,0,23.09,29,1,0.49,1.1
23.68,22.36,0.03,7,0,23.68,29,1,0.51,1.1
23.6,22.36,0.03,6,0,23.6,29,1,0.53,1.1
21.17,22.36,0.03,1,0,21.17,29,1,0.91,1.1
22.42,22.36,0.03,4,0,22.42,29,1,0.74,1.1
22.87,22.36,0.03,3.388889,0,22.87,29,1,0.74,1.1
21.02,22.36,0.03,-1,0,21.02,29,1,0.74,1.1
22.2,22.36,0.03,2,0,22.2,29,1,0.74,1.1
21.61,22.36,0.03,3,0,21.61,29,1,0.49,1.1
22.79,22.36,0.03,3,0,22.79,29,1,0.49,1.1
24.44,29.92,0.03,14,0,24.44,29,1,0.51,1.1
24.51,25.23,0.03,12,0,24.51,29,1,0.51,1.1
23.48,19.8,0.03,6,0,23.48,29,1,0.84,1.1
24.92,18,0.03,7,0,24.92,29,1,0.84,1.1
24.37,16.85,0.03,6,0,24.37,29,1,0.68,1.1
25.56,15.72,0.03,8,0,25.56,29,1,0.68,1.1
23.26,15.75,0.03,4,0,23.26,29,1,0.49,1.1
24.49,16.19,0.03,8,0,24.49,29,1,0.49,1.55
25.34,16.76,0.03,10,0,25.34,29,1,0.49,1.1
23.72,21.02,0.03,8,0,23.72,29,1,0.49,1.1
24.08,25.47,0.03,11,0,24.08,29,1,0.46,1.1
24.13,28.13,0.03,9,0,24.13,29,1,0.51,1.1
24.44,28.77,0.03,9,0,24.44,29,1,0.51,1.1
24.76,22.74,0.03,14,0,24.76,29,1,0.49,1.1
24.44,22.34,0.03,14,0,24.44,29,1,0.57,3
23.71,54.3,0.04,27,1,23.81,57,2,0.34,1.548
24.07,51.99,0.04,30,0,24.62,57,2,0.34,1.267
23.23,52.03,0.05,28,-1,24.28,57,2,0.29,1.25
22.61,53.67,0.04,29,-2,24.23,57,2,0.29,1.05
22.78,52.69,0.05,29,-2,24.68,57,2,0.59,1.05
23.02,54.57,0.03,24,2,23.04,57,2,0.29,1.548
23.47,52.03,0.02,26,0,24.36,57,2,0.29,1.1
23.3,51.76,0.05,27,-2,24.4,57,2,0.59,1.05
22.97,57.27,0.06,27,2,23.8,57,2,0.29,1.548
23.35,54.24,0.03,31,0,24.79,57,2,0.29,1.05
23.09,55.83,0.07,32,1,25.36,57,2,0.29,1.267
23.26,46.89,0.02,26,2,23.13,57,2,0.29,1.548
23.4,47.64,0.04,28,1,24.15,57,2,0.29,1.267
23.4,48.86,0.04,29,-2,24.4,57,2,0.29,1.05
23.33,57.66,0.03,27,2,23.33,57,2,0.29,1.477
23.18,57.14,0.02,31,0,24.74,57,2,0.29,1.267
23.74,53.89,0.04,30,0,24.56,57,2,0.29,1.267
23.47,57.56,0.04,28,1,23.42,57,2,0.29,1.383
24.41,55.86,0.03,32,0,25.96,57,2,0.29,1.05
24.15,55.42,0.05,26,0,24.95,57,2,0.29,1.05
23.66,54.51,0.03,28,0,24.78,57,2,0.29,1.05
23.54,55.96,0.03,26,1,23.67,57,2,0.35,1.1
24.65,42.02,0.04,21,0,25.76,57,2,0.29,1.25
23.76,39.27,0.03,21,-1,25.36,57,2,0.29,1.425
21.32,44.19,0.03,8,0,22.58,57,2,0.54,1
22.11,39.88,0.02,9,0,23.58,57,2,0.54,1.375
22.63,34.97,0.03,10,-1,23.97,57,2,0.54,1.14
21.32,37.48,0.05,9,1,22.24,57,2,0.29,1.5
22.9,35.33,0.02,11,-1,24.57,57,2,0.29,1.025
23.3,32.04,0.03,10,-1,24.29,57,2,0.29,1.05
21.58,35.33,0.03,8,1,22.07,57,2,0.29,1
22.82,33.73,0.03,10,-1,24.61,57,2,0.54,1.4
22.34,35.08,0.02,10,0,24.05,57,2,0.54,1.171
20.7,29.81,0.03,4,0,21.68,57,2,0.54,1
23.21,27.99,0.06,6,0,24.06,57,2,0.54,1.55
23.28,26.1,0.02,7,1,24.37,57,2,0.54,1.05
21.34,25.31,0.02,3,0,22.42,57,2,0.54,1.8
21.72,25.85,0.03,6.277778,-1,24.09,57,2,0.54,1.3
22.82,24.87,0.03,7,1,24.56,57,2,0.54,1.225
20.67,25.57,0.03,4,1,22.39,57,2,0.54,1.4
22.63,25,0.04,3,-1,24.1,57,2,0.21,1.78
23.3,27.12,0.02,3,-1,24.66,57,2,0.54,1.4
21.39,26.63,0.03,6,0,22.52,57,2,0.54,1.1
23.21,25.14,0.06,9,0,24.54,57,2,0.54,1.367
23.71,24.08,0.08,10,0,25.12,57,2,0.54,1.1
22.11,24.41,0.03,8,1,22.72,57,2,0.29,1.35
23.09,25.57,0.02,11,2,24.79,57,2,0.29,1.808
23.64,42.62,0.03,21,1,25.46,57,2,0.29,1.05
22.51,41.97,0.03,21,0,23.25,57,2,0.29,1.25
22.54,42.36,0.03,20,-1,23.43,57,2,0.29,1.033
22.08,43.6,0.04,7,0,22.4,57,2,0.54,1
23.16,38.98,0.04,7,0,24.18,57,2,0.54,1
23.83,34.39,0.02,9,0,24.9,57,2,0.54,1.05
22.34,29.1,0.02,9,0,25.28,57,2,0.601,1.286
23.95,28.59,0.02,10,0,25.77,57,2,0.601,1.25
22.78,26.81,0.03,6,0,23.52,57,2,0.601,1
23.83,23.81,0.04,8,0,24.83,57,2,0.601,1.4
23.62,24.79,0.03,10,1,25.56,57,2,0.351,1.7
22.61,18.91,0.05,-1,1,24.26,57,2,0.291,1.4
23.57,19.94,0.03,1,0,26.49,57,2,0.291,1.05
24.1,22.04,0.02,2,0,25.34,57,2,0.291,1.2
23.71,23.74,0.02,4,1,24.18,57,2,0.351,1
23.95,26.42,0.02,9,0,26.04,57,2,0.351,1.05
25.06,27.12,0.02,12,0,26.46,57,2,0.351,1.05
24.2,30.87,0.03,12,0,24.59,57,2,0.601,1
22.82,26.06,0.03,7,0,22.55,57,2,0.351,1.05
24.12,25.68,0.04,8,1,24.9,57,2,0.351,1.45
24.99,23.45,0.02,6,0,25.89,57,2,0.351,1.2
22.44,21.53,0.06,-1,0,22.82,57,2,0.351,1.05
24.1,20.04,0.02,-1,0,24.74,57,2,0.351,1.2
23.74,19.78,0.02,-1,0,24.98,57,2,0.351,1.05
22.66,20.3,0.02,0,0,24.36,57,2,0.601,1.05
21.8,21,0.04,0,0,22.44,57,2,0.351,1.1
21.96,22.11,0.05,1,0,24.27,57,2,0.68,1.1
23.38,22.41,0.03,1,0,24.62,57,2,0.68,1.1
22.01,23.01,0.03,1,0,22.45,57,2,0.601,1.05
23.18,25.54,0.02,4,0,24.57,57,2,0.601,1.05
23.16,22.67,0.02,3.388889,0,25.26,57,2,0.601,1.05
22.37,19.39,0.03,-1,0,23.11,57,2,0.351,1
22.44,21.11,0.06,3,0,24.75,57,2,0.351,1.075
22.51,22.83,0.06,3,0,23.62,57,2,0.601,1.3
23.23,25.48,0.02,3,1,24.37,57,2,0.351,1.32
24.48,46.59,0.03,19,1,23.94,57,2,0.321,1.625
23.74,44.64,0.03,16,-1,23.71,57,2,0.321,1.15
22.32,38.95,0.05,8,-1,22.35,57,2,0.321,1
22.87,38.29,0.05,8,-1,23.7,57,2,0.321,1.643
23.81,37.27,0.02,9,1,24.65,57,2,0.321,1.7
23.5,27.2,0.05,9.444444,0,23.9,57,2,0.291,1
24.44,27.82,0.04,13,1,25.74,57,2,0.291,1.05
24.8,32.17,0.02,14,0,25.79,57,2,0.291,1
24.63,36.02,0.06,21,1,26.15,57,2,0.291,1.2
25.91,40.58,0.06,22,1,27.37,57,2,0.291,1.05
23.62,41.05,0.08,18,0,23.77,57,2,0.541,1
24.56,39.45,0.04,21,0,25.96,57,2,0.291,1.125
23.4,42.78,0.02,16,1,24.88,57,2,0.291,1.4
24.68,43.38,0.04,18,0,25.93,57,2,0.291,1.05
23.4,47.93,0.03,19,2,24.76,57,2,0.291,1.7
24.34,54.23,0.03,26,1,25.09,57,2,0.291,1.75
24.7,54.12,0.02,25,1,25.25,57,2,0.291,1.3
22.18,28.45,0.03,10,0,23.19,57,2,0.291,1
23.33,27.42,0.03,11,0,24.59,57,2,0.291,1
24.2,27.12,0.05,11,1,25.48,57,2,0.291,1.05
22.85,33.1,0.05,13,0,23.72,57,2,0.291,1
25.55,38.53,0.07,22,1,26.01,57,2,0.291,1
23.71,55.61,0.03,24,-1,23.27,23,2,0.59,1.6
23.78,52.99,0.03,29,0,23.51,23,2,0.59,1.44
24.07,53.88,0.03,28,0,23.93,23,2,0.59,1.3
23.09,54.8,0.03,24,0,22.77,23,2,0.51,4
24.03,52.77,0.03,28,-1,23.8,23,2,0.59,1.267
24.07,52.15,0.03,29,0,23.88,23,2,0.59,1.05
22.99,55.66,0.03,24,0,22.6,23,2,0.59,1.6
23.52,52.7,0.03,27,0,23.32,23,2,0.59,1.1
22.68,55.98,0.03,26,0,22.41,23,2,0.62,1.6
23.78,58.04,0.03,28,0,23.59,23,2,0.59,1.6
24.03,58.35,0.03,32,0,23.93,23,2,0.59,1.05
24.03,58.57,0.03,28,0,23.8,23,2,0.47,1.6
23.57,57.14,0.03,30,0,23.44,23,2,0.47,1
23.76,54.62,0.03,32,0,23.54,23,2,0.39,1.05
23.4,49.52,0.03,29,0,23.2,23,2,0.56,1.1
23.28,50.14,0.03,29,-1,23.06,23,2,0.56,1.1
23.76,56.2,0.03,27,-2,23.46,23,2,0.49,1.277
23.52,56.23,0.03,31,-1,23.25,23,2,0.49,1.05
23.57,53.55,0.03,30,0,23.35,23,2,0.47,1.05
23.35,58.87,0.03,26,0,23.13,23,2,0.63,1.6
24.36,55.51,0.03,32,-1,24.17,23,2,0.63,1.167
24.44,55.21,0.03,27,0,24.09,23,2,0.48,1.583
22.49,35.92,0.03,10,0,22.29,23,2,0.87,1.1
22.49,36.34,0.03,11,0,22.32,23,2,0.91,1.163
22.97,34.27,0.03,10,2,22.67,23,2,0.91,1.1
23.23,34.36,0.03,10,2,22.94,23,2,0.94,1.125
22.3,28.32,0.03,6,0,22.15,23,2,1.13,1.033
22.73,26.8,0.03,6,0,22.56,23,2,1.13,1.033
21.53,23.66,0.03,3,1,21.16,23,2,1.12,1.45
21.99,25.05,0.03,6.277778,1,21.74,23,2,1.12,1.1
23.04,22.04,0.03,5,-1,22.87,23,2,1.18,1.6
22.78,36.83,0.03,9,-1,22.6,23,2,0.68,1.833
23.23,38.36,0.03,7,0,22.91,23,2,0.94,1.2
23.71,35.74,0.03,9,0,23.54,23,2,0.94,1.14
23.21,24.86,0.03,6,-2,23.01,23,2,0.83,1.575
23.93,23.58,0.03,10,1,23.66,23,2,0.83,1.05
24.07,23.8,0.03,10,0,23.78,23,2,0.83,1.2
22.54,18.36,0.03,-1,0,22.31,23,2,1,1.808
25.02,19.82,0.03,2,0,24.69,23,2,1,1.05
24.46,20.93,0.03,2,0,24.06,23,2,1,1.18
23.95,22.52,0.03,4,0,23.68,23,2,0.98,1.825
24.7,25.18,0.03,8,0,24.48,23,2,0.98,1.15
24.51,27.21,0.03,8,0,24.11,23,2,0.89,1.625
24.73,24.15,0.03,6,0,24.53,23,2,0.89,1.06
23.74,20.43,0.03,-1,0,23.51,23,2,0.86,1.715
24.29,18.04,0.03,-1,0,24.02,23,2,0.86,1.025
22.94,17.27,0.03,-2,0,22.67,23,2,0.68,1.025
23.64,17.23,0.03,0,1,23.32,23,2,0.68,1.05
22.34,19.73,0.03,-1,-1,22,23,2,1.06,1.65
23.3,22.54,0.03,1,0,23.18,23,2,1.06,1.16
22.94,23.96,0.03,3,0,22.57,23,2,0.89,1.5
23.88,23.2,0.03,3,-1,23.49,23,2,0.89,1
22.82,28.2,0.03,8,0,22.6,23,2,0.79,1.625
23.88,55.35,0.03,26,0,23.49,23,2,0.45,1.025
23.9,56.82,0.03,25,0,23.46,23,2,0.45,1.3
23.17,55.63,0.03,27,0,23.17,51,2,0.36,1.6
23.42,55.63,0.03,30,-2,23.42,51,2,0.66,1.05
23.12,55.63,0.03,27,-2,23.12,51,2,0.46,1.6
23.17,55.63,0.03,28,-2,23.17,51,2,0.76,1.267
23.07,55.63,0.03,29,-2,23.07,51,2,0.66,1.25
22.98,55.63,0.03,24,0,22.98,51,2,0.46,1.6
22.93,55.63,0.03,26,-1,22.93,51,2,0.74,1.25
22.93,55.63,0.03,27,-1,22.93,51,2,0.74,1.4
23.37,55.63,0.03,28,-2,23.37,51,2,0.35,1.548
23.37,55.63,0.03,31,-1,23.37,51,2,0.65,1.25
23.37,55.63,0.03,32,0,23.37,51,2,0.65,1.24
23.47,55.63,0.03,28,0,23.47,51,2,0.29,1.6
23.97,55.63,0.03,32,-1,23.97,51,2,0.59,1.25
24.17,55.63,0.03,28,0,24.17,51,2,0.34,1.6
24.36,55.63,0.03,30,-2,24.36,51,2,0.64,1.05
23.77,55.63,0.03,32,0,23.77,51,2,0.34,1.367
23.17,55.63,0.03,26,0,23.17,51,2,0.34,1.6
23.57,55.63,0.03,28,-2,23.57,51,2,0.69,1.1
23.17,55.63,0.03,29,-2,23.17,51,2,0.69,1.15
23.57,55.63,0.03,27,0,23.57,51,2,0.47,1.6
23.97,55.63,0.03,30,-2,23.97,51,2,0.47,1.367
23.97,55.63,0.03,31,-2,23.97,51,2,0.47,1.05
23.42,55.63,0.03,30,0,23.42,51,2,0.47,1.05
23.92,55.63,0.03,28,0,23.92,51,2,0.38,1.475
24.36,55.63,0.03,31,-2,24.36,51,2,0.38,1.1
23.97,55.63,0.03,32,0,23.97,51,2,0.38,1.367
23.47,55.63,0.03,26,0,23.47,51,2,0.29,1.6
23.12,55.63,0.03,26,-2,23.12,51,2,0.64,1.05
23.07,55.63,0.03,28,0,23.07,51,2,0.29,1.367
24.27,55.63,0.03,24,1,24.27,51,2,0.28,1.73
23.02,55.63,0.03,26,-1,23.02,51,2,0.28,1.35
23.87,55.63,0.03,25,1,23.87,51,2,0.28,1.3
24.12,55.63,0.03,21,-1,24.12,51,2,0.49,1.05
22.58,55.63,0.03,21,-2,22.58,51,2,0.49,1.275
21.18,30.45,0.03,8,-1,21.18,51,2,0.69,1.615
21.88,30.45,0.03,9,-2,21.88,51,2,0.63,1.225
21.98,30.45,0.03,10,0,21.98,51,2,0.69,1
21.23,30.45,0.03,9,1,21.23,51,2,0.81,1.825
22.13,30.45,0.03,11,0,22.13,51,2,0.81,1.175
22.33,30.45,0.03,10,1,22.33,51,2,0.81,1.625
21.48,30.45,0.03,8,0,21.48,51,2,0.79,1.867
22.18,30.45,0.03,10,-2,22.18,51,2,0.79,1.05
22.38,30.45,0.03,9,1,22.38,51,2,0.79,1.375
21.88,30.45,0.03,12,0,21.88,51,2,0.48,1.9
21.98,30.45,0.03,8,1,21.98,51,2,0.98,1.66
22.28,30.45,0.03,7,-2,22.28,51,2,0.98,1.025
22.58,30.45,0.03,9,2,22.58,51,2,0.44,1.2
20.78,30.45,0.03,5,2,20.78,51,2,0.94,1.9
21.98,30.45,0.03,7.944444,0,21.98,51,2,0.94,1.2
22.73,30.45,0.03,8,1,22.73,51,2,0.94,1.175
20.68,30.45,0.03,5,1,20.68,51,2,1.48,1.65
22.03,30.45,0.03,8,0,22.03,51,2,1.48,1.275
22.58,30.45,0.03,8,0,22.58,51,2,1.48,1.625
20.78,30.45,0.03,4.944444,0,20.78,51,2,0.95,1.54
21.73,30.45,0.03,8,-1,21.73,51,2,0.95,1.4
22.23,30.45,0.03,9,0,22.23,51,2,0.92,1.175
20.68,30.45,0.03,6,-1,20.68,51,2,0.74,1.583
21.78,30.45,0.03,9,-2,21.78,51,2,0.74,1.175
22.33,30.45,0.03,11,1,22.33,51,2,0.66,1.25
21.38,30.45,0.03,6,1,21.38,51,2,0.93,1.65
22.68,30.45,0.03,10,-1,22.68,51,2,0.93,1.275
23.07,30.45,0.03,11,1,23.07,51,2,0.93,1.6
21.33,22.36,0.03,4,0,21.33,51,2,0.93,1.767
22.18,22.36,0.03,9,0,22.18,51,2,0.93,1.175
22.78,22.36,0.03,10,0,22.78,51,2,0.93,1.275
21.58,22.36,0.03,6,0,21.58,51,2,0.61,1.867
22.73,22.36,0.03,8,-2,22.73,51,2,1.05,1
22.98,22.36,0.03,10,0,22.98,51,2,1.05,1.75
21.38,22.36,0.03,1,1,21.38,51,2,0.93,1.85
22.18,22.36,0.03,1,-1,22.18,51,2,0.93,1.15
21.73,22.36,0.03,2,1,21.73,51,2,0.79,1.075
21.93,22.36,0.03,4,1,21.93,51,2,0.94,1.9
22.78,22.36,0.03,8,1,22.78,51,2,0.94,1.05
23.12,22.36,0.03,12,1,23.12,51,2,1.08,1.3
22.58,22.36,0.03,12,0,22.58,51,2,0.66,1.9
21.98,22.36,0.03,7,0,21.98,51,2,0.79,1.833
22.78,22.36,0.03,7,1,22.78,51,2,0.79,1.05
23.07,22.36,0.03,6,0,23.07,51,2,0.84,1.2
21.18,22.36,0.03,-2,1,21.18,51,2,0.99,1.833
21.58,22.36,0.03,-1,1,21.58,51,2,0.99,1.2
21.63,22.36,0.03,-1,0,21.63,51,2,0.99,1.5
20.28,22.36,0.03,-3,1,20.28,51,2,0.99,1.65
21.08,22.36,0.03,-2,2,21.08,51,2,0.99,1.275
21.48,22.36,0.03,0,0,21.48,51,2,0.99,1
20.78,22.36,0.03,0,1,20.78,51,2,0.98,1.772
21.38,22.36,0.03,2,1,21.38,51,2,0.98,1.15
21.53,22.36,0.03,3,0,21.53,51,2,0.98,1.2
21.08,22.36,0.03,3,0,21.08,51,2,0.89,1.65
21.48,22.36,0.03,3,0,21.48,51,2,0.89,1.175
21.78,22.36,0.03,3,0,21.78,51,2,0.89,1.05
25.06,38.18,0.03,22,1,25.06,51,2,0.51,1.867
25.36,36.49,0.03,27.166667,1,25.36,51,2,0.59,1.067
25.16,34.32,0.03,29,1,25.16,51,2,0.59,1.233
24.91,38.24,0.03,24,0,24.91,51,2,0.52,1.933
25.46,40.08,0.03,30,0,25.46,51,2,0.52,1.167
25.31,41.62,0.03,31,0,25.31,51,2,0.52,1.475
24.96,48.64,0.03,21,1,24.96,51,2,0.46,1.9
23.97,50.84,0.03,21,-1,23.97,51,2,0.94,1.05
23.17,47.49,0.03,16,0,23.17,51,2,0.94,1.2
21.98,39.42,0.03,8,1,21.98,51,2,0.88,1.867
21.98,38.74,0.03,8,1,21.98,51,2,0.88,1.375
22.28,38.66,0.03,9,1,22.28,51,2,0.88,1.175
22.38,27.64,0.03,9.444444,0,22.38,51,2,0.63,1.65
22.78,27.58,0.03,12,0,22.78,51,2,0.63,1.05
23.37,29.36,0.03,13.611111,1,23.37,51,2,0.64,1.05
23.97,36.64,0.03,21,1,23.97,51,2,0.58,1.1
24.46,40.58,0.03,23,1,24.46,51,2,0.58,1.05
23.07,47.13,0.03,16,0,23.07,51,2,0.57,1.833
23.32,42.05,0.03,17,0,23.32,51,2,0.57,1.067
23.77,39.82,0.03,21,0,23.77,51,2,0.65,1.367
23.12,43.06,0.03,16,1,23.12,51,2,0.84,1.1
23.57,44.83,0.03,18,1,23.57,51,2,0.84,1.175
23.07,45.89,0.03,19,2,23.07,51,2,0.65,1.9
23.77,54.19,0.03,26,1,23.77,51,2,0.65,1.5
23.77,55.9,0.03,25,0,23.77,51,2,0.65,1.033
22.73,27.84,0.03,10,0,22.73,51,2,0.96,1.777
23.17,27.36,0.03,11,1,23.17,51,2,0.96,1.5
23.37,27.63,0.03,11,0,23.37,51,2,0.96,1.075
24.54,55.63,0.03,27,-1,24.54,30,2,0.64,1.983
24.92,55.63,0.03,30,-2,24.92,30,2,0.76,1.267
24.21,55.63,0.03,24,0,24.21,30,2,0.81,1.983
24.54,55.63,0.03,28,-2,24.54,30,2,0.81,1.267
24.41,55.63,0.03,29,-2,24.41,30,2,0.81,1.267
24.28,55.63,0.03,24,0,24.28,30,2,0.71,1.983
24.21,55.63,0.03,26,-2,24.21,30,2,0.81,1.35
24.28,55.63,0.03,27,-2,24.28,30,2,0.46,1.267
24.41,55.63,0.03,27,-1,24.41,30,2,0.71,1.983
24.79,55.63,0.03,31,-2,24.79,30,2,0.71,1.267
24.73,55.63,0.03,33,-2,24.73,30,2,0.71,1.267
24.92,55.63,0.03,28,-1,24.92,30,2,0.86,1.983
25.57,55.63,0.03,32,1,25.57,30,2,0.86,1.267
25.57,55.63,0.03,33,1,25.57,30,2,0.78,1.45
25.51,55.63,0.03,28,1,25.51,30,2,0.76,1.983
25.83,55.63,0.03,30,-1,25.83,30,2,0.76,1.25
25.44,55.63,0.03,31,0,25.44,30,2,0.76,1.45
24.41,55.63,0.03,26,0,24.41,30,2,0.76,1.983
24.6,55.63,0.03,28,-2,24.6,30,2,0.76,1.267
24.54,55.63,0.03,29,-2,24.54,30,2,0.76,1.267
24.79,55.63,0.03,27,1,24.79,30,2,0.81,1.983
25.18,55.63,0.03,30,-2,25.18,30,2,0.81,1.267
25.25,55.63,0.03,31,-1,25.25,30,2,0.81,1.267
24.79,55.63,0.03,30,-1,24.79,30,2,0.81,1.267
24.99,55.63,0.03,28,0,24.99,30,2,0.71,1.983
25.57,55.63,0.03,32,0,25.57,30,2,0.71,1.45
25.51,55.63,0.03,33,0,25.51,30,2,0.71,1.267
25.18,55.63,0.03,26,1,25.18,30,2,0.46,1.983
24.79,55.63,0.03,26,-2,24.79,30,2,0.46,1.05
24.54,55.63,0.03,26,-1,24.54,30,2,0.46,1.25
25.76,55.63,0.03,24,2,25.76,30,2,0.57,1.62
24.54,55.63,0.03,26,-2,24.54,30,2,0.58,1.05
25.05,55.63,0.03,25,-1,25.05,30,2,0.58,1.057
25.83,55.63,0.03,21,-1,25.83,30,2,0.56,1.033
24.02,55.63,0.03,21,-2,24.02,30,2,0.56,1.057
22.46,30.45,0.03,8,-1,22.46,30,2,0.68,1.483
23.31,30.45,0.03,9,-2,23.31,30,2,0.68,1.067
23.44,30.45,0.03,10,-2,23.44,30,2,0.68,1.05
22.2,30.45,0.03,9,-1,22.2,30,2,0.69,1.626
23.5,30.45,0.03,11,-2,23.5,30,2,0.69,1.114
23.76,30.45,0.03,11,-1,23.76,30,2,0.69,1.05
22.53,30.45,0.03,8,0,22.53,30,2,0.56,1.753
23.95,30.45,0.03,10,-2,23.95,30,2,0.56,1.5
24.02,30.45,0.03,10,-2,24.02,30,2,0.56,1.5
21.42,30.45,0.03,4,1,21.42,30,2,0.68,1.74
22.92,30.45,0.03,6,-2,22.92,30,2,0.68,1.067
23.5,30.45,0.03,8,0,23.5,30,2,0.68,1.067
21.16,30.45,0.03,3,0,21.16,30,2,0.64,1.815
22.72,30.45,0.03,6.277778,-2,22.72,30,2,0.64,1.3
22.98,30.45,0.03,7,-1,22.98,30,2,0.64,1.067
21.42,30.45,0.03,4,-1,21.42,30,2,0.74,1.74
22.85,30.45,0.03,3,-2,22.85,30,2,0.74,1.05
23.18,30.45,0.03,2,-1,23.18,30,2,0.74,1.05
21.82,30.45,0.03,6,0,21.82,30,2,0.74,1.74
23.31,30.45,0.03,9,-1,23.31,30,2,0.74,1.1
23.95,30.45,0.03,11,-1,23.95,30,2,0.74,1.05
22.14,30.45,0.03,7,1,22.14,30,2,0.48,1.798
24.21,30.45,0.03,11,-1,24.21,30,2,0.48,1.267
24.54,30.45,0.03,13,1,24.54,30,2,0.48,1.5
22.98,30.45,0.03,12,0,22.98,30,2,0.66,1.815
24.73,30.45,0.03,21,-1,24.73,30,2,0.66,1
23.5,30.45,0.03,21,-2,23.5,30,2,0.66,1.42
22.98,30.45,0.03,7,0,22.98,30,2,1.13,1.815
23.5,30.45,0.03,7,-2,23.5,30,2,1.13,1.5
23.89,30.45,0.03,8,-1,23.89,30,2,1.13,1.5
22.4,22.36,0.03,4,0,22.4,30,2,0.54,1.73
23.89,22.36,0.03,9,0,23.89,30,2,0.54,1.5
24.28,22.36,0.03,10,0,24.28,30,2,0.54,1.2
22.92,22.36,0.03,6,-1,22.92,30,2,0.59,1.787
24.08,22.36,0.03,8,0,24.08,30,2,0.59,1.24
24.21,22.36,0.03,10,0,24.21,30,2,0.59,1.18
22.2,22.36,0.03,-1,0,22.2,30,2,0.59,1.73
24.02,22.36,0.03,1,0,24.02,30,2,0.59,1.2
23.44,22.36,0.03,2,0,23.44,30,2,0.59,1.15
23.44,22.36,0.03,4,0,23.44,30,2,0.54,1.73
24.47,22.36,0.03,9,1,24.47,30,2,0.54,1.5
24.67,22.36,0.03,11,0,24.67,30,2,0.54,1.05
23.89,22.36,0.03,7,1,23.89,30,2,0.48,1.815
23.37,22.36,0.03,7,-1,23.37,30,2,0.46,1.798
24.47,22.36,0.03,7,-1,24.47,30,2,0.46,1.3
24.92,22.36,0.03,6,-2,24.92,30,2,0.46,1.05
22.72,22.36,0.03,-1,1,22.72,30,2,0.85,1.815
23.5,22.36,0.03,-1,-2,23.5,30,2,0.85,1.14
23.76,22.36,0.03,-1.222222,-1,23.76,30,2,0.85,1.16
21.95,22.36,0.03,-4,-1,21.95,30,2,0.61,1.748
22.92,22.36,0.03,-2,-1,22.92,30,2,0.61,1.73
23.11,22.36,0.03,0,-2,23.11,30,2,0.61,1.5
22.08,22.36,0.03,0,-1,22.08,30,2,0.64,1.798
22.46,22.36,0.03,1,-1,22.46,30,2,0.64,1.06
22.85,22.36,0.03,1,0,22.85,30,2,0.64,1.175
22.46,22.36,0.03,1,-1,22.46,30,2,0.72,1.815
23.44,22.36,0.03,4,-2,23.44,30,2,0.72,1.5
23.5,22.36,0.03,4,-2,23.5,30,2,0.72,1.114
22.08,22.36,0.03,-2,1,22.08,30,2,0.78,1.815
22.79,22.36,0.03,2,0,22.79,30,2,0.78,1.375
22.98,22.36,0.03,3,-1,22.98,30,2,0.78,1.2
22.2,22.36,0.03,4,0,22.2,30,2,0.73,1.815
22.98,22.36,0.03,6,-2,22.98,30,2,0.73,1.05
23.37,22.36,0.03,7,-1,23.37,30,2,0.73,1.175
25.83,44.86,0.03,21,0,25.83,30,2,0.661,1.025
23.5,36.79,0.03,8,2,23.5,30,2,0.54,1.815
23.5,35.66,0.03,8,-1,23.5,30,2,0.54,1.5
23.95,35.31,0.03,9,0,23.95,30,2,0.54,1.157
23.95,26.73,0.03,9.444444,-1,23.95,30,2,0.47,1.815
24.54,24.53,0.03,12,0,24.54,30,2,0.47,1.05
25.05,51.14,0.03,25,0,25.05,30,2,0.46,1.6
22.66,56.29,0.03,28,-1,21.64,53,2,0.45,1.6
23.57,53.46,0.04,30,-2,23.22,53,2,0.45,1.267
23.21,54.63,0.02,29,0,23.08,53,2,0.43,1.567
23.04,53.32,0.02,26,0,22.13,53,2,0.31,1.6
22.68,52.64,0.02,28,-1,21.94,53,2,0.43,1.85
22.75,53.16,0.07,29,0,21.92,53,2,0.45,1.25
22.68,53.55,0.05,26,-2,21.81,53,2,0.45,1.267
23.33,51.29,0.04,27,0,22.66,53,2,0.45,1.85
23.45,52.69,0.06,27,0,22.79,53,2,0.45,1.6
23.35,53.05,0.02,31,0,22.66,53,2,0.45,1.25
23.4,54.25,0.03,32,0,23.55,53,2,0.45,1.45
23.45,59.71,0.03,31,0,23.08,53,2,0.45,1.6
23.47,60.21,0.02,33,-2,22.78,53,2,0.45,1.267
23.4,55.63,0.03,29,0,23.4,53,2,0.45,1.6
23.28,58.08,0.03,30,0,22.64,53,2,0.45,1.267
23.16,55.9,0.08,31,0,22.5,53,2,0.45,1.267
23.23,48.45,0.02,28,0,22.89,53,2,0.55,1.6
23.42,50.89,0.02,28,0,22.71,53,2,0.55,1.267
23.28,57.81,0.03,29,1,23.26,53,2,0.43,1.267
23.21,56.28,0.03,31,0,23.23,53,2,0.45,1.267
23.11,54.15,0.03,30,-2,23.06,53,2,0.45,1.45
23.54,57.76,0.02,28,1,23.67,53,2,0.45,1.4
23.64,57.8,0.04,31,0,23.37,53,2,0.45,1.05
23.18,58.41,0.02,30,0,22.52,53,2,0.45,1.05
22.97,55.9,0.02,28,-1,22.23,53,2,0.45,1.45
22.92,55.99,0.04,26,-2,22.02,53,2,0.83,1.271
23.3,48.84,0.03,19,-1,23.23,53,2,0.52,1.4
22.44,34.69,0.02,10,-1,22.37,53,2,0.73,1.233
22.39,34.98,0.02,10,-1,22.88,53,2,0.73,1.2
23.18,34.23,0.03,11,-1,23.18,53,2,0.73,1.314
23.21,28.36,0.03,8,0,23.08,53,2,0.73,1.133
21.89,28.36,0.03,6,0,22.41,53,2,1.03,1.2
22.87,25.86,0.02,6,-2,22.95,53,2,0.67,1.225
22.42,24.06,0.02,5.277778,0,23.06,53,2,0.82,1.233
22.13,24.52,0.02,6,-1,22.6,53,2,1.16,1.14
23.09,38.9,0.02,15,0,23.46,53,2,0.84,1.2
23.95,40.63,0.02,21,0,24.08,53,2,0.84,1.117
22.92,40.88,0.04,18,0,23,53,2,0.84,1.114
23.18,28.53,0.02,7.944444,0,23.31,53,2,0.88,1
23.16,26.46,0.02,8,0,23.36,53,2,0.65,1.143
24.1,26.74,0.03,8,-1,24.1,53,2,0.65,1
23.62,25.44,0.03,8,0,23.64,53,2,0.75,1.24
23.88,25.25,0.03,9,-1,23.86,53,2,0.75,1.357
23.93,24.64,0.02,8,-1,23.93,53,2,0.75,1.233
23.35,25.22,0.02,5,-1,23.72,53,2,0.91,1.243
24.48,28.3,0.02,9,0,24.51,53,2,0.91,1.05
23.42,25.26,0.02,7,-1,23.5,53,2,0.7,1.24
23.21,18.88,0.02,1,-1,23.78,53,2,1.03,1.15
24.32,19.78,0.07,1,0,24.9,53,2,1.03,1.175
24.34,22.4,0.02,2,0,24.29,53,2,1.03,1.18
24.41,24.95,0.02,5,0,24.34,53,2,1.15,1.15
24.94,29.48,0.02,12,0,24.94,53,2,1.15,1.114
22.87,17.64,0.02,-2,0,23,53,2,0.99,1.088
23.23,17.7,0.02,-1,-1,23.31,53,2,1.14,1.114
23.83,17.52,0.02,-1,0,23.83,53,2,1.14,1.3
22.78,20.13,0.02,1,-1,23.07,53,2,1.09,1.333
23.66,21.33,0.03,1,0,23.71,53,2,1.09,1.114
23.26,22.82,0.02,3,0,23.23,53,2,1.28,1.117
24.1,21.15,0.02,3,0,24.15,53,2,1.28,1.188
23.23,18.67,0.02,0,0,23.8,53,2,1.01,1.157
24.1,18.44,0.02,3,0,24.07,53,2,1.01,1.05
23.18,23.32,0.02,3,0,23.63,53,2,0.78,1.05
23.69,24.22,0.02,3,0,24.16,53,2,0.78,1.05
24.34,24.19,0.02,3,0,24.39,53,2,0.78,1.157
25.38,32.42,0.04,22,0,25.43,53,2,0.691,1.1
25.62,35.39,0.04,28,0,25.35,53,2,0.481,1.26
25.62,39.89,0.04,28,0,25.25,53,2,0.721,1.25
25.72,43.18,0.04,31,0,25.39,53,2,0.721,1.233
25.6,43.95,0.04,19,-1,24.87,53,2,0.721,1.05
22.85,29.31,0.04,11,-1,22.7,53,2,0.501,1.14
23.93,31.08,0.04,13,-1,23.83,53,2,0.501,1.14
24.94,40.22,0.04,22,0,25.47,53,2,0.95,1.114
22.54,45.81,0.04,17,-1,22.29,53,2,0.501,1.34
22.2,45.54,0.04,16,-1,22.03,53,2,0.83,1.22
22.92,46.69,0.04,17,-1,22.77,53,2,0.83,1.267
23.45,55.63,0.03,31,-1,23.45,65,2,0.45,1.267
23.15,55.63,0.03,28,-1,23.15,65,2,0.59,1.35
22.74,55.63,0.03,28,-1,22.74,65,2,0.64,1.85
22.34,55.63,0.03,29,-1,22.34,65,2,0.69,1
22.54,55.63,0.03,25,0,22.54,65,2,0.61,4
22.34,55.63,0.03,26,0,22.34,65,2,0.61,1.5
22.34,55.63,0.03,27,-1,22.34,65,2,1.11,1
23.15,55.63,0.03,27,0,23.15,65,2,0.7,4
23.45,55.63,0.03,31,-1,23.45,65,2,0.7,1
23.96,55.63,0.03,28,1,23.96,65,2,0.45,4
23.54,53.11,0.03,27,0,23.54,65,2,0.5,3.35
22.27,56.57,0.03,28,-2,22.27,65,2,0.88,1.35
22.27,56.08,0.03,24,-1,22.27,65,2,0.83,1
22.94,57.29,0.03,27,0,22.94,65,2,0.36,3
23.18,55.93,0.03,28,-1,23.18,65,2,0.36,1
23.86,54.41,0.03,27,0,23.86,65,2,0.65,2.567
23.62,56.65,0.03,26,-2,23.62,65,2,0.48,1.45
20.36,42.21,0.03,10,1,20.36,65,2,0.85,1.15
20.6,40.14,0.03,10,1,20.6,65,2,0.56,1.175
21.1,39.44,0.03,11,-1,21.1,65,2,0.63,1.32
20.72,37.35,0.03,10,-1,20.72,65,2,0.63,1.275
20.41,37.97,0.03,10,0,20.41,65,2,0.9,1.475
20.84,34.67,0.03,10,1,20.84,65,2,0.9,1.2
19.53,32.99,0.03,6,-1,19.53,65,2,0.9,1.6
19.75,30.59,0.03,7,0,19.75,65,2,0.9,1.5
18.75,29.44,0.03,6.277778,-2,18.75,65,2,0.88,1.375
17.94,30.7,0.03,4,-1,17.94,65,2,1.2,2.85
19.13,30.77,0.03,3,-1,19.13,65,2,0.88,1.3
19.32,33.04,0.03,3,-2,19.32,65,2,0.88,1.2
18.01,31.54,0.03,6,-2,18.01,65,2,1.37,1.625
19.84,29.07,0.03,9,0,19.84,65,2,1.37,1.475
20.91,27.07,0.03,11,1,20.91,65,2,1.37,1.44
19.86,29.94,0.03,8,0,19.86,65,2,1.05,1.467
21.56,27.76,0.03,11,0,21.56,65,2,1.05,1.467
22.23,27.91,0.03,13,0,22.23,65,2,0.85,1.367
21.13,39.12,0.03,9,1,21.13,65,2,0.75,1.2
19.36,31.56,0.03,5,0,19.36,65,2,1.25,1.525
21.22,32.85,0.03,9,1,21.22,65,2,1.25,1.25
22.25,32.21,0.03,9,2,22.25,65,2,1.25,1.55
19.91,30.71,0.03,7,0,19.91,65,2,1.38,1.6
20.67,28.46,0.03,8,1,20.67,65,2,1.38,1.175
21.77,27,0.03,10,2,21.77,65,2,1.38,1
18.37,25.46,0.03,-1,0,18.37,65,2,1.26,1.65
20.03,24.91,0.03,1,0,20.03,65,2,1.26,1.5
20.65,27.52,0.03,2,0,20.65,65,2,1.26,1.375
20.86,29.35,0.03,4,1,20.86,65,2,1.26,1.4
21.68,31.09,0.03,8,1,21.68,65,2,1.26,1.475
22.54,32.64,0.03,12,1,22.54,65,2,1.26,1.2
21.27,30.66,0.03,7,0,21.27,65,2,1.16,1.775
22.03,29.08,0.03,7,1,22.03,65,2,1.16,1.367
22.32,27.01,0.03,4,1,22.32,65,2,1.16,1.5
19.67,24.34,0.03,-1,0,19.67,65,2,1.26,2.85
20.1,24.24,0.03,-1,0,20.1,65,2,1.26,1.4
18.51,26.08,0.03,0,0,18.51,65,2,1.29,1.25
19.36,26.62,0.03,1,0,19.36,65,2,1.29,1.2
20.08,26.77,0.03,1,1,20.08,65,2,1.29,1.5
18.82,28.18,0.03,1,1,18.82,65,2,1.13,2.85
19.96,27.74,0.03,4,1,19.96,65,2,1.13,1.3
20.72,24.62,0.03,3.388889,1,20.72,65,2,1.13,1.1
18.41,22.77,0.03,0,0,18.41,65,2,1.17,1.325
19.34,23.3,0.03,2,-1,19.34,65,2,1.17,1.125
19.18,29.68,0.03,3,0,19.18,65,2,1.26,1.767
20.2,29.4,0.03,3,1,20.2,65,2,1.26,1.3
21.03,28.22,0.03,3,1,21.03,65,2,1.26,1.225
21.3,29.39,0.03,9.444444,0,21.3,65,2,0.98,2.95
22.68,30.24,0.03,13,0,22.68,65,2,0.98,1.375
23.4,30.33,0.03,13.611111,2,23.4,65,2,0.98,1.05
23.06,55.63,0.03,23,1,23.06,54,1,0.34,1.6
24.82,49.74,0.03,29,0,24.72,54,1,0.34,1.25
24.36,50.48,0.03,31,0,24.06,54,1,0.34,1.267
23.59,53.09,0.03,24,0,23.27,54,1,0.34,1.6
24.17,49.11,0.03,27,0,24,54,1,0.34,1.05
24.07,48.53,0.03,29,0,23.75,54,1,0.34,1.05
23.74,54.67,0.03,23,1,23.34,54,1,0.34,1.6
23.64,51.01,0.03,26,0,23.39,54,1,0.34,1.267
23.83,50.56,0.03,27,0,23.59,54,1,0.34,1.267
23.52,54.08,0.03,23,0,23.27,54,1,0.34,1.6
24.87,49.11,0.03,29,0,24.7,54,1,0.34,1.267
24.56,50.12,0.03,32,0,24.28,54,1,0.34,1.267
24.56,58.31,0.03,26,1,24.26,54,1,0.34,1.6
25.72,51.67,0.03,31,1,25.44,54,1,0.34,1.267
25.45,53.16,0.03,33,1,25.13,54,1,0.34,1.267
25.45,56.08,0.03,25,1,25.1,54,1,0.36,1.6
26.23,50.15,0.03,29,2,25.85,54,1,0.36,1.45
24.85,52.06,0.03,27,1,24.67,54,1,0.36,1.267
25.33,50.29,0.03,30,0,25.11,54,1,0.36,1.267
25.09,49.9,0.03,31,0,24.76,54,1,0.36,1.267
25.28,59.17,0.03,26,1,24.93,54,1,0.36,1.75
24.82,53.82,0.03,23,1,24.45,54,1,0.36,1.267
24.65,51.91,0.03,27,0,24.33,54,1,0.36,1.45
24.85,59.38,0.03,26,0,24.52,54,1,0.41,1.375
24.46,55.84,0.03,26,0,24.24,54,1,0.41,1.3
25.33,42.16,0.03,20,1,25.31,54,1,0.43,1.533
24.15,40.06,0.03,21,0,23.75,54,1,0.43,1.6
21.72,45.17,0.03,14,0,21.7,54,1,0.43,1.675
21.56,26.51,0.03,3,0,21.53,54,1,0.5,1.425
22.23,23.7,0.03,6,0,22.18,54,1,0.5,1
18.6,28.63,0.03,2,0,18.82,54,1,0.5,1.65
20.77,30.01,0.03,5,-1,21.19,54,1,0.5,1.025
21.94,30.98,0.03,7,0,22.01,54,1,0.5,1.275
21.51,45.01,0.03,12,-2,20.99,54,1,0.41,1.025
22.92,45.38,0.03,14,0,22.87,54,1,0.41,1.1
22.61,32.84,0.03,9,0,22.61,54,1,0.41,1.375
19.1,31.4,0.03,3,0,19.32,54,1,0.68,1.2
21.68,30.09,0.03,7,-1,21.7,54,1,0.68,1.175
22.58,28.82,0.03,8,0,22.58,54,1,0.68,1.5
21.44,30.57,0.03,8,0,21.71,54,1,0.68,1
23.42,28.01,0.03,9,1,23.75,54,1,0.43,1
22.66,27.14,0.03,6,1,22.9,54,1,0.59,1
24.51,25.85,0.03,10,1,24.66,54,1,0.59,1
21.6,39.6,0.03,7,0,21.63,54,1,0.43,1
21.8,38.96,0.03,8,-1,21.82,54,1,0.43,1.175
20.25,43.36,0.03,9,0,20.47,54,1,0.68,1.45
23.42,39.86,0.03,14,0,23.4,54,1,0.68,1.5
23.76,38.74,0.03,15,0,23.74,54,1,0.68,1.275
20.65,28.06,0.03,1,0,20.8,54,1,0.77,1.1
23.4,27.33,0.03,9,-1,23.18,54,1,0.52,1.475
23.93,27.64,0.03,9,-1,23.71,54,1,0.52,1.275
19.27,19.48,0.03,-1,0,19.37,54,1,0.74,1.85
22.78,21.34,0.03,1,1,23.22,54,1,0.74,1.1
22.82,22.65,0.03,1.444444,0,22.87,54,1,0.74,1.1
21.84,25.31,0.03,4,0,21.89,54,1,0.68,1.45
23.38,26.17,0.03,7,0,23.43,54,1,0.68,1.1
24.15,27.59,0.03,9,1,24.2,54,1,0.43,1.1
22.68,31.78,0.03,6,0,22.73,54,1,0.41,1.65
24.6,38.27,0.03,18,0,24.65,54,1,0.41,2.1
25.62,40.09,0.03,18.611111,0,25.65,54,1,0.41,1.75
22.56,29.73,0.03,8,-1,22.39,54,1,0.43,1.25
23.45,24.06,0.03,7,0,23.42,54,1,0.43,1.1
24.27,25.21,0.03,8,1,24.29,54,1,0.43,1.35
21.94,17.84,0.03,-2,0,22.09,54,1,0.48,1.7
22.25,17.92,0.03,-1,0,22.23,54,1,0.48,1.4
20.01,21.37,0.03,-1,-1,20.11,54,1,0.68,1.85
21.72,22.58,0.03,1,0,21.77,54,1,0.43,1.55
22.25,23.12,0.03,1,-1,22.25,54,1,0.43,1.7
22.51,23.31,0.03,3,0,22.61,54,1,0.68,1.25
22.85,22.99,0.03,4,0,22.9,54,1,0.41,1.55
20.34,21.39,0.03,-2,-1,20.49,54,1,0.68,1.675
22.2,19.24,0.03,1,-1,22.32,54,1,0.68,1.1
22.54,19.84,0.03,2,0,22.56,54,1,0.68,1.1
20.39,23.1,0.03,4,0,20.51,54,1,0.75,1.84
22.23,25.34,0.03,3,0,22.28,54,1,0.75,1.15
22.42,26.24,0.03,3,1,22.47,54,1,0.75,1.05
22.34,29.74,0.03,11,0,22.42,54,1,0.43,1.675
25.89,29.56,0.03,23,1,25.79,54,1,0.43,2
26.11,29.07,0.03,22.722222,1,25.96,54,1,0.43,1.1
24.53,37.87,0.03,16,1,24.48,54,1,0.43,1.675
27.38,34.42,0.03,27,1,27.28,54,1,0.43,1.1
27.21,32.52,0.03,28,2,26.86,54,1,0.43,1.1
25.52,36.78,0.03,21,0,25.52,54,1,0.39,1.1
25.21,46.36,0.03,17,0,25.16,54,1,0.43,1.573
25.28,43.46,0.03,18,0,24.66,54,1,0.43,1.1
22.51,28.58,0.03,10.222222,0,22.54,54,1,0.68,1.675
23.06,28.32,0.03,11,0,23.14,54,1,0.68,1.25
23.9,29.9,0.03,14,0,23.86,54,1,0.68,1.1
22.54,47.89,0.03,17,0,22.41,54,1,0.41,1.85
23.52,43.7,0.03,17,-1,23.47,54,1,0.41,1.1
24.05,40.05,0.03,20,0,23.95,54,1,0.41,1.1
22.8,44.07,0.03,16,0,22.82,54,1,0.43,1.1
23.81,45.03,0.03,17,0,23.76,54,1,0.43,1.4
20.46,29.45,0.03,8,1,20.66,54,1,0.43,1.825
23.98,26.35,0.03,11,0,23.93,54,1,0.43,1.1
23.83,26.75,0.03,11,-1,23.64,54,1,0.43,1.1
20.58,31.26,0.03,7,-1,20.63,54,1,0.68,1.85
22.75,29.54,0.03,11,-1,22.85,54,1,0.43,1.2
23.52,30.11,0.03,9,0,23.52,54,1,0.43,1.1
21.44,34.46,0.03,11,1,21.63,54,1,0.43,1.1
24.85,32.84,0.03,17,0,24.77,54,1,0.43,1.1
24.65,36.72,0.03,21,0,24.48,54,1,0.43,1.1
23.73,55.63,0.03,27,1,23.73,61,2,0.44,1.6
23.43,55.63,0.03,30,0,23.43,61,2,0.34,1.267
25.53,55.63,0.03,29,2,25.53,61,2,0.34,1.45
23.73,55.63,0.03,26,0,23.73,61,2,0.44,1.6
23.5,55.63,0.03,28,0,23.5,61,2,0.44,1.267
25.23,55.63,0.03,28,1,25.23,61,2,0.44,1.4
24.63,55.63,0.03,24,0,24.63,61,2,0.62,1.6
23.58,55.63,0.03,26,-1,23.58,61,2,0.62,1.3
25.23,55.63,0.03,27,0,25.23,61,2,0.62,1.4
23.8,55.63,0.03,27,0,23.8,61,2,0.44,1.6
23.95,55.63,0.03,31,0,23.95,61,2,0.44,1.4
24.33,55.63,0.03,32,0,24.33,61,2,0.44,1.4
25.23,55.63,0.03,29,2,25.23,61,2,0.44,1.6
24.33,55.63,0.03,32,1,24.33,61,2,0.44,1.25
24.4,55.63,0.03,33,0,24.4,61,2,0.44,1.15
23.28,55.63,0.03,26,1,23.28,61,2,0.32,1.6
24.03,55.63,0.03,28,0,24.03,61,2,0.32,1.25
25.3,55.63,0.03,29,1,25.3,61,2,0.32,1.367
23.35,55.63,0.03,27,0,23.35,61,2,0.32,1.25
23.73,55.63,0.03,31,0,23.73,61,2,0.24,1.25
24.4,55.63,0.03,28,1,24.4,61,2,0.44,1.8
24.18,55.63,0.03,31,0,24.18,61,2,0.44,1.3
24.18,55.63,0.03,32,2,24.18,61,2,0.44,1.4
25.08,55.63,0.03,27,1,25.08,61,2,0.44,1.475
25.45,55.63,0.03,26,1,25.45,61,2,0.44,1.325
25.45,55.63,0.03,26,-1,25.45,61,2,0.44,1.4
26.06,55.63,0.03,24,1,26.06,61,2,0.53,1.55
25.15,55.63,0.03,26,0,25.15,61,2,0.53,1.325
24.55,55.63,0.03,25,2,24.55,61,2,0.53,1.433
23.05,30.45,0.03,8,0,23.05,61,2,0.48,1.4
24.93,30.45,0.03,9,0,24.93,61,2,0.48,1.333
25,30.45,0.03,10,0,25,61,2,0.48,1.415
23.5,30.45,0.03,9,0,23.5,61,2,0.29,1.425
25.6,30.45,0.03,11,1,25.6,61,2,0.29,1.44
24.93,30.45,0.03,11,0,24.93,61,2,0.29,1.467
22.75,30.45,0.03,7,1,22.75,61,2,0.41,1.4
23.95,30.45,0.03,10,0,23.95,61,2,0.41,1.3
24.48,30.45,0.03,10,0,24.48,61,2,0.41,1.63
23.65,30.45,0.03,4,0,23.65,61,2,0.45,1.217
25.15,30.45,0.03,6,0,25.15,61,2,0.45,1.2
23.65,30.45,0.03,8,-1,23.65,61,2,0.45,1.578
23.43,30.45,0.03,3,0,23.43,61,2,0.39,1.25
23.58,30.45,0.03,6.277778,0,23.58,61,2,0.39,1.238
23.2,30.45,0.03,4,0,23.2,61,2,0.47,1.2
23.58,30.45,0.03,3,0,23.58,61,2,0.47,1.05
23.58,30.45,0.03,2,0,23.58,61,2,0.47,1.267
24.63,30.45,0.03,6,0,24.63,61,2,0.45,1.033
24.4,30.45,0.03,9,-1,24.4,61,2,0.45,1.3
24.63,30.45,0.03,11,0,24.63,61,2,0.45,1.683
23.12,30.45,0.03,7,-1,23.12,61,2,0.55,1.433
24.1,30.45,0.03,11,0,24.1,61,2,0.55,1.2
25.76,30.45,0.03,13,0,25.76,61,2,0.55,1.72
22.97,30.45,0.03,9,0,22.97,61,2,0.5,1.333
24.55,30.45,0.03,21,-2,24.55,61,2,0.5,1.275
23.28,30.45,0.03,21,1,23.28,61,2,0.5,2
23.73,30.45,0.03,8,1,23.73,61,2,0.45,1.35
23.35,30.45,0.03,7,0,23.35,61,2,0.45,1.433
23.43,30.45,0.03,8,0,23.43,61,2,0.45,1.32
22.82,22.36,0.03,4,-1,22.82,61,2,0.32,1.464
24.03,22.36,0.03,9,1,24.03,61,2,0.32,1.522
24.33,22.36,0.03,10,0,24.33,61,2,0.32,1.383
25.76,22.36,0.03,6,0,25.76,61,2,0.39,1.3
24.33,22.36,0.03,9,-1,24.33,61,2,0.39,1.233
24.63,22.36,0.03,10,0,24.63,61,2,0.39,1.12
22.97,22.36,0.03,-1,0,22.97,61,2,0.46,1.475
23.88,22.36,0.03,1,-1,23.88,61,2,0.46,1.325
23.12,22.36,0.03,4,0,23.12,61,2,0.41,1.5
23.88,22.36,0.03,9,0,23.88,61,2,0.41,1.275
24.03,22.36,0.03,11,-1,24.03,61,2,0.41,1.367
23.95,22.36,0.03,8,0,23.95,61,2,0.39,1.75
24.03,22.36,0.03,6,0,24.03,61,2,0.39,1.533
23.65,22.36,0.03,-1,-1,23.65,61,2,0.43,1.467
23.05,22.36,0.03,-1.222222,-1,23.05,61,2,0.5,1
22.45,22.36,0.03,-3,0,22.45,61,2,0.57,1.333
22.9,22.36,0.03,-2,-1,22.9,61,2,0.57,1.2
23.2,22.36,0.03,-1,-1,23.2,61,2,0.57,1.325
22.52,22.36,0.03,0,-1,22.52,61,2,0.39,1.25
23.28,22.36,0.03,1,-1,23.28,61,2,0.39,1.1
22.67,22.36,0.03,1,0,22.67,61,2,0.52,1.2
23.35,22.36,0.03,4,-1,23.35,61,2,0.39,1.18
23.28,22.36,0.03,3.388889,-1,23.28,61,2,0.39,1.025
22.67,22.36,0.03,-1,-1,22.67,61,2,0.41,1.1
23.5,22.36,0.03,2,-1,23.5,61,2,0.41,1.233
23.12,22.36,0.03,3,-1,23.12,61,2,0.41,1.5
22.9,22.36,0.03,3,-1,22.9,61,2,0.53,1.067
23.12,22.36,0.03,3,-1,23.12,61,2,0.53,1.45
23.35,22.36,0.03,3,-1,23.35,61,2,0.53,1.2
23.84,30.61,0.03,22.888889,0,23.84,61,2,0.4,1.25
24.44,32.2,0.03,22,0,24.44,61,2,0.4,1.4
25.38,34.3,0.03,22,0,25.38,61,2,0.35,1.05
23.5,55.63,0.03,29,1,23.5,55,1,0.46,1.6
23.3,55.63,0.03,30,1,23.3,55,1,0.46,1.267
23.2,55.63,0.03,27,1,23.2,55,1,0.51,1.6
23.7,55.63,0.03,28,0,23.7,55,1,0.51,1.35
23.3,55.63,0.03,27,1,23.3,55,1,0.46,1.4
23.3,55.63,0.03,31,-1,23.3,55,1,0.46,1.5
23.5,55.63,0.03,29,0,23.5,55,1,0.46,1
23.7,55.63,0.03,32,0,23.7,55,1,0.46,1
23.7,55.63,0.03,32,1,23.7,55,1,0.46,1.35
23.3,55.63,0.03,27,1,23.3,55,1,0.46,1
23.6,55.63,0.03,28,1,23.6,55,1,0.46,1
23.7,55.63,0.03,27,1,23.7,55,1,0.45,1.4
23.5,55.63,0.03,29,0,23.5,55,1,0.45,1
23.3,55.63,0.03,30,0,23.3,55,1,0.53,1
22.9,55.63,0.03,24,0,22.9,55,1,0.45,1.6
23.3,55.63,0.03,24,-1,23.3,55,1,0.45,1
23.3,55.63,0.03,26,0,23.3,55,1,0.45,1
23.3,55.63,0.03,27,1,23.3,55,1,0.45,1.6
23.3,55.63,0.03,28,0,23.3,55,1,0.45,1
23,55.63,0.03,23,0,23,55,1,0.45,1
23.7,55.63,0.03,25,1,23.7,55,1,0.46,2.2
23.7,55.63,0.03,28,0,23.7,55,1,0.46,1
22.9,55.63,0.03,30,0,22.9,55,1,0.46,1
24,55.63,0.03,31,0,24,55,1,0.46,1.365
23.7,55.63,0.03,31,0,23.7,55,1,0.46,1
23.4,55.63,0.03,32,1,23.4,55,1,0.46,1
22.9,38.42,0.03,9,-1,22.65,55,1,0.5,1.1
22.66,33.98,0.03,10,0,22.39,55,1,0.5,1.3
20.27,38.71,0.03,8,-1,20.86,55,1,0.95,1
23.38,32.41,0.03,11,0,22.73,55,1,0.59,1.25
21.8,35.82,0.03,10,0,22.07,55,1,0.5,1.883
23.16,33.83,0.03,10,0,23.09,55,1,0.5,1.325
24.07,30.79,0.03,9,0,23.58,55,1,0.5,1.275
19.13,30.84,0.03,4,-1,19.71,55,1,0.67,1.867
22.27,28.02,0.03,6,-2,22.18,55,1,1.03,1.22
20.32,27.6,0.03,3,-2,21.08,55,1,0.9,1.66
22.68,24.69,0.03,6.277778,-1,22.63,55,1,0.9,1.25
23.28,23.23,0.03,7,0,22.89,55,1,0.54,1.35
19.89,25.58,0.03,4,0,20.62,55,1,0.96,2
22.25,25.68,0.03,3,0,22.4,55,1,0.96,1.4
23.11,26.83,0.03,3,0,22.89,55,1,0.96,1.5
20.01,27.91,0.03,6,0,20.79,55,1,0.63,2
22.97,24.95,0.03,9,-1,22.87,55,1,0.97,1.25
23.86,23.47,0.03,11,0,23.49,55,1,0.63,1.333
22.49,24.13,0.03,7,0,22.69,55,1,0.58,1.5
24.6,24.14,0.03,13,0,24.08,55,1,0.58,1.05
24.6,24.35,0.03,13,-1,24.11,55,1,0.58,1.12
22.85,40.45,0.03,15,-1,23.19,55,1,0.59,1.73
24.73,39.27,0.03,21,0,24.45,55,1,0.59,1.233
23.38,39.59,0.03,20,0,22.54,55,1,0.59,1.425
22.92,41.3,0.03,7,-1,22.6,55,1,0.5,1.2
23.26,37.54,0.03,7,-1,23.11,55,1,0.5,1.5
22.7,22.36,0.03,5,0,22.7,55,1,0.68,1
23.9,22.36,0.03,9,-1,23.9,55,1,0.68,1.05
24.5,22.36,0.03,9,0,24.5,55,1,0.68,1.25
22.1,22.36,0.03,4,-1,22.1,55,1,0.58,1.575
23.8,22.36,0.03,9,0,23.8,55,1,0.58,1.2
24.4,22.36,0.03,9,0,24.4,55,1,0.58,1.25
21.9,22.36,0.03,-1,1,21.9,55,1,0.97,1.925
24.9,22.36,0.03,1,0,24.9,55,1,0.63,1.1
23.7,22.36,0.03,2,0,23.7,55,1,0.63,1.05
22.9,22.36,0.03,4,-1,22.9,55,1,0.84,1.867
24.5,22.36,0.03,9,0,24.5,55,1,0.84,2
25.1,22.36,0.03,12,0,25.1,55,1,0.84,1.05
24.5,22.36,0.03,14,0,24.5,55,1,0.59,1.515
26.1,22.36,0.03,19,0,26.1,55,1,0.59,1.62
26.5,22.36,0.03,19,1,26.5,55,1,0.59,1.1
22.3,22.36,0.03,8,0,22.3,55,1,0.5,1.533
24.5,22.36,0.03,7,0,24.5,55,1,0.5,1.65
24.5,22.36,0.03,4,0,24.5,55,1,0.5,1.1
22.8,22.36,0.03,-1,0,22.8,55,1,0.67,1.25
23.4,22.36,0.03,-1,-1,23.4,55,1,0.67,1.05
23.5,22.36,0.03,-1,0,23.5,55,1,0.67,1.46
21.3,22.36,0.03,-3,0,21.3,55,1,0.84,1.425
22.5,22.36,0.03,-1,-1,22.5,55,1,0.84,1.2
22.9,22.36,0.03,0,0,22.9,55,1,0.84,1.2
22,22.36,0.03,1,0,22,55,1,0.93,1.59
22.9,22.36,0.03,1,0,22.9,55,1,0.59,1.25
23.3,22.36,0.03,1,-1,23.3,55,1,0.93,1.05
23.7,22.36,0.03,3.388889,0,23.7,55,1,0.59,1.614
21.7,22.36,0.03,-1,0,21.7,55,1,0.93,1.725
23.3,22.36,0.03,2,-1,23.3,55,1,0.59,1.3
23.3,22.36,0.03,3,0,23.3,55,1,0.59,1.075
22.5,22.36,0.03,3,0,22.5,55,1,0.5,1.7
23.1,22.36,0.03,3,-1,23.1,55,1,0.84,1.5
23.4,22.36,0.03,3,0,23.4,55,1,0.5,1.125
23.3,31.02,0.03,13,0,23.3,55,1,0.54,1.4
26.1,31.02,0.03,23,1,26.1,55,1,0.54,1.2
26.9,31.02,0.03,20.555556,0,26.9,55,1,0.54,1.05
25.5,31.02,0.03,19,0,25.5,55,1,0.43,1.875
27.1,31.02,0.03,28,0,27.1,55,1,0.43,2
26.9,31.02,0.03,29,1,26.9,55,1,0.43,1.2
26.1,31.02,0.03,21,1,26.1,55,1,0.43,1.875
27.4,31.02,0.03,30,1,27.4,55,1,0.43,1.1
26.1,31.02,0.03,21,1,26.1,55,1,0.42,1.75
24.9,31.02,0.03,21,0,24.9,55,1,0.42,1.25
22.1,31.02,0.03,16,0,22.1,55,1,0.42,1.35
21.3,31.02,0.03,8,-1,21.3,55,1,0.5,1.775
22.8,31.02,0.03,9,-1,22.8,55,1,0.5,1.4
22.5,31.02,0.03,9.444444,-1,22.5,55,1,0.5,1.475
23.7,31.02,0.03,12,-1,23.7,55,1,0.5,1.25
24.4,31.02,0.03,14,0,24.4,55,1,0.5,1.25
26.1,31.02,0.03,21,0,26.1,55,1,0.43,1.575
25.9,31.02,0.03,23,0,25.9,55,1,0.43,1.35
22.8,31.02,0.03,16,0,22.8,55,1,0.5,1.575
23.3,31.02,0.03,18,0,23.3,55,1,0.5,1.075
24,31.02,0.03,21,0,24,55,1,0.5,1.05
22.1,31.02,0.03,14,-1,22.1,55,1,0.5,1.7
24.3,31.02,0.03,18,-1,24.3,55,1,0.5,1.5
24.3,31.02,0.03,18,0,24.3,55,1,0.5,1.6
24.4,31.02,0.03,21,0,24.4,55,1,0.5,1.1
22.29,55.63,0.03,27,0,22.29,65,2,0.57,1.525
22.02,30.45,0.03,9,-1,22.02,65,2,0.78,1.275
21.5,30.45,0.03,9,0,21.5,65,2,0.57,1.8
21.94,30.45,0.03,10,0,21.94,65,2,0.57,1.525
22.98,30.45,0.03,10,-1,22.98,65,2,0.57,1.425
22.63,30.45,0.03,6,0,22.63,65,2,0.68,1.3
22.46,30.45,0.03,6,0,22.46,65,2,0.68,1.5
20.89,30.45,0.03,3,0,20.89,65,2,0.93,1.933
22.81,30.45,0.03,7,1,22.81,65,2,0.93,1.625
22.81,30.45,0.03,7,0,22.81,65,2,0.93,1.5
22.2,30.45,0.03,6,0,22.2,65,2,0.85,1.4
22.72,30.45,0.03,2,0,22.72,65,2,0.85,1.5
22.02,30.45,0.03,8,0,22.02,65,2,0.57,1.9
23.5,22.36,0.03,2,0,23.5,65,2,0.7,1.55
23.85,22.36,0.03,2,0,23.85,65,2,0.7,1.5
22.98,22.36,0.03,4,0,22.98,65,2,0.65,1.42
23.24,22.36,0.03,3.388889,0,23.24,65,2,0.65,1.5
22.63,22.36,0.03,3,0,22.63,65,2,0.79,1.575
23.41,31.02,0.03,10.222222,-1,23.41,65,2,0.57,1.2
23.85,31.02,0.03,14,-1,23.85,65,2,0.57,1.5
22.63,54.8,0.03,27,0,22.63,51,1,0.49,1.35
22.7,53.02,0.03,28,0,22.7,51,1,0.49,1.6
22.92,51.77,0.03,29,1,22.92,51,1,0.49,1.1
22.49,56.05,0.03,25,0,22.49,51,1,0.42,1.6
22.54,54.56,0.03,26,1,22.54,51,1,0.42,1.267
22.66,52.99,0.03,27,0,22.66,51,1,0.42,1.45
22.46,56.97,0.03,28,0,22.46,51,1,0.42,1.6
22.61,55.97,0.03,31,0,22.61,51,1,0.42,1.45
23.28,54.83,0.03,32,1,23.28,51,1,0.42,1.45
23.04,60.17,0.03,28,-1,23.04,51,1,0.36,1.6
23.69,58.83,0.03,33,0,23.69,51,1,0.36,1.567
23.52,55.02,0.03,32,0,23.52,51,1,0.46,1.267
22.68,49.62,0.03,28,-1,22.68,51,1,0.46,1.35
22.49,51.3,0.03,29,-1,22.49,51,1,0.46,1.35
22.66,59.37,0.03,27,0,22.66,51,1,0.46,3
23.04,59.83,0.03,29,0,23.04,51,1,0.44,1.5
23.5,58.18,0.03,32,0,23.5,51,1,0.44,1.35
23.04,62.46,0.03,26,0,23.04,51,1,0.52,1.175
21.96,38.59,0.03,9,-2,21.96,51,1,0.55,1.04
22.3,34.94,0.03,10,-1,22.3,51,1,0.55,1.05
21.34,35.9,0.03,9,1,21.34,51,1,0.7,1.56
22.92,34.5,0.03,11,2,22.92,51,1,0.7,1.225
22.68,32.25,0.03,10,2,22.68,51,1,0.7,1.95
21.29,28.88,0.03,5,0,21.29,51,1,0.87,1.73
22.3,27.45,0.03,7,0,22.3,51,1,0.87,1.05
21.87,24.29,0.03,6,0,21.87,51,1,0.97,1.52
22.8,26.4,0.03,2,1,22.8,51,1,0.97,1.45
22.85,26.91,0.03,3,0,22.85,51,1,0.97,1.3
22.11,25.5,0.03,8,0,22.11,51,1,0.47,1.75
22.97,24.23,0.03,9,1,22.97,51,1,0.47,1.367
22.51,23.72,0.03,8,1,22.51,51,1,0.65,1.55
24.05,23.69,0.03,13,2,24.05,51,1,0.67,1.84
23.95,24.3,0.03,13,2,23.95,51,1,0.67,1.3
23.23,42.57,0.03,21,0,23.23,51,1,0.58,1.5
23.09,41.9,0.03,20,0,23.09,51,1,0.58,1.05
22.94,38.33,0.03,7,1,22.94,51,1,0.72,1.767
23.54,34.53,0.03,9,1,23.54,51,1,0.72,1.488
22.27,25.41,0.03,4,1,22.27,51,1,0.52,1.52
24.27,26.44,0.03,9,2,24.27,51,1,0.58,1.55
24.53,27.14,0.03,10,0,24.53,51,1,0.58,1.35
22.68,25.61,0.03,6,1,22.68,51,1,0.63,1.867
24.32,22.92,0.03,10,1,24.32,51,1,0.59,1.14
23.88,17.63,0.03,1,2,23.88,51,1,0.89,1.62
24.68,18.48,0.03,1,1,24.68,51,1,0.89,1.325
24.53,20.62,0.03,2,2,24.53,51,1,0.89,1.2
24.41,23.37,0.03,5,2,24.41,51,1,0.56,1.6
24.73,25.21,0.03,8,1,24.73,51,1,0.56,1.18
23.64,30.25,0.03,12,0,23.64,51,1,0.56,1.28
24.82,30.96,0.03,12,1,24.82,51,1,0.56,1.588
23.54,24.55,0.03,7,1,23.54,51,1,0.88,1.567
24.46,23.34,0.03,6,1,24.46,51,1,0.99,1.338
23.74,19.46,0.03,-2,1,23.74,51,1,0.8,1.6
23.26,17.94,0.03,-1,1,23.26,51,1,0.8,1.271
23.98,17.11,0.03,-1,1,23.98,51,1,0.8,1.3
21.94,17.25,0.03,-2,2,21.94,51,1,1.06,1.4
23.3,16.66,0.03,-1,1,23.3,51,1,1.06,1.314
23.66,16.61,0.03,0,1,23.66,51,1,0.81,1.283
21.58,19.75,0.03,-1,0,21.58,51,1,1.73,1.55
23.57,20.46,0.03,1,1,23.57,51,1,1.73,1.4
22.49,22.01,0.03,1,0,22.49,51,1,0.81,1.44
23.76,21.37,0.03,4,2,23.76,51,1,1.01,1.18
22.9,18.17,0.03,-1,1,22.9,51,1,0.95,1.82
26.28,33.74,0.03,28,-1,26.28,51,1,0.54,1.271
25.7,38.05,0.03,24,2,25.7,51,1,0.51,1.667
26.57,40.85,0.03,31,1,26.57,51,1,0.46,1.314
24.63,49.49,0.03,22,0,24.63,51,1,0.46,1.656
24.07,50.37,0.03,21,0,24.07,51,1,0.46,1.15
20.96,41.31,0.03,8,-1,20.96,51,1,0.92,1.633
22.44,40.4,0.03,9,0,22.44,51,1,0.92,1.233
22.56,27.6,0.03,9.444444,0,22.56,51,1,0.63,1.65
23.45,28.72,0.03,13,0,23.45,51,1,0.63,1.467
24.05,29.48,0.03,13.611111,0,24.05,51,1,0.63,1.433
24.99,37.95,0.03,22,1,24.99,51,1,0.88,1.667
24.6,42.6,0.03,23,1,24.6,51,1,0.88,1.7
22.37,48.56,0.03,16,-1,22.37,51,1,0.92,1.75
22.23,44.26,0.03,16,-1,22.23,51,1,1.23,1.671
23.52,45,0.03,17,1,23.52,51,1,1.23,1.275
23.74,54.8,0.03,21,0,23.74,51,1,0.67,1.367
24.48,60.89,0.07,27,1,23.65,34,1,0.42,1.548
24.29,54.82,0.04,30,-1,24.12,34,1,0.46,1.05
23.86,53.63,0.04,32,-2,23.73,34,1,0.46,1.05
23.04,48.78,0.04,28,-2,22.92,34,1,0.46,1.05
23.04,57.96,0.09,27,1,22.81,34,1,0.46,2.8
23.52,56.45,0.03,30,-2,23.47,34,1,0.46,1.05
23.33,55.77,0.03,31,-2,23.18,34,1,0.46,1.05
22.97,54.97,0.04,30,-1,22.79,34,1,0.46,1.05
23.16,58.96,0.03,28,0,22.96,34,1,0.46,2.8
23.69,57.03,0.03,31,-1,23.64,34,1,0.44,1.05
23.74,57.16,0.03,32,0,23.71,34,1,0.46,1.05
23.4,61.85,0.06,26,1,23.07,34,1,0.46,2.8
22.82,58.14,0.12,26,1,22.7,34,1,0.46,1.4
22.87,56.82,0.03,28,-2,22.72,34,1,0.46,1.05
23.02,52.1,0.03,24,1,22.79,34,1,0.46,2.8
23.3,50.87,0.06,29,-2,23.1,34,1,0.46,1.05
23.4,49.9,0.03,30,-2,23.33,34,1,0.46,1.05
22.46,55.39,0.09,24,1,22.21,34,1,0.46,2.8
22.37,57.33,0.03,27,1,22.37,34,1,0.38,2.8
23.21,54.13,0.03,28,-2,23.08,34,1,0.45,1.05
21.29,57.2,0.04,24,0,21.24,34,1,0.46,2.8
22.63,53.14,0.02,28,-2,22.8,34,1,0.46,1.05
22.2,53.2,0.03,30,-2,21.93,34,1,0.46,1.05
21.75,57.58,0.03,24,1,21.87,34,1,0.46,2.8
23.3,51.79,0.03,31,-2,23.43,34,1,0.46,1.05
23.4,52.59,0.03,32,-1,23.42,34,1,0.46,1.05
23.02,57.55,0.03,26,0,22.5,34,1,0.58,1.45
24.24,43.08,0.03,21,0,24.62,34,1,0.47,1.675
22.66,41.7,0.03,21,0,22.61,34,1,0.47,1.033
21.27,38.84,0.03,9,-1,21.39,34,1,0.55,1.4
21.8,35.42,0.03,10,-1,21.84,34,1,0.55,1.28
20.36,38.55,0.03,8,0,20.46,34,1,0.56,1.625
21.68,35.84,0.03,10,0,21.92,34,1,0.56,1.5
22.32,32.62,0.03,9,0,22.3,34,1,0.56,1.1
19.08,31.66,0.02,4,-1,19.15,34,1,0.59,1.7
20.77,30.35,0.03,6,-1,21.06,34,1,0.59,1.525
21.68,27.87,0.03,7,-1,21.65,34,1,0.59,1.35
19.86,26.86,0.03,3,-2,19.94,34,1,0.72,1
20.84,27.13,0.03,6.277778,-2,21.06,34,1,0.72,1.35
21.53,25.66,0.03,7,-2,21.46,34,1,0.72,1.15
19.41,27.76,0.03,4,-1,19.46,34,1,0.73,1.625
20.77,28,0.03,3,-2,20.77,34,1,0.98,1.075
21.82,28.89,0.03,3,1,21.75,34,1,0.71,1.15
19.89,30.07,0.13,6,0,20.09,34,1,0.56,1.5
21.56,26.44,0.03,9,-1,21.85,34,1,0.73,1.65
22.75,24.7,0.03,11,-1,22.78,34,1,0.73,1
20.22,26.21,0.03,7,-2,20.44,34,1,0.56,1.5
22.9,25.39,0.03,11,0,23.19,34,1,0.73,1
23.09,26.15,0.03,13,0,23.09,34,1,0.56,1.2
23.09,43.72,0.03,21,-2,23.31,34,1,0.57,1.05
21.84,43.96,0.07,20,-2,21.57,34,1,0.57,1.05
22.18,40.57,0.03,7,-2,22.2,34,1,0.56,1.325
22.58,36.88,0.03,9,-1,22.56,34,1,0.56,1.3
21.39,28.22,0.03,4,0,21.46,34,1,0.47,1.55
22.9,28.17,0.03,9,-1,23.07,34,1,0.47,1.25
23.45,29.23,0.03,10,0,23.42,34,1,0.47,1.125
21.82,28.08,0.03,4,0,21.87,34,1,0.57,1.5
22.75,24.83,0.03,9,0,22.85,34,1,0.57,1.125
23.16,25.14,0.03,10,0,23.18,34,1,0.57,1
21.63,19.07,0.03,-1,0,21.53,34,1,0.75,1.525
23.71,20.26,0.03,1,-1,23.76,34,1,0.58,1.325
23.23,22.26,0.03,2,0,22.96,34,1,0.58,1.15
22.66,25.54,0.03,4,0,22.51,34,1,0.57,1.667
23.78,27.29,0.03,9,0,23.71,34,1,0.57,1.825
24.17,28.88,0.03,12,0,24.1,34,1,0.57,1.225
23.71,32.57,0.03,12,0,23.69,34,1,0.56,1.667
25.11,41.87,0.03,19,-1,25.04,34,1,0.56,1.225
22.56,28.14,0.03,7,0,22.36,34,1,0.52,1.5
23.33,26.64,0.03,7,0,23.3,34,1,0.52,1.55
23.57,25.44,0.03,6,-1,23.47,34,1,0.48,1.3
22.51,22.97,0.03,-1,1,22.56,34,1,0.57,1.5
23.59,20.77,0.03,-1,-2,23.67,34,1,0.57,1.05
23.33,19.3,0.03,-1,-1,23.18,34,1,0.57,1.05
20.58,19.42,0.03,-3,0,21.02,34,1,0.77,1.667
22.34,18.76,0.03,-2,0,22.57,34,1,0.77,1.233
23.06,18.32,0.03,0,-1,23.14,34,1,0.77,1.1
21.18,20.97,0.03,-1,0,21.2,34,1,0.73,1.5
22.61,21.67,0.03,1,-2,22.71,34,1,0.58,1.25
23.09,21.57,0.03,1,-1,23.11,34,1,0.58,1.05
21.72,24.56,0.03,-0.277778,0,21.92,34,1,0.57,1.5
23.06,23.21,0.03,4,-1,23.16,34,1,0.57,1.05
22.97,22.38,0.03,3.388889,0,22.87,34,1,0.57,1.3
21.65,24.41,0.03,3,-1,21.73,34,1,0.62,1.667
22.56,25.09,0.03,3,-1,22.68,34,1,0.7,1.36
22.82,26,0.03,3,-1,22.8,34,1,0.62,1.117
22.63,32.38,0.03,17,0,22.66,34,1,0.56,1.5
24.46,31.87,0.03,23,0,24.88,34,1,0.56,1
25.57,32.61,0.03,20.555556,0,25.75,34,1,0.56,1
24.53,39.25,0.03,22,0,24.51,34,1,0.56,1.5
21.06,42.42,0.03,9,-1,21.1,34,1,0.53,1.5
22.06,28.51,0.03,8,-1,21.94,34,1,0.56,1.5
22.34,29.74,0.05,12,-1,22.42,34,1,0.56,1.125
23.04,31.58,0.03,13.611111,-1,23.14,34,1,0.56,1
23.45,40.84,0.03,21,-1,23.92,34,1,0.57,1
22.44,45.22,0.03,17,-1,22.47,34,1,0.56,1.625
22.97,42.38,0.03,21,-1,23.02,34,1,0.56,1.2
21.89,46.88,0.03,16,-1,22.01,34,1,0.81,1
22.94,48.61,0.03,18,-1,23.07,34,1,0.47,1
22.7,56.95,0.03,25,0,22.68,34,1,0.56,1
22.85,59.13,0.04,25,-1,22.82,34,1,0.56,1.4
23.71,55.61,0.03,24,1,23.27,26,1,0.53,4
23.86,53.63,0.03,31,0,23.61,26,1,0.53,2
24.03,52.8,0.03,29,1,23.83,26,1,0.53,1.267
23.09,54.67,0.03,24,1,22.82,26,1,0.53,4
23.78,51.79,0.03,28,0,23.56,26,1,0.46,1.267
24.07,52.62,0.03,29,-1,23.9,26,1,0.46,1.267
22.99,55.66,0.03,24,0,22.6,26,1,0.53,4
23.16,53.5,0.03,26,-1,22.94,26,1,0.46,1.3
23.52,52.7,0.03,27,-1,23.32,26,1,0.46,1.3
22.68,55.98,0.03,26,2,22.41,26,1,0.46,4
23.4,54.09,0.03,31,0,23.18,26,1,0.46,1.3
23.66,54.76,0.03,32,-1,23.47,26,1,0.46,1.45
24.03,58.01,0.03,32,0,23.88,26,1,0.46,1.45
24.03,58.69,0.03,33,0,23.85,26,1,0.46,1.267
23.57,57.02,0.03,30,0,23.47,26,1,0.46,1.475
23.76,54.62,0.03,32,0,23.54,26,1,0.46,1.3
23.3,49.07,0.03,28,-1,23.13,26,1,0.53,1.44
23.23,49.94,0.03,29,0,23.03,26,1,0.53,1.575
23.76,56.2,0.03,27,-1,23.46,26,1,0.51,1.267
23.52,56.23,0.03,31,-2,23.25,26,1,0.53,1.45
23.57,53.55,0.03,30,-1,23.35,26,1,0.53,1.45
24.36,55.51,0.03,32,-1,24.17,26,1,0.53,1.567
24.77,54.82,0.03,32,-1,24.52,26,1,0.45,1.267
23.66,56.5,0.03,26,-1,23.37,26,1,0.53,1.267
23.78,54.93,0.03,28,-1,23.46,26,1,0.53,1.267
24.65,56.74,0.03,26,0,24.26,26,1,0.5,1.04
23.69,42.49,0.03,21,-2,23.27,26,1,0.35,1.643
23.57,42.87,0.03,21,0,23.37,26,1,0.35,1.05
21.65,39.96,0.03,9,0,21.5,26,1,0.59,1.283
22.51,36.35,0.03,10,0,22.32,26,1,0.59,1
22.49,36.34,0.03,11,0,22.32,26,1,0.59,1.4
22.9,33.4,0.03,10,0,22.65,26,1,0.59,1.767
22.51,33.63,0.03,10,0,22.29,26,1,0.67,1
23.4,31.94,0.03,9,0,23.01,26,1,0.67,1.75
21.99,28.16,0.03,6,0,21.67,26,1,0.88,1.15
22.66,26.66,0.03,7,0,22.41,26,1,0.88,1.55
21.87,24.19,0.03,2,0,21.67,26,1,0.67,3.125
21.89,25.08,0.03,6.277778,-1,21.67,26,1,0.67,1.125
23.02,23.76,0.03,7,0,22.62,26,1,0.67,1.05
22.63,25.5,0.03,3,0,22.44,26,1,0.67,1.375
23.59,26.26,0.03,3,0,23.25,26,1,0.67,1.325
22.27,25.68,0.03,6,0,22.13,26,1,0.67,1.65
23.23,24.94,0.03,9,0,22.96,26,1,0.67,1.4
23.62,23.73,0.03,11,1,23.32,26,1,0.67,1.175
23.69,24.83,0.03,11,0,23.42,26,1,0.59,1.425
22.78,36.83,0.03,9,0,22.6,26,1,0.67,3.333
24,39.79,0.03,21,0,23.73,26,1,0.59,1.225
23.26,40.72,0.03,20,0,22.93,26,1,0.59,1.425
23.09,39.76,0.03,7,0,22.77,26,1,0.67,1.067
23.71,35.74,0.03,9,0,23.54,26,1,0.67,1.05
23.95,27.51,0.03,9,0,23.71,26,1,0.59,1.025
24.51,27.11,0.03,9,0,24.26,26,1,0.59,1
22.23,18.06,0.03,-1,0,21.93,26,1,0.67,1.9
25.09,19.72,0.03,1,0,24.84,26,1,0.59,1.14
24.7,20.42,0.03,2,0,24.28,26,1,0.67,1.5
24.07,21.77,0.03,4,0,23.85,26,1,0.67,1.9
24.7,25.18,0.03,8,0,24.48,26,1,0.59,1.8
24.22,24.73,0.03,7,0,24.05,26,1,0.59,1.267
24.68,24.15,0.03,6,0,24.5,26,1,0.59,1.067
24.17,18.86,0.03,-1,0,23.87,26,1,0.57,1.075
24.27,17.9,0.03,-1,0,23.99,26,1,0.57,1.05
23.23,17.21,0.03,-1,-1,22.91,26,1,0.67,1.25
23.64,17.23,0.03,0,1,23.32,26,1,0.67,1.55
22.51,19.81,0.03,-1,-2,22.19,26,1,0.67,1.9
23.09,21.46,0.03,1,0,22.89,26,1,0.59,1.05
23.71,20.78,0.03,1,0,23.37,26,1,0.59,1.1
23.18,21.3,0.03,1,1,23.01,26,1,0.59,1.5
23.71,21.33,0.03,4,2,23.39,26,1,0.59,1.55
23.74,18.35,0.03,2,0,23.37,26,1,0.67,1.5
22.94,20.94,0.03,3,-1,22.75,26,1,0.67,2
23.83,23.23,0.03,3,0,23.49,26,1,0.67,1.571
24.39,24.2,0.03,3,0,23.97,26,1,0.67,1
22.2,39.3,0.03,8,0,22.03,26,1,0.59,1.433
22.3,40.26,0.03,8,0,21.93,26,1,0.59,1.91
22.58,40.03,0.03,9,0,22.26,26,1,0.59,1.125
22.68,27.75,0.03,9.444444,0,22.26,26,1,0.5,1.867
23.09,29,0.03,12,0,22.84,26,1,0.5,1.325
25.19,40.37,0.03,23,0,24.69,26,1,0.5,1.025
23.62,40.53,0.03,21,0,23.34,26,1,0.5,1.7
23.9,56.82,0.03,25,0,23.46,26,1,0.5,1.025
23.96,55.63,0.03,24,1,23.96,27,2,0.4,2.8
24.14,55.63,0.03,31,-2,24.14,27,2,0.4,1.5
24.23,55.63,0.03,29,0,24.23,27,2,0.4,1.05
23.23,55.63,0.03,24,0,23.23,27,2,0.58,2.8
23.59,55.63,0.03,28,-1,23.59,27,2,0.58,1.05
23.59,55.63,0.03,29,0,23.59,27,2,0.58,1
23.23,55.63,0.03,24,-1,23.23,27,2,0.34,2.8
23.96,55.63,0.03,27,-1,23.96,27,2,0.34,1.1
23.14,55.63,0.03,23,-1,23.14,27,2,0.31,2.8
23.78,55.63,0.03,31,0,23.78,27,2,0.56,1.05
23.59,55.63,0.03,32,0,23.59,27,2,0.31,1.05
23.87,55.63,0.03,26,-1,23.87,27,2,0.32,2.8
24.14,55.63,0.03,32,-1,24.14,27,2,0.64,1.05
23.96,55.63,0.03,33,0,23.96,27,2,0.64,1.267
23.5,55.63,0.03,27,1,23.5,27,2,0.34,1.548
23.87,55.63,0.03,31,-1,23.87,27,2,0.34,1.5
23.5,55.63,0.03,31,0,23.5,27,2,0.34,1.6
23.14,55.63,0.03,26,0,23.14,27,2,0.34,2.8
23.5,55.63,0.03,28,0,23.5,27,2,0.34,2
23.41,55.63,0.03,29,-1,23.41,27,2,0.64,1.05
23.5,55.63,0.03,27,-2,23.5,27,2,0.34,2.033
23.59,55.63,0.03,31,0,23.59,27,2,0.68,1.05
23.59,55.63,0.03,30,-2,23.59,27,2,0.68,1.05
23.23,55.63,0.03,26,-2,23.23,27,2,0.54,2.55
24.68,55.63,0.03,31,0,24.68,27,2,0.54,1.05
24.5,55.63,0.03,32,0,24.5,27,2,0.54,2
