Air temperature (¡C),Relative humidity (%),Air velocity (m/s),Outdoor monthly air temperature (¡C),Thermal sensation,Radiant temperature (¡C),Age,Sex
22.3,29,0.1,38,-1,23.1,1,2
22.3,29,0.1,38,-1,23.1,2,2
22.3,29,0.1,38,-2,23.1,1,2
22.3,29,0.1,38,0,23.1,1,1
22.3,29,0.1,38,0,23.1,2,2
22.3,29,0.1,38,0,23.1,2,1
22.3,29,0.1,38,1,23.1,2,1
22.3,29,0.1,38,-1,23.1,2,1
22.3,29,0.1,38,1,23.1,1,1
22.3,29,0.1,38,-2,23.1,2,2
22.3,29,0.1,38,-1,23.1,1,1
22.975,29,0.1,38,-1,23.1,2,1
22.975,29,0.1,38,0,23.1,2,1
22.975,29,0.1,38,0,23.1,1,2
22.975,29,0.1,38,-1,23.1,1,2
22.975,29,0.1,38,0,23.1,2,2
22.975,29,0.1,38,-1,23.1,1,1
22.975,29,0.1,38,1,23.1,2,1
22.975,29,0.1,38,0,23.1,1,1
22.975,29,0.1,38,-1,23.1,2,2
22.65,21.5,0.1,40,0,23.1,1,1
22.65,21.5,0.1,40,-1,23.1,2,1
22.65,21.5,0.1,40,-1,23.1,1,1
22.65,21.5,0.1,40,-1,23.1,1,2
22.65,21.5,0.1,40,-2,23.1,2,1
22.65,21.5,0.1,40,0,23.1,2,1
22.65,21.5,0.1,40,0,23.1,1,2
22.65,21.5,0.1,40,-1,23.1,2,2
22.65,21.5,0.1,40,-2,23.1,3,2
23.7,49,0.1,26.8,0,23.1,1,1
23.7,49,0.1,26.8,0,23.1,2,2
23.7,49,0.1,26.8,1,23.1,2,1
23.7,49,0.1,26.8,-1,23.1,2,1
23.7,49,0.1,26.8,-1,23.1,1,1
23.7,49,0.1,26.8,1,23.1,1,1
23.7,49,0.1,26.8,0,23.1,2,1
23.7,49,0.1,26.8,0,23.1,1,2
23.7,49,0.1,26.8,1,23.1,2,2
23.9,42,0.1,29.8,0,23.1,1,2
23.9,42,0.1,29.8,0,23.1,2,2
23.9,42,0.1,29.8,-1,23.1,2,1
23.9,42,0.1,29.8,0,23.1,1,1
23.9,42,0.1,29.8,0,23.1,2,1
23.9,42,0.1,29.8,-1,23.1,2,2
23.9,42,0.1,29.8,-1,23.1,1,2
23.9,42,0.1,29.8,1,23.1,1,1
23.7,37,0.1,27.2,0,23.1,1,1
23.7,37,0.1,27.2,-1,23.1,2,2
23.7,37,0.1,27.2,-1,23.1,2,1
23.7,37,0.1,27.2,0,23.1,2,1
23.7,37,0.1,27.2,-1,23.1,1,1
23.7,37,0.1,27.2,0,23.1,1,2
23.7,37,0.1,27.2,0,23.1,2,2
23.7,37,0.1,27.2,-1,23.1,3,2
23.7,37,0.1,27.2,1,23.1,1,1
23.7,37,0.1,27.2,0,23.1,3,1
23.7,37,0.1,27.2,-1,23.1,1,2
23.7,37,0.1,27.2,-2,23.1,1,2
23.7,0.72,0.1,13.9,-1,23.1,2,2
23.7,0.72,0.1,13.9,-1,23.1,1,2
23.7,0.72,0.1,13.9,2,23.1,1,2
23.7,0.72,0.1,13.9,0,23.1,1,2
23.7,0.72,0.1,13.9,-1,23.1,2,1
23.7,0.72,0.1,13.9,-1,23.1,1,1
23.7,0.72,0.1,13.9,-1,23.1,3,1
23.7,0.72,0.1,13.9,0,23.1,4,2
23.7,0.72,0.1,13.9,1,23.1,1,2
23.7,0.72,0.1,13.9,0,23.1,1,1
23.7,0.72,0.1,13.9,0,23.1,2,1
23.7,0.72,0.1,13.9,2,23.1,1,1
23.7,0.72,0.1,13.9,0,23.1,2,2
23.7,0.72,0.1,13.9,-2,23.1,1,2
23.7,0.72,0.1,13.9,1,23.1,1,1
17.4,60,0.1,12.8,-1,23.1,2,2
17.4,60,0.1,12.8,0,23.1,2,2
17.4,60,0.1,12.8,-1,23.1,3,1
17.4,60,0.1,12.8,-1,23.1,2,1
17.4,60,0.1,12.8,1,23.1,2,1
17.4,60,0.1,12.8,-1,23.1,3,2
17.4,60,0.1,12.8,0,23.1,6,2
17.4,60,0.1,12.8,0,23.1,2,1
17.4,60,0.1,12.8,-1,23.1,4,2
17.4,60,0.1,12.8,0,23.1,3,2
17.4,60,0.1,12.8,0,23.1,4,2
17.4,60,0.1,12.8,0,23.1,5,1
17.4,60,0.1,12.8,-1,23.1,5,2
17.4,60,0.1,12.8,0,23.1,3,1
17.4,60,0.1,12.8,-1,23.1,4,1
17.4,60,0.1,12.8,1,23.1,2,2
23.7,65,0.1,25.6,0,23.1,2,2
23.7,65,0.1,25.6,-1,23.1,2,2
23.7,65,0.1,25.6,0,23.1,1,2
23.7,65,0.1,25.6,0,23.1,1,1
23.7,65,0.1,25.6,0,23.1,2,1
23.7,65,0.1,25.6,-1,23.1,2,1
23.7,65,0.1,25.6,1,23.1,1,1
23.7,56,0.1,28.4,0,23.1,5,1
23.7,56,0.1,28.4,2,23.1,3,1
23.7,56,0.1,28.4,0,23.1,3,1
23.7,56,0.1,28.4,0,23.1,2,2
23.7,56,0.1,28.4,0,23.1,2,1
23.7,56,0.1,28.4,0,23.1,3,2
23.7,56,0.1,28.4,1,23.1,3,2
23.7,56,0.1,28.4,1,23.1,6,2
23.7,56,0.1,28.4,2,23.1,3,2
23.7,56,0.1,28.4,1,23.1,3,1
23.7,56,0.1,28.4,2,23.1,2,1
23.7,56,0.1,28.4,1,23.1,2,2
23.7,56,0.1,28.4,-1,23.1,2,2
23.7,56,0.1,28.4,-1,23.1,4,2
23.7,56,0.1,28.4,2,23.1,2,2
23.7,56,0.1,28.4,0,23.1,6,2
23.7,56,0.1,28.4,1,23.1,4,2
23.7,56,0.1,28.4,1,23.1,5,2
24.7,65,0.1,21.9,-2,23.1,1,1
24.7,65,0.1,21.9,-1,23.1,1,1
24.7,65,0.1,21.9,0,23.1,5,2
24.7,65,0.1,21.9,-1,23.1,1,2
24.7,65,0.1,21.9,-1,23.1,3,1
24.7,65,0.1,21.9,-2,23.1,1,2
24.7,65,0.1,21.9,0,23.1,1,1
24.7,65,0.1,21.9,0,23.1,2,1
24.7,65,0.1,21.9,-1,23.1,2,2
24.7,65,0.1,21.9,0,23.1,1,2
24.7,65,0.1,21.9,-1,23.1,6,2
24.7,65,0.1,21.9,-1,23.1,2,1
24.7,65,0.1,21.9,0,23.1,2,2
24.7,65,0.1,21.9,-1,23.1,3,2
24.7,65,0.1,21.9,1,23.1,2,2
18.53,38,0.1,13.65,0,23.1,2,1
18.53,38,0.1,13.65,0,23.1,1,1
18.53,38,0.1,13.65,0,23.1,1,2
18.53,38,0.1,13.65,0,23.1,2,2
18.53,38,0.1,13.65,1,23.1,2,1
18.53,38,0.1,13.65,0,23.1,6,1
18.53,38,0.1,13.65,1,23.1,1,1
18.53,38,0.1,13.65,0,23.1,3,1
18.53,38,0.1,13.65,-1,23.1,4,1
18.53,38,0.1,13.65,0,23.1,3,2
23.03,37.8,0.1,18.24,0,23.1,2,2
23.03,37.8,0.1,18.24,1,23.1,2,2
23.03,37.8,0.1,18.24,-1,23.1,2,2
23.03,37.8,0.1,18.24,0,23.1,1,1
23.03,37.8,0.1,18.24,0,23.1,3,2
23.03,37.8,0.1,18.24,0,23.1,1,2
23.03,37.8,0.1,18.24,0,23.1,2,1
23.03,37.8,0.1,18.24,-1,23.1,1,2
25.2,64,0.05,16,0,25.2,1,1
25.2,64,0.05,16,0,25.2,1,2
25.2,64,0.05,16,0,25.2,2,2
25.2,64,0.05,16,1,25.2,1,2
25.2,64,0.05,16,1,25.2,2,2
25.2,64,0.05,16,0,25.2,2,1
25.2,64,0.05,16,0,25.2,3,2
25.2,64,0.05,16,0,25.2,6,2
25.2,64,0.05,16,-1,25.2,2,2
25.2,64,0.05,16,-1,25.2,2,1
23.7,65,0.1,16.7,0,23.1,2,2
23.7,65,0.1,16.7,0,23.1,3,2
23.7,68,0.1,15.8,0,23.1,3,1
23.7,68,0.1,15.8,-1,23.1,3,2
23.7,68,0.1,15.8,-2,23.1,2,1
23.7,68,0.1,15.8,0,23.1,2,1
23.7,68,0.1,15.8,-1,23.1,2,2
23.7,68,0.1,15.8,-1,23.1,2,1
23.7,68,0.1,15.8,0,23.1,5,1
23.7,68,0.1,15.8,0,23.1,2,2
23.7,68,0.1,15.8,0,23.1,3,2
23.7,68,0.1,15.8,-1,23.1,3,1
23.7,68,0.1,15.8,0,23.1,4,1
23.7,63,0.1,13.3,1,23.1,2,2
23.7,63,0.1,13.3,-1,23.1,2,1
23.7,63,0.1,13.3,-1,23.1,1,1
23.7,63,0.1,13.3,-1,23.1,2,2
23.7,63,0.1,13.3,0,23.1,2,1
23.7,63,0.1,13.3,0,23.1,1,2
23.7,63,0.1,13.3,0,23.1,1,1
23.7,63,0.1,13.3,1,23.1,1,1
23.7,63,0.1,13.3,0,23.1,6,2
23.7,63,0.1,13.3,0,23.1,3,2
23.7,63,0.1,13.3,-2,23.1,1,2
23.7,63,0.1,13.3,0,23.1,2,2
23.7,63,0.1,13.3,-1,23.1,1,2
23.7,55,0.1,24.5,0,23.1,2,2
23.7,55,0.1,24.5,-1,23.1,3,1
23.7,55,0.1,24.5,0,23.1,3,2
23.7,55,0.1,24.5,0,23.1,1,1
23.7,55,0.1,24.5,-1,23.1,1,2
23.7,55,0.1,24.5,-1,23.1,1,1
23.7,92,0.1,19.7,-1,23.1,1,1
23.7,92,0.1,19.7,0,23.1,1,2
23.7,92,0.1,19.7,0,23.1,1,1
23.7,92,0.1,19.7,-1,23.1,1,2
23.7,61.5,0.1,21.1,0,23.1,2,2
23.7,61.5,0.1,21.1,0,23.1,1,2
23.7,61.5,0.1,21.1,0,23.1,2,1
23.7,61.5,0.1,21.1,0,23.1,1,1
23.7,61.5,0.1,21.1,0,23.1,3,1
23.7,61.5,0.1,21.1,0,23.1,4,2
23.7,61.5,0.1,21.1,1,23.1,1,2
23.7,55,0.1,22.4,0,23.1,6,2
23.7,55,0.1,22.4,-1,23.1,2,2
23.7,55,0.1,22.4,0,23.1,1,1
23.7,55,0.1,22.4,0,23.1,2,1
23.7,55,0.1,22.4,0,23.1,3,2
23.7,55,0.1,22.4,0,23.1,2,2
23.7,55,0.1,22.4,0,23.1,1,2
23.7,55,0.1,22.4,0,23.1,5,1
23.7,55,0.1,22.4,0,23.1,3,1
23.7,55,0.1,22.4,-1,23.1,2,1
23.7,77,0.1,27.7,0,23.1,2,2
23.7,77,0.1,27.7,0,23.1,1,1
23.7,77,0.1,27.7,0,23.1,2,1
23.7,77,0.1,27.7,1,23.1,2,2
23.7,77,0.1,27.7,0,23.1,4,2
23.7,77,0.1,27.7,0,23.1,1,2
23.7,77,0.1,27.7,1,23.1,4,2
23.7,77,0.1,27.7,2,23.1,1,2
23.7,77,0.1,27.7,1,23.1,1,2
23.7,77,0.1,27.7,0,23.1,3,1
23.7,71,0.1,29.5,0,23.1,2,2
23.7,71,0.1,29.5,-1,23.1,2,2
23.7,71,0.1,29.5,-1,23.1,2,1
23.7,71,0.1,29.5,0,23.1,2,1
23.7,71,0.1,29.5,0,23.1,3,2
23.7,97,0.1,25,-1,23.1,1,1
23.7,97,0.1,25,0,23.1,1,2
23.7,97,0.1,25,-1,23.1,2,2
23.7,97,0.1,25,-1,23.1,3,2
23.7,97,0.1,25,0,23.1,2,2
23.7,97,0.1,25,-1,23.1,1,2
23.7,97,0.1,25,0,23.1,2,1
23.7,76,0.1,27,0,23.1,1,2
23.7,76,0.1,27,-1,23.1,2,1
23.7,76,0.1,27,-1,23.1,2,2
23.7,76,0.1,27,0,23.1,2,1
23.7,76,0.1,27,-1,23.1,1,2
23.7,76,0.1,27,0,23.1,2,2
23.7,59,0.1,30,0,23.1,2,1
23.7,59,0.1,30,0,23.1,2,2
23.7,69,0.1,17.4,0,23.1,1,2
23.7,69,0.1,17.4,0,23.1,2,1
23.7,69,0.1,17.4,-1,23.1,2,1
23.7,69,0.1,17.4,-1,23.1,1,2
23.7,69,0.1,17.4,-1,23.1,3,2
23.7,69,0.1,17.4,0,23.1,3,2
23.7,69,0.1,17.4,0,23.1,3,1
23.7,69,0.1,17.4,0,23.1,6,2
23.7,69,0.1,17.4,0,23.1,2,2
23.7,69,0.1,17.4,-1,23.1,2,2
23.7,91,0.1,11.7,0,23.1,1,1
23.7,91,0.1,11.7,-1,23.1,1,1
23.7,91,0.1,11.7,-1,23.1,1,2
23.7,91,0.1,11.7,0,23.1,2,2
23.7,91,0.1,11.7,0,23.1,1,2
23.7,91,0.1,11.7,-1,23.1,2,2
23.7,91,0.1,11.7,0,23.1,3,1
23.7,91,0.1,11.7,1,23.1,2,1
23.7,82,0.1,12,2,23.1,2,2
23.7,82,0.1,12,-1,23.1,2,2
23.7,82,0.1,12,-1,23.1,1,2
23.7,82,0.1,12,-1,23.1,2,1
23.7,82,0.1,12,-1,23.1,4,1
23.7,82,0.1,12,0,23.1,1,1
23.7,82,0.1,12,-1,23.1,1,1
23.7,82,0.1,12,0,23.1,1,2
23.7,82,0.1,12,1,23.1,2,2
23.7,82,0.1,12,0,23.1,2,2
23.7,82,0.1,12,0,23.1,2,1
23.7,82,0.1,12,-1,23.1,3,2
23.7,82,0.1,12,1,23.1,1,2
23.7,67,0.1,12,-1,23.1,2,2
23.7,67,0.1,12,0,23.1,2,2
23.7,67,0.1,12,-1,23.1,1,2
23.7,67,0.1,12,0,23.1,1,2
23.7,67,0.1,12,-1,23.1,2,1
23.7,67,0.1,12,-1,23.1,3,2
23.7,67,0.1,12,-2,23.1,2,2
23.7,67,0.1,12,0,23.1,2,1
21.875,82,0.03,14,0,21.9,1,1
21.875,82,0.03,14,-1,21.9,1,2
21.875,82,0.03,14,0,21.9,2,2
21.875,82,0.03,14,0,21.9,2,1
21.875,82,0.03,14,-2,21.9,2,1
21.875,82,0.03,14,-1,21.9,2,1
21.875,82,0.03,14,0,21.9,1,2
21.875,82,0.03,14,-1,21.9,2,2
21.875,82,0.03,14,2,21.9,2,2
21.875,82,0.03,14,1,21.9,2,2
21.875,82,0.03,14,1,21.9,2,1
23.25,88,0.05,15,0,23.1,2,2
23.25,88,0.05,15,-1,23.1,2,2
23.25,88,0.05,15,0,23.1,3,2
23.25,88,0.05,15,-1,23.1,2,1
23.25,88,0.05,15,1,23.1,2,1
23.25,88,0.05,15,0,23.1,2,1
23.25,88,0.05,15,1,23.1,2,2
23.25,88,0.05,15,1,23.1,3,2
23.25,88,0.05,15,2,23.1,2,2
23.25,88,0.05,15,-1,23.1,1,2
23.7,20,0.1,12,0,23.1,1,2
23.7,20,0.1,12,0,23.1,1,1
23.7,20,0.1,12,-1,23.1,1,2
23.7,20,0.1,12,-1,23.1,1,1
23.7,20,0.1,12,2,23.1,2,1
23.7,20,0.1,12,0,23.1,2,2
23.7,7,0.1,25,0,23.1,1,2
23.7,7,0.1,25,0,23.1,1,1
23.7,7,0.1,25,1,23.1,1,1
23.7,7,0.1,25,0,23.1,2,1
23.7,7,0.1,25,0,23.1,2,2
23.7,7,0.1,25,2,23.1,1,2
23.7,7,0.1,25,-1,23.1,1,2
23.7,7,0.1,25,-1,23.1,2,2
23.7,40,0.1,30,0,23.1,1,1
23.7,40,0.1,30,0,23.1,1,2
23.7,40,0.1,30,0,23.1,2,2
23.7,40,0.1,30,-1,23.1,2,1
23.7,40,0.1,30,0,23.1,2,1
23.7,40,0.1,30,-1,23.1,1,1
23.7,40,0.1,30,-1,23.1,1,2
23.7,36,0.1,25,-1,23.1,1,1
23.7,36,0.1,25,0,23.1,1,1
23.7,36,0.1,25,0,23.1,1,2
23.7,36,0.1,25,0,23.1,2,1
23.7,36,0.1,25,2,23.1,1,2
23.7,36,0.1,25,-1,23.1,2,1
23.7,36,0.1,25,-1,23.1,1,2
23.7,36,0.1,25,-1,23.1,2,2
23.7,36,0.1,-9,-2,23.1,1,2
23.7,36,0.1,-9,0,23.1,1,2
23.7,36,0.1,-9,0,23.1,1,1
23.7,36,0.1,-9,1,23.1,1,2
23.7,36,0.1,-9,-1,23.1,1,2
23.7,36,0.1,-9,0,23.1,2,2
23.7,25,0.1,14,0,23.1,2,2
23.7,25,0.1,14,0,23.1,2,1
23.7,25,0.1,14,0,23.1,1,1
23.7,25,0.1,14,1,23.1,1,1
23.7,25,0.1,14,-1,23.1,2,1
23.7,25,0.1,14,0,23.1,3,2
23.7,25,0.1,14,0,23.1,1,2
23.7,25,0.1,14,-1,23.1,3,1
23.7,25,0.1,14,0,23.1,3,1
23.7,25,0.1,14,1,23.1,3,2
23.7,25,0.1,14,0,23.1,4,1
26.35,15,0.1,32,-1,23.1,2,2
26.35,15,0.1,32,0,23.1,3,1
26.35,15,0.1,32,0,23.1,2,1
26.35,15,0.1,32,0,23.1,4,1
26.35,15,0.1,32,-1,23.1,3,2
26.35,15,0.1,32,0,23.1,2,2
26.35,15,0.1,32,0,23.1,3,2
26.35,15,0.1,32,-1,23.1,2,1
26.35,15,0.1,32,0,23.1,1,1
26.35,15,0.1,32,-1,23.1,1,2
26.35,15,0.1,32,-1,23.1,4,2
26.35,15,0.1,32,0,23.1,1,2
26.35,15,0.1,32,-1,23.1,3,1
23.7,28.5,0.1,35.8,-1,23.1,4,1
23.7,28.5,0.1,35.8,0,23.1,1,1
23.7,28.5,0.1,35.8,2,23.1,1,1
23.7,28.5,0.1,35.8,0,23.1,1,2
23.7,28.5,0.1,35.8,2,23.1,1,2
23.7,28.5,0.1,35.8,1,23.1,1,1
23.7,28.5,0.1,35.8,0,23.1,2,1
23.7,28.5,0.1,35.8,2,23.1,2,1
23.7,23.3,0.1,40.8,-1,23.1,2,2
23.7,23.3,0.1,40.8,-1,23.1,4,1
23.7,23.3,0.1,40.8,-1,23.1,3,1
23.7,23.3,0.1,40.8,0,23.1,3,1
23.7,23.3,0.1,40.8,-1,23.1,2,1
23.7,23.3,0.1,40.8,0,23.1,3,2
23.7,48.3,0.1,32.8,2,23.1,1,1
23.7,48.3,0.1,32.8,0,23.1,3,1
23.7,48.3,0.1,32.8,1,23.1,1,1
23.7,48.3,0.1,32.8,2,23.1,2,2
23.7,48.3,0.1,32.8,2,23.1,1,2
22.4,54,0.1,14.1,-1,23.1,2,2
22.4,54,0.1,14.1,-1,23.1,6,2
22.4,54,0.1,14.1,-1,23.1,3,1
22.4,54,0.1,14.1,0,23.1,4,2
22.4,54,0.1,14.1,-1,23.1,3,2
22.4,54,0.1,14.1,0,23.1,3,1
22.4,54,0.1,14.1,0,23.1,3,2
22.4,54,0.1,14.1,-1,23.1,5,2
22.4,54,0.1,14.1,0,23.1,6,2
22.4,54,0.1,14.1,1,23.1,4,2
22.4,54,0.1,14.1,-1,23.1,2,1
22.4,54,0.1,14.1,1,23.1,4,1
22.4,54,0.1,14.1,-1,23.1,4,1
22.4,54,0.1,14.1,0,23.1,5,2
22.4,54,0.1,14.1,-1,23.1,5,1
22.4,54,0.1,14.1,0,23.1,5,1
20.5,31,0.03,22.7,-1,23.1,4,1
20.5,31,0.03,22.7,0,23.1,3,2
20.5,31,0.03,22.7,-1,23.1,2,1
20.5,31,0.03,22.7,0,23.1,2,1
20.5,31,0.03,22.7,0,23.1,2,2
20.5,31,0.03,22.7,-1,23.1,2,2
21.9,75,0.1,14.1,0,23.1,2,2
21.9,75,0.1,14.1,0,23.1,2,1
21.9,75,0.1,14.1,-1,23.1,2,1
21.9,75,0.1,14.1,-1,23.1,2,2
21.9,75,0.1,14.1,-2,23.1,2,1
21.9,75,0.1,14.1,-2,23.1,1,2
21.9,75,0.1,14.1,-2,23.1,2,2
21.9,75,0.1,14.1,-2,23.1,3,2
22,60,0.1,14.5,0,23.1,1,1
22,60,0.1,14.5,-1,23.1,1,2
22,60,0.1,14.5,0,23.1,1,2
22,60,0.1,14.5,-1,23.1,1,1
22,60,0.1,14.5,-1,23.1,2,1
22.8,36,0.1,20.4,0,23.1,1,1
22.8,36,0.1,20.4,-1,23.1,1,2
22.8,36,0.1,20.4,0,23.1,1,2
22.8,36,0.1,20.4,1,23.1,1,2
22.8,36,0.1,20.4,1,23.1,1,1
23.7,39,0.1,30.43,1,23.1,1,2
23.7,39,0.1,30.43,2,23.1,1,1
23.7,39,0.1,30.43,0,23.1,2,2
23.7,39,0.1,30.43,0,23.1,3,2
23.7,39,0.1,30.43,0,23.1,1,1
23.7,39,0.1,30.43,1,23.1,1,1
23.7,39,0.1,30.43,-1,23.1,1,1
23.7,39,0.1,30.43,1,23.1,2,2
23.7,39,0.1,30.43,1,23.1,4,1
23.7,39,0.1,30.43,1,23.1,2,1
23.7,39,0.1,30.43,0,23.1,1,2
23.7,88.14,0.1,19.46,-1,23.1,3,1
23.7,88.14,0.1,19.46,0,23.1,2,1
23.7,88.14,0.1,19.46,-1,23.1,2,1
23.7,88.14,0.1,19.46,0,23.1,2,2
23.7,99.73,0.1,3.88,0,23.1,2,2
23.7,99.73,0.1,3.88,-2,23.1,2,2
23.7,99.73,0.1,3.88,0,23.1,1,2
23.7,99.73,0.1,3.88,-1,23.1,1,1
23.7,99.73,0.1,3.88,-1,23.1,2,1
23.7,99.73,0.1,3.88,0,23.1,2,1
23.7,99.73,0.1,3.88,0,23.1,1,1
23.7,99.73,0.1,3.88,1,23.1,2,1
23.7,99.73,0.1,3.88,1,23.1,1,1
23.7,99.73,0.1,3.88,1,23.1,1,2
23.7,99.73,0.1,3.88,-1,23.1,2,2
23.7,99.73,0.1,3.88,-1,23.1,1,2
23.7,88,0.1,8.3,0,23.1,2,2
23.7,88,0.1,8.3,-1,23.1,1,1
23.7,88,0.1,8.3,0,23.1,1,2
23.7,88,0.1,8.3,0,23.1,1,1
23.7,88,0.1,8.3,0,23.1,3,1
23.7,88,0.1,8.3,1,23.1,3,2
23.7,88,0.1,8.3,0,23.1,3,2
23.7,88,0.1,8.3,0,23.1,2,1
23.7,88,0.1,8.3,0,23.1,4,2
23.7,88,0.1,8.3,-1,23.1,1,2
23.7,88,0.1,8.3,1,23.1,1,1
23.7,88,0.1,8.3,-1,23.1,2,1
23.7,88,0.1,8.3,0,23.1,4,1
23.7,88,0.1,8.3,1,23.1,2,2
23.7,88,0.1,8.3,-1,23.1,2,2
23.7,88,0.1,8.3,1,23.1,1,2
23.7,75,0.1,3.3,1,23.1,1,2
23.7,75,0.1,3.3,0,23.1,4,1
23.7,75,0.1,3.3,0,23.1,2,1
23.7,75,0.1,3.3,0,23.1,2,2
23.7,75,0.1,3.3,0,23.1,1,1
23.7,75,0.1,3.3,0,23.1,3,1
23.7,75,0.1,3.3,0,23.1,1,2
23.7,91,0.1,1.1,0,23.1,2,2
23.7,91,0.1,1.1,0,23.1,1,1
23.7,91,0.1,1.1,-1,23.1,3,1
23.7,91,0.1,1.1,-1,23.1,2,2
23.7,91,0.1,1.1,-1,23.1,1,1
23.7,91,0.1,1.1,1,23.1,2,2
23.7,91,0.1,1.1,1,23.1,2,1
23.7,91,0.1,1.1,0,23.1,1,2
23.7,91,0.1,1.1,-1,23.1,2,1
23.7,91,0.1,1.1,1,23.1,1,2
23.7,91,0.1,1.1,0,23.1,3,1
23.7,77,0.1,15,-1,23.1,4,1
23.7,77,0.1,15,0,23.1,2,2
23.7,77,0.1,15,-1,23.1,2,2
23.7,77,0.1,15,0,23.1,5,2
23.7,77,0.1,15,0,23.1,2,1
23.7,77,0.1,15,1,23.1,5,2
23.7,77,0.1,15,-1,23.1,3,2
23.7,77,0.1,15,-1,23.1,2,1
23.7,77,0.1,15,0,23.1,4,2
23.7,77,0.1,15,0,23.1,3,2
23.7,77,0.1,15,0,23.1,3,1
23.7,77,0.1,15,1,23.1,2,1
23.7,60,0.1,18.3,0,23.1,2,1
23.7,60,0.1,18.3,0,23.1,1,2
23.7,60,0.1,18.3,0,23.1,3,2
23.7,60,0.1,18.3,-1,23.1,3,1
23.7,60,0.1,18.3,1,23.1,1,1
23.7,60,0.1,18.3,0,23.1,1,1
23.7,60,0.1,18.3,0,23.1,2,2
23.7,60,0.1,18.3,1,23.1,2,2
23.7,60,0.1,18.3,1,23.1,3,2
23.7,60,0.1,18.3,-1,23.1,2,2
23.7,60,0.1,18.3,-1,23.1,2,1
23.7,60,0.1,18.3,-1,23.1,1,1
23.7,53,0.1,21.7,0,23.1,3,2
23.7,53,0.1,21.7,0,23.1,2,1
23.7,53,0.1,21.7,0,23.1,3,1
23.7,53,0.1,21.7,-1,23.1,2,1
23.7,53,0.1,21.7,0,23.1,1,1
23.7,53,0.1,21.7,-1,23.1,1,1
23.7,53,0.1,21.7,1,23.1,1,2
23.7,53,0.1,21.7,0,23.1,2,2
23.7,53,0.1,21.7,2,23.1,2,2
23.7,53,0.1,21.7,0,23.1,1,2
23.7,53,0.1,21.7,1,23.1,2,2
23,44,0.1,12,0,23.1,1,2
23,44,0.1,12,0,23.1,2,2
23,44,0.1,12,1,23.1,1,2
23,44,0.1,12,0,23.1,1,1
23,44,0.1,12,1,23.1,2,2
23,44,0.1,12,1,23.1,1,1
23,44,0.1,12,-1,23.1,1,1
23,44,0.1,12,0,23.1,2,1
23,44,0.1,12,-1,23.1,1,2
23,44,0.1,12,-1,23.1,2,1
23,44,0.1,12,0,23.1,4,1
23,44,0.1,12,0,23.1,3,2
23,44,0.1,12,1,23.1,3,1
23,44,0.1,12,-1,23.1,2,2
23,44,0.1,12,0,23.1,3,1
24.1,53,0.1,27.8,-1,23.1,1,2
24.1,53,0.1,27.8,-1,23.1,2,2
24.1,53,0.1,27.8,0,23.1,1,1
24.1,53,0.1,27.8,-1,23.1,1,1
24.1,53,0.1,27.8,0,23.1,1,2
24.1,53,0.1,27.8,-1,23.1,2,1
24.1,53,0.1,27.8,-1,23.1,3,2
24.1,53,0.1,27.8,0,23.1,2,2
24.1,53,0.1,27.8,-1,23.1,4,2
24.1,53,0.1,27.8,-2,23.1,1,1
24.1,53,0.1,27.8,1,23.1,1,1
22,91,0.1,13.1,-1,23.1,1,2
22,91,0.1,13.1,1,23.1,1,2
22,91,0.1,13.1,0,23.1,1,2
22,91,0.1,13.1,-1,23.1,1,1
22,91,0.1,13.1,-1,23.1,2,1
22,91,0.1,13.1,0,23.1,2,2
22,91,0.1,13.1,0,23.1,2,1
22,91,0.1,13.1,-1,23.1,2,2
22,91,0.1,13.1,0,23.1,1,1
22,91,0.1,13.1,2,23.1,1,2
21.75,91,0.1,8.2,0,23.1,1,1
21.75,91,0.1,8.2,0,23.1,3,2
21.75,91,0.1,8.2,0,23.1,1,2
21.75,91,0.1,8.2,-1,23.1,1,2
21.75,91,0.1,8.2,-1,23.1,1,1
21.75,91,0.1,8.2,-1,23.1,2,1
21.75,91,0.1,8.2,1,23.1,1,2
21.75,91,0.1,8.2,0,23.1,2,2
21.75,91,0.1,8.2,-1,23.1,3,1
21.75,91,0.1,8.2,0,23.1,2,1
23.7,97,0.1,8.9,0,23.1,3,1
23.7,97,0.1,8.9,0,23.1,4,1
23.7,97,0.1,8.9,-1,23.1,2,1
23.7,97,0.1,8.9,0,23.1,2,1
23.7,97,0.1,8.9,-1,23.1,3,1
23.7,97,0.1,8.9,1,23.1,3,2
23.7,97,0.1,8.9,-1,23.1,2,2
23.7,97,0.1,8.9,0,23.1,5,2
23.7,97,0.1,8.9,-1,23.1,5,2
23.7,97,0.1,8.9,-1,23.1,4,2
23.7,87,0.1,10,-1,23.1,2,2
23.7,87,0.1,10,-1,23.1,2,1
23.7,87,0.1,10,0,23.1,1,2
23.7,87,0.1,10,1,23.1,2,1
23.7,87,0.1,10,-1,23.1,1,1
23.7,87,0.1,10,0,23.1,1,1
23.7,87,0.1,10,1,23.1,1,1
23.7,87,0.1,10,0,23.1,2,1
23.7,87,0.1,10,0,23.1,6,1
23.7,87,0.1,10,-2,23.1,2,1
23.7,87,0.1,10,0,23.1,2,2
23.7,87,0.1,10,0,23.1,4,1
23.7,87,0.1,10,0,23.1,3,2
23.7,87,0.1,10,1,23.1,1,2
23.7,87,0.1,10,0,23.1,6,2
23.7,51,0.1,20.4,0,23.1,2,1
23.7,51,0.1,20.4,1,23.1,2,1
23.7,51,0.1,20.4,0,23.1,1,1
23.7,51,0.1,20.4,0,23.1,1,2
23.7,51,0.1,20.4,-1,23.1,3,2
23.7,51,0.1,20.4,-1,23.1,2,1
23.7,51,0.1,20.4,0,23.1,3,1
23.7,51,0.1,20.4,0,23.1,2,2
23.7,51,0.1,20.4,-1,23.1,1,1
23.7,51,0.1,20.4,0,23.1,3,2
23.7,51,0.1,20.4,-1,23.1,3,1
23.7,51,0.1,20.4,0,23.1,4,1
23.7,51,0.1,20.4,-1,23.1,2,2
23.4,71.3,0.1,14.27,0,23.1,1,2
23.4,71.3,0.1,14.27,-1,23.1,1,1
23.4,71.3,0.1,14.27,0,23.1,2,2
23.4,71.3,0.1,14.27,-1,23.1,2,1
23.4,71.3,0.1,14.27,0,23.1,1,1
23.4,71.3,0.1,14.27,0,23.1,4,1
23.4,71.3,0.1,14.27,-2,23.1,2,1
23.4,71.3,0.1,14.27,-2,23.1,1,1
23.4,71.3,0.1,14.27,-1,23.1,1,2
23.4,71.3,0.1,14.27,-1,23.1,2,2
23.4,71.3,0.1,14.27,0,23.1,2,1
22.6,79,0.1,3.3,-1,23.1,2,1
22.6,79,0.1,3.3,0,23.1,2,2
22.6,79,0.1,3.3,-1,23.1,2,2
22.6,79,0.1,3.3,-1,23.1,3,1
22.6,79,0.1,3.3,0,23.1,3,2
23.7,67.8,0.1,-1.12,0,23.1,2,2
23.7,67.8,0.1,-1.12,-1,23.1,1,2
23.7,67.8,0.1,-1.12,-1,23.1,3,2
23.7,67.8,0.1,-1.12,0,23.1,1,1
23.7,67.8,0.1,-1.12,-1,23.1,1,1
23.7,67.8,0.1,-1.12,-1,23.1,2,2
23.7,67.8,0.1,-1.12,-1,23.1,2,1
23.7,67.8,0.1,-1.12,0,23.1,2,1
23.7,67.8,0.1,-1.12,0,23.1,3,2
23.7,67.8,0.1,-1.12,0,23.1,1,2
23.7,67.8,0.1,-1.12,1,23.1,1,2
23.7,67.8,0.1,-1.12,1,23.1,2,2
23.7,67.8,0.1,-1.12,0,23.1,4,1
23.7,67.8,0.1,-1.12,-1,23.1,3,1
23.7,53.895,0.1,16.935,-1,23.1,1,2
23.7,53.895,0.1,16.935,0,23.1,1,2
23.7,53.895,0.1,16.935,-1,23.1,2,2
23.7,53.895,0.1,16.935,0,23.1,2,1
22,52.245,0.1,17.045,1,23.1,1,2
22,52.245,0.1,17.045,-1,23.1,1,2
22,52.245,0.1,17.045,0,23.1,1,2
22,52.245,0.1,17.045,-1,23.1,2,2
22,52.245,0.1,17.045,-2,23.1,1,2
22,52.245,0.1,17.045,-1,23.1,1,1
22,52.245,0.1,17.045,0,23.1,2,2
19,41.7,0.1,17.53666667,-1,23.1,1,1
19,41.7,0.1,17.53666667,0,23.1,2,2
19,41.7,0.1,17.53666667,-1,23.1,1,2
19,41.7,0.1,17.53666667,0,23.1,1,1
19,41.7,0.1,17.53666667,0,23.1,1,2
19,41.7,0.1,17.53666667,-1,23.1,2,2
19,41.7,0.1,17.53666667,-1,23.1,2,1
19,41.7,0.1,17.53666667,0,23.1,2,1
23.05,64.16,0.2,15.035,0,23.1,2,2
23.05,64.16,0.2,15.035,-1,23.1,2,2
23.05,64.16,0.2,15.035,0,23.1,3,2
23.05,64.16,0.2,15.035,0,23.1,3,1
23.05,64.16,0.2,15.035,0,23.1,2,1
23.05,64.16,0.2,15.035,1,23.1,2,1
23.05,64.16,0.2,15.035,1,23.1,2,2
23.05,64.16,0.2,15.035,-1,23.1,2,1
20.65,37.755,0.4,19.94,0,23.1,3,2
20.65,37.755,0.4,19.94,0,23.1,2,2
20.65,37.755,0.4,19.94,-1,23.1,2,2
20.65,37.755,0.4,19.94,0,23.1,3,1
20.65,37.755,0.4,19.94,0,23.1,2,1
21.75,37.25666667,0.2,20.25,0,23.1,2,2
21.75,37.25666667,0.2,20.25,-1,23.1,1,2
21.75,37.25666667,0.2,20.25,0,23.1,1,2
21.75,37.25666667,0.2,20.25,-1,23.1,3,2
21.75,37.25666667,0.2,20.25,0,23.1,1,1
21.75,37.25666667,0.2,20.25,-2,23.1,1,2
21.25,36.565,0.3,20.25,0,23.1,2,2
21.25,36.565,0.3,20.25,0,23.1,2,1
21.25,36.565,0.3,20.25,0,23.1,1,2
21.25,36.565,0.3,20.25,-1,23.1,3,2
21.25,36.565,0.3,20.25,-1,23.1,2,2
21.25,36.565,0.3,20.25,0,23.1,3,2
21.25,36.565,0.3,20.25,1,23.1,2,2
23.25,46.9,0.2,20.18,1,23.1,3,1
23.25,46.9,0.2,20.18,0,23.1,2,2
23.25,46.9,0.2,20.18,0,23.1,3,2
23.25,46.9,0.2,20.18,-1,23.1,2,2
21.65,82.14285714,0.1,26.97142857,-1,23.1,2,2
21.65,82.14285714,0.1,26.97142857,0,23.1,2,2
21.65,82.14285714,0.1,26.97142857,-1,23.1,2,1
21.65,82.14285714,0.1,26.97142857,-2,23.1,2,2
24.35,79.57142857,0.2,27.7,-1,23.1,1,2
24.35,79.57142857,0.2,27.7,-1,23.1,2,1
24.35,79.57142857,0.2,27.7,0,23.1,1,1
24.35,79.57142857,0.2,27.7,-1,23.1,2,2
24.35,79.57142857,0.2,27.7,0,23.1,2,2
24.35,79.57142857,0.2,27.7,0,23.1,1,2
24.35,79.57142857,0.2,27.7,-1,23.1,1,1
24.35,79.57142857,0.2,27.7,0,23.1,2,1
24.35,79.57142857,0.2,27.7,-1,23.1,3,2
26.2,79.57142857,0.1,27.7,-1,23.1,2,2
26.2,79.57142857,0.1,27.7,1,23.1,2,2
26.2,79.57142857,0.1,27.7,0,23.1,2,2
26.2,79.57142857,0.1,27.7,0,23.1,2,1
26.2,79.57142857,0.1,27.7,-1,23.1,1,2
21.55,74.71428571,0.1,28.95714286,-1,23.1,1,2
21.55,74.71428571,0.1,28.95714286,-2,23.1,2,1
21.55,74.71428571,0.1,28.95714286,-1,23.1,1,1
21.55,74.71428571,0.1,28.95714286,-1,23.1,2,1
21.55,74.71428571,0.1,28.95714286,-2,23.1,2,2
21.55,74.71428571,0.1,28.95714286,-1,23.1,2,2
21.55,74.71428571,0.1,28.95714286,-1,23.1,3,2
21.55,74.71428571,0.1,28.95714286,-2,23.1,1,2
23.95,67.30769231,0.2,30.36153846,-1,23.1,2,2
23.95,67.30769231,0.2,30.36153846,0,23.1,2,2
23.95,67.30769231,0.2,30.36153846,-1,23.1,3,2
23.95,67.30769231,0.2,30.36153846,-1,23.1,2,1
23.95,67.30769231,0.2,30.36153846,-1,23.1,1,2
23.95,67.30769231,0.2,30.36153846,0,23.1,2,1
21.35,64.85714286,0.3,30.72857143,-1,23.1,1,1
21.35,64.85714286,0.3,30.72857143,-1,23.1,2,1
21.35,64.85714286,0.3,30.72857143,-1,23.1,2,2
21.35,64.85714286,0.3,30.72857143,-1,23.1,3,2
21.35,64.85714286,0.3,30.72857143,-2,23.1,2,1
21.35,64.85714286,0.3,30.72857143,-2,23.1,3,1
21.35,64.85714286,0.3,30.72857143,-2,23.1,1,1
21.35,64.85714286,0.3,30.72857143,-1,23.1,1,2
24.25,58.07692308,0.2,31,0,23.1,2,2
24.25,58.07692308,0.2,31,-1,23.1,2,2
24.25,58.07692308,0.2,31,0,23.1,3,2
24.25,58.07692308,0.2,31,0,23.1,1,2
27.35,58,0.3,30.68571429,-1,23.1,3,2
27.35,58,0.3,30.68571429,0,23.1,3,2
27.35,58,0.3,30.68571429,-1,23.1,2,2
27.35,58,0.3,30.68571429,1,23.1,2,2
27.35,58,0.3,30.68571429,-1,23.1,2,1
27.35,58,0.3,30.68571429,0,23.1,1,2
27.35,58,0.3,30.68571429,0,23.1,2,2
27.35,58,0.3,30.68571429,0,23.1,1,1
22.35,83.07865,0.2,24.07902778,-1,23.1,1,1
22.35,83.07865,0.2,24.07902778,-2,23.1,1,2
22.35,83.07865,0.2,24.07902778,-1,23.1,2,1
22.35,83.07865,0.2,24.07902778,-1,23.1,2,2
22.35,83.07865,0.2,24.07902778,-1,23.1,1,2
22.35,83.07865,0.2,24.07902778,-2,23.1,2,2
22.35,83.07865,0.2,24.07902778,0,23.1,1,1
22.35,83.07865,0.2,24.07902778,0,23.1,2,2
23.65,89.86355833,0.1,22.62021667,-1,23.1,1,2
23.65,89.86355833,0.1,22.62021667,-1,23.1,1,1
23.65,89.86355833,0.1,22.62021667,-1,23.1,2,1
23.65,89.86355833,0.1,22.62021667,-2,23.1,2,2
24.75,91.369325,0.1,22.17698333,0,23.1,1,2
24.75,91.369325,0.1,22.17698333,0,23.1,1,1
24.75,91.369325,0.1,22.17698333,-1,23.1,1,2
24.75,91.369325,0.1,22.17698333,-1,23.1,1,1
24.75,91.369325,0.1,22.17698333,0,23.1,2,2
24.75,91.369325,0.1,22.17698333,-1,23.1,2,2
27.55,82.90810833,0.3,24.52859167,0,23.1,1,2
27.55,82.90810833,0.3,24.52859167,0,23.1,1,1
27.55,82.90810833,0.3,24.52859167,0,23.1,2,2
27.55,82.90810833,0.3,24.52859167,0,23.1,2,1
27.55,82.90810833,0.3,24.52859167,1,23.1,2,1
27.55,82.90810833,0.3,24.52859167,1,23.1,3,1
27.55,82.90810833,0.3,24.52859167,1,23.1,1,1
27.55,82.90810833,0.3,24.52859167,-1,23.1,1,2
23.65,96.205,0.2,22.480925,-1,23.1,1,2
23.65,96.205,0.2,22.480925,-2,23.1,3,1
23.65,96.205,0.2,22.480925,-1,23.1,2,1
23.65,96.205,0.2,22.480925,-1,23.1,1,1
23.65,96.205,0.2,22.480925,-1,23.1,2,2
23.65,96.205,0.2,22.480925,0,23.1,2,2
19.75,50.16,0.2,16.7,-1,23.1,2,1
19.75,50.16,0.2,16.7,0,23.1,2,1
19.75,50.16,0.2,16.7,-1,23.1,2,2
19.75,50.16,0.2,16.7,0,23.1,2,2
19.75,50.16,0.2,16.7,-1,23.1,3,2
19.75,50.16,0.2,16.7,-2,23.1,2,2
19.75,50.16,0.2,16.7,0,23.1,3,2
23.7,68.29,0.1,14.51,-1,23.1,2,1
23.7,68.29,0.1,14.51,0,23.1,2,1
23.7,68.29,0.1,14.51,-1,23.1,2,2
23.7,68.29,0.1,14.51,0,23.1,2,2
23.7,68.29,0.1,14.51,-1,23.1,3,2
23.7,68.29,0.1,14.51,-1,23.1,3,1
23.7,68.29,0.1,14.51,0,23.1,3,2
23.6,86,0.1,18.6,0,23.1,1,1
23.6,86,0.1,18.6,-1,23.1,1,1
23.6,86,0.1,18.6,0,23.1,2,1
23.6,86,0.1,18.6,-1,23.1,2,2
23.6,86,0.1,18.6,0,23.1,2,2
23.6,86,0.1,18.6,-1,23.1,1,2
23.6,86,0.1,18.6,0,23.1,3,1
23.6,86,0.1,18.6,-1,23.1,3,2
23.6,86,0.1,18.6,-1,23.1,2,1
24.9,74,0.1,20.5,0,23.1,2,1
24.9,74,0.1,20.5,0,23.1,2,2
24.9,74,0.1,20.5,0,23.1,4,2
24.9,74,0.1,20.5,-1,23.1,2,1
26.5,72,0.1,21.8,0,23.1,1,2
26.5,72,0.1,21.8,-1,23.1,1,2
26.5,72,0.1,21.8,0,23.1,2,2
26.5,72,0.1,21.8,0,23.1,1,1
26.5,72,0.1,21.8,1,23.1,1,2
26.5,72,0.1,21.8,0,23.1,2,1
24.2,64,0,20.5,0,23.1,2,2
24.2,64,0,20.5,0,23.1,1,1
24.2,64,0,20.5,0,23.1,1,2
24.2,64,0,20.5,-1,23.1,1,2
24.2,64,0,20.5,0,23.1,3,1
24.2,64,0,20.5,1,23.1,1,1
24.2,64,0,20.5,1,23.1,1,2
24.2,64,0,20.5,-1,23.1,1,1
24.2,64,0,20.5,1,23.1,2,1
24.2,64,0,20.5,0,23.1,2,1
24.2,64,0,20.5,-1,23.1,2,2
24.2,64,0,20.5,0,23.1,3,2
24.2,64,0,20.5,1,23.1,2,2
24.2,64,0,20.5,0,23.1,6,1
24.7,54.7,0,22.2,1,23.1,1,2
24.7,54.7,0,22.2,0,23.1,2,2
24.7,54.7,0,22.2,0,23.1,2,1
24.7,54.7,0,22.2,0,23.1,1,2
24.7,54.7,0,22.2,0,23.1,1,1
24.7,54.7,0,22.2,1,23.1,1,1
24.7,54.7,0,22.2,-1,23.1,2,2
24.7,54.7,0,22.2,0,23.1,3,1
24.7,54.7,0,22.2,0,23.1,3,2
23.2,61.8,0,20.8,-1,23.1,1,2
23.2,61.8,0,20.8,0,23.1,2,2
23.2,61.8,0,20.8,0,23.1,1,2
23.2,61.8,0,20.8,0,23.1,1,1
23.2,61.8,0,20.8,0,23.1,6,2
24.2,57.9,0.1,19.2,0,23.1,2,1
24.2,57.9,0.1,19.2,0,23.1,2,2
24.2,57.9,0.1,19.2,0,23.1,1,2
24.2,57.9,0.1,19.2,0,23.1,1,1
24.2,57.9,0.1,19.2,1,23.1,2,1
25.2,57.9,0.1,19.2,0,23.1,1,1
25.2,57.9,0.1,19.2,0,23.1,2,1
25.2,57.9,0.1,19.2,0,23.1,1,2
25.2,57.9,0.1,19.2,0,23.1,4,1
25.2,57.9,0.1,19.2,-1,23.1,1,2
25.2,57.9,0.1,19.2,0,23.1,2,2
26.95,57.9,0.1,19.2,0,23.1,1,2
26.95,57.9,0.1,19.2,0,23.1,1,1
26.95,57.9,0.1,19.2,0,23.1,2,2
26.95,57.9,0.1,19.2,1,23.1,4,2
26.95,57.9,0.1,19.2,-1,23.1,4,2
26.95,57.9,0.1,19.2,0,23.1,4,2
22.9,81,0.1,7.1,0,23.1,1,1
22.9,81,0.1,7.1,-1,23.1,5,2
22.9,81,0.1,7.1,0,23.1,1,2
22.9,81,0.1,7.1,0,23.1,5,2
22.9,81,0.1,7.1,-1,23.1,1,2
22.9,81,0.1,7.1,1,23.1,2,2
22.9,81,0.1,7.1,0,23.1,2,1
22.9,81,0.1,7.1,0,23.1,2,2
22.37,81,0.1,7.1,-1,23.1,1,2
22.37,81,0.1,7.1,0,23.1,1,2
22.37,81,0.1,7.1,0,23.1,2,1
22.37,81,0.1,7.1,0,23.1,1,1
22.37,81,0.1,7.1,-1,23.1,2,1
22.37,81,0.1,7.1,-1,23.1,2,2
22.37,81,0.1,7.1,-1,23.1,1,1
22.37,81,0.1,7.1,0,23.1,5,2
20.3,81,0.1,7.1,-1,23.1,6,2
20.3,81,0.1,7.1,-1,23.1,1,1
20.3,81,0.1,7.1,-1,23.1,2,1
20.3,81,0.1,7.1,-1,23.1,1,2
20.3,81,0.1,7.1,-1,23.1,2,2
20.3,81,0.1,7.1,0,23.1,1,2
21.3,81,0.1,7.1,-1,23.1,1,1
21.3,81,0.1,7.1,0,23.1,2,2
21.3,81,0.1,7.1,-1,23.1,1,2
21.3,81,0.1,7.1,2,23.1,2,2
21.3,81,0.1,7.1,0,23.1,1,2
21.3,81,0.1,7.1,0,23.1,2,1
21.3,81,0.1,7.1,0,23.1,1,1
21.3,81,0.1,7.1,-1,23.1,2,1
21.3,87,0.1,9,0,23.1,2,1
21.3,87,0.1,9,0,23.1,2,2
21.3,87,0.1,9,-1,23.1,2,1
21.3,87,0.1,9,-1,23.1,2,2
21.3,87,0.1,9,-1,23.1,3,2
21.3,87,0.1,9,0,23.1,3,1
21.3,87,0.1,9,0,23.1,3,2
21.3,87,0.1,9,1,23.1,2,2
21.3,87,0.1,9,1,23.1,2,1
21.3,87,0.1,9,2,23.1,2,2
21.3,87,0.1,9,0,23.1,4,2
21.3,87,0.1,9,-1,23.1,1,1
21.3,87,0.1,9,-2,23.1,2,1
22.1,93,0.1,6,0,23.1,2,2
22.1,93,0.1,6,-1,23.1,3,2
22.1,93,0.1,6,-1,23.1,2,2
22.1,93,0.1,6,-1,23.1,2,1
22.1,93,0.1,6,0,23.1,2,1
22.1,93,0.1,6,-1,23.1,3,1
22.1,93,0.1,6,1,23.1,2,1
22.1,93,0.1,6,0,23.1,3,2
22.9,54,0.1,10,0,23.1,2,2
22.9,54,0.1,10,0,23.1,3,2
22.9,54,0.1,10,-1,23.1,3,1
22.9,54,0.1,10,0,23.1,2,1
22.9,54,0.1,10,0,23.1,3,1
22.9,54,0.1,10,-1,23.1,2,1
23.7,96,0.1,14.5,-1,23.1,1,2
23.7,96,0.1,14.5,0,23.1,1,2
23.7,96,0.1,14.5,0,23.1,2,1
23.7,96,0.1,14.5,-1,23.1,1,1
23.7,96,0.1,14.5,1,23.1,2,2
23.7,96,0.1,14.5,-1,23.1,2,2
23.7,96,0.1,14.5,0,23.1,1,1
23.7,96,0.1,14.5,1,23.1,2,1
23.7,96,0.1,14.5,0,23.1,2,2
23.7,96,0.1,14.5,1,23.1,3,2
23.7,96,0.1,14.5,1,23.1,1,1
23.7,96,0.1,14.5,1,23.1,1,2
23.7,96,0.1,14.5,-1,23.1,3,2
23.7,96,0.1,14.5,0,23.1,4,2
23.7,96,0.1,14.5,-1,23.1,2,1
23.7,96,0.1,14.5,0,23.1,3,2
23.7,96,0.1,14.5,2,23.1,1,2
23.7,83,0.1,8.6,0,23.1,2,2
23.7,83,0.1,8.6,0,23.1,1,1
23.7,83,0.1,8.6,0,23.1,1,2
23.7,83,0.1,8.6,-1,23.1,2,2
23.7,83,0.1,8.6,-2,23.1,1,1
23.7,83,0.1,8.6,-1,23.1,1,2
23.7,83,0.1,8.6,-1,23.1,1,1
23.7,83,0.1,8.6,-2,23.1,1,2
23.7,83,0.1,8.6,0,23.1,2,1
23.7,82,0.1,5.9,0,23.1,1,2
23.7,82,0.1,5.9,0,23.1,2,2
23.7,82,0.1,5.9,-1,23.1,2,2
23.7,82,0.1,5.9,1,23.1,2,2
23.7,82,0.1,5.9,0,23.1,6,2
23.7,82,0.1,5.9,0,23.1,3,1
23.7,82,0.1,5.9,-1,23.1,1,1
23.7,82,0.1,5.9,-2,23.1,2,2
23.7,82,0.1,5.9,2,23.1,2,1
23.7,82,0.1,5.9,0,23.1,1,1
23.7,82,0.1,5.9,-1,23.1,6,1
23.7,82,0.1,5.9,-1,23.1,2,1
23.7,82,0.1,5.9,0,23.1,2,1
23.7,91,0.1,5.6,0,23.1,2,1
23.7,91,0.1,5.6,-1,23.1,1,2
23.7,91,0.1,5.6,-1,23.1,2,2
23.7,91,0.1,5.6,1,23.1,1,1
23.7,91,0.1,5.6,0,23.1,2,2
23.7,91,0.1,5.6,-1,23.1,1,1
23.7,91,0.1,5.6,0,23.1,1,2
23.7,91,0.1,5.6,0,23.1,1,1
23.7,91,0.1,5.6,-1,23.1,2,1
23.7,81,0.1,8,0,23.1,2,1
23.7,81,0.1,8,0,23.1,2,2
23.7,81,0.1,8,0,23.1,1,1
23.7,81,0.1,8,1,23.1,1,1
23.7,81,0.1,8,0,23.1,1,2
23.7,81,0.1,8,-1,23.1,1,1
23.7,81,0.1,8,-1,23.1,1,2
23.7,81,0.1,8,-1,23.1,2,2
23.7,81,0.1,8,1,23.1,2,2
23.7,81,0.1,8,1,23.1,3,1
23.7,81,0.1,8,0,23.1,3,2
23.7,81,0.1,8,1,23.1,1,2
23.7,81,0.1,8,1,23.1,2,1
23.7,81,0.1,8,-2,23.1,1,2
23.7,80,0.1,11.4,0,23.1,2,1
23.7,80,0.1,11.4,-1,23.1,2,1
23.7,80,0.1,11.4,-1,23.1,1,2
23.7,80,0.1,11.4,0,23.1,3,2
23.7,80,0.1,11.4,1,23.1,2,1
23.7,80,0.1,11.4,0,23.1,3,1
23.7,80,0.1,11.4,0,23.1,2,2
23.7,80,0.1,11.4,0,23.1,6,2
23.7,80,0.1,11.4,-1,23.1,2,2
23.7,80,0.1,11.4,0,23.1,4,2
23.7,80,0.1,11.4,-1,23.1,3,1
23.7,80,0.1,11.4,2,23.1,4,1
23.7,80,0.1,11.4,0,23.1,1,1
23.7,80,0.1,11.4,-1,23.1,4,2
23.7,80,0.1,11.4,0,23.1,1,2
23.7,80,0.1,11.4,-1,23.1,1,1
23.7,80,0.1,11.4,-2,23.1,1,1
23.7,24,0.1,11.2,0,23.1,1,2
23.7,24,0.1,11.2,0,23.1,2,2
23.7,24,0.1,11.2,-1,23.1,1,2
23.7,24,0.1,11.2,0,23.1,1,1
23.7,24,0.1,11.2,-1,23.1,1,1
23.7,24,0.1,11.2,-1,23.1,3,2
23.7,24,0.1,11.2,-2,23.1,1,2
23.7,28,0.1,12.2,-2,23.1,1,2
23.7,28,0.1,12.2,-1,23.1,1,2
23.7,28,0.1,12.2,0,23.1,1,2
23.7,28,0.1,12.2,-1,23.1,1,1
23.7,28,0.1,12.2,0,23.1,1,1
23.7,28,0.1,12.2,0,23.1,3,2
23.7,28,0.1,12.2,-1,23.1,2,2
23.7,52,0.1,7,0,23.1,2,2
23.7,52,0.1,7,0,23.1,1,2
23.7,52,0.1,7,-1,23.1,1,2
23.7,52,0.1,7,-1,23.1,1,1
23.7,52,0.1,7,-2,23.1,2,2
23.7,52,0.1,7,-1,23.1,4,2
23.7,52,0.1,7,-1,23.1,2,2
23.7,52,0.1,7,-2,23.1,1,1
24,52,0.1,23.2,-1,23.1,1,1
24,52,0.1,23.2,0,23.1,2,2
24,52,0.1,23.2,-1,23.1,2,2
24,52,0.1,23.2,-1,23.1,3,1
24,52,0.1,23.2,-2,23.1,2,1
24,52,0.1,23.2,0,23.1,1,1
24,52,0.1,23.2,0,23.1,1,2
24,52,0.1,23.2,-1,23.1,2,1
24,52,0.1,23.2,0,23.1,2,1
24,52,0.1,23.2,-1,23.1,1,2
19,52,0.1,15.5,0,23.1,1,1
19,52,0.1,15.5,-1,23.1,1,1
19,52,0.1,15.5,-1,23.1,1,2
19,52,0.1,15.5,-2,23.1,1,1
19,52,0.1,15.5,0,23.1,1,2
19,52,0.1,15.5,-1,23.1,3,2
19,52,0.1,15.5,1,23.1,1,1
19,52,0.1,15.5,-2,23.1,1,2
19,52,0.1,15.5,-1,23.1,2,1
19,52,0.1,15.5,0,23.1,2,2
19,52,0.1,15.5,-1,23.1,2,2
22.65,58,0.17,25,-1,22.6,1,2
22.65,58,0.17,25,0,22.6,2,2
22.65,58,0.17,25,-1,22.6,2,2
22.65,58,0.17,25,-1,22.6,1,1
22.65,58,0.17,25,0,22.6,1,2
22.65,58,0.17,25,-2,22.6,1,2
22.65,58,0.17,25,0,22.6,1,1
22.65,58,0.17,25,0,22.6,2,1
22.65,58,0.17,25,-1,22.6,2,1
22.65,58,0.17,25,-2,22.6,1,1
22.65,58,0.17,25,-2,22.6,2,2
20.4925,58,0,11.8,0,20.5,1,1
20.4925,58,0,11.8,0,20.5,1,2
20.4925,58,0,11.8,-1,20.5,1,2
20.4925,58,0,11.8,1,20.5,1,2
20.4925,58,0,11.8,-1,20.5,1,1
20.4925,58,0,11.8,-2,20.5,1,2
20.4925,58,0,11.8,-2,20.5,2,1
20.4925,58,0,11.8,0,20.5,2,2
20.4925,58,0,11.8,-1,20.5,2,2
20.4925,58,0,11.8,0,20.5,2,1
20.4925,58,0,11.8,2,20.5,2,2
20.4925,58,0,11.8,2,20.5,1,2
24.2,73.5,0.1,29,0,23.1,1,1
24.2,73.5,0.1,29,-1,23.1,1,2
24.2,73.5,0.1,29,0,23.1,1,2
24.2,73.5,0.1,29,-1,23.1,1,1
24.2,73.5,0.1,29,-2,23.1,1,2
29.036,54,0.109,28,0,23.1,1,2
29.036,54,0.109,28,0,23.1,1,1
29.036,54,0.109,28,-1,23.1,1,1
29.036,54,0.109,28,0,23.1,2,1
29.036,54,0.109,28,-1,23.1,1,2
29.036,54,0.109,28,1,23.1,1,1
29.036,54,0.109,28,1,23.1,1,2
25.79,76,0.1,22,1,23.1,1,2
25.79,76,0.1,22,0,23.1,1,2
25.79,76,0.1,22,0,23.1,1,1
25.79,76,0.1,22,-1,23.1,1,1
25.79,76,0.1,22,-1,23.1,1,2
25.79,76,0.1,22,2,23.1,1,1
23.7,43,0.1,28,0,23.1,3,1
23.7,43,0.1,28,0,23.1,1,2
23.7,43,0.1,28,-1,23.1,1,1
23.7,43,0.1,28,-1,23.1,1,2
23.7,43,0.1,28,0,23.1,1,1
23.7,43,0.1,28,-1,23.1,3,2
25.5,90,0.1,19,-1,23.1,1,1
25.5,90,0.1,19,-2,23.1,1,1
25.5,90,0.1,19,-1,23.1,1,2
25.5,90,0.1,19,-2,23.1,1,2
25.5,90,0.1,19,0,23.1,1,1
25.5,90,0.1,19,-1,23.1,2,1
25.5,90,0.1,19,-1,23.1,2,2
25.5,90,0.1,19,0,23.1,1,2
25.5,82,0.1,20,0,23.1,1,1
25.5,82,0.1,20,0,23.1,1,2
25.5,82,0.1,20,-1,23.1,1,2
25.5,82,0.1,20,-1,23.1,1,1
25.5,82,0.1,20,-1,23.1,2,2
25.5,82,0.1,20,2,23.1,1,1
25.5,82,0.1,20,-2,23.1,1,2
25.5,82,0.1,20,0,23.1,2,1
23.7,59,0.1,31.1,-1,23.1,2,2
23.7,59,0.1,31.1,-1,23.1,3,1
23.7,59,0.1,31.1,0,23.1,2,1
23.7,59,0.1,31.1,0,23.1,1,1
23.7,59,0.1,31.1,-1,23.1,2,1
23.7,61,0.1,30.7,0,23.1,4,1
23.7,61,0.1,30.7,0,23.1,1,2
23.7,61,0.1,30.7,-1,23.1,1,2
23.7,61,0.1,30.7,0,23.1,2,2
23.7,61,0.1,30.7,-1,23.1,2,2
23.7,61,0.1,30.7,0,23.1,4,2
23.7,61,0.1,30.7,2,23.1,2,2
23.7,20.2,0.1,35.1,0,23.1,2,2
23.7,20.2,0.1,35.1,0,23.1,1,2
23.7,20.2,0.1,35.1,0,23.1,4,2
23.7,20.2,0.1,35.1,1,23.1,3,1
23.7,20.2,0.1,35.1,0,23.1,3,1
23.7,85.2,0.1,27.1,0,23.1,2,2
23.7,85.2,0.1,27.1,0,23.1,1,2
23.7,85.2,0.1,27.1,-1,23.1,1,2
23.7,85.2,0.1,27.1,-1,23.1,2,2
23.7,85.2,0.1,27.1,-1,23.1,1,1
23.7,39.4,0.1,32.1,-1,23.1,3,2
23.7,39.4,0.1,32.1,0,23.1,3,2
23.7,39.4,0.1,32.1,0,23.1,2,2
23.7,39.4,0.1,32.1,-1,23.1,2,2
23.7,39.4,0.1,32.1,0,23.1,2,1
23.7,39.4,0.1,32.1,-1,23.1,2,1
23.7,39.4,0.1,32.1,0,23.1,4,2
23.7,39.4,0.1,32.1,0,23.1,3,1
23.7,39.4,0.1,32.1,-1,23.1,1,2
27.2,11.5,0.43,35.7,1,27.8,2,2
27.2,11.5,0.43,35.7,-1,27.8,2,2
27.2,11.5,0.43,35.7,0,27.8,3,2
27.2,11.5,0.43,35.7,-1,27.8,4,1
27.2,11.5,0.43,35.7,0,27.8,3,1
27.2,11.5,0.43,35.7,0,27.8,2,2
27.2,11.5,0.43,35.7,0,27.8,2,1
27.2,11.5,0.43,35.7,-1,27.8,3,2
33.93333333,27.4,0.69,35.8,-1,33.7,2,2
33.93333333,27.4,0.69,35.8,0,33.7,2,2
33.93333333,27.4,0.69,35.8,-1,33.7,2,1
33.93333333,27.4,0.69,35.8,0,33.7,2,1
33.93333333,27.4,0.69,35.8,0,33.7,3,1
33.93333333,27.4,0.69,35.8,1,33.7,2,2
33.93333333,27.4,0.69,35.8,2,33.7,2,1
33.93333333,27.4,0.69,35.8,-1,33.7,3,2
33.93333333,27.4,0.69,35.8,2,33.7,2,2
33.93333333,27.4,0.69,35.8,0,33.7,3,2
33.93333333,27.4,0.69,35.8,1,33.7,3,1
33.93333333,27.4,0.69,35.8,2,33.7,1,2
33.93333333,27.4,0.69,35.8,1,33.7,1,2
27.5,84.9,0.41,28.6,0,27.2,2,2
27.5,84.9,0.41,28.6,-1,27.2,2,2
27.5,84.9,0.41,28.6,-1,27.2,3,2
27.5,84.9,0.41,28.6,0,27.2,2,1
27.5,84.9,0.41,28.6,-1,27.2,3,1
27.5,84.9,0.41,28.6,0,27.2,3,1
27.5,84.9,0.41,28.6,-1,27.2,2,1
27.5,84.9,0.41,28.6,0,27.2,1,2
27.5,84.9,0.41,28.6,-1,27.2,1,2
27.5,84.9,0.41,28.6,0,27.2,3,2
27.5,84.9,0.41,28.6,-1,27.2,4,1
23.7,40,0.1,29,0,23.1,2,1
23.7,40,0.1,29,-1,23.1,2,1
23.7,40,0.1,29,0,23.1,1,2
23.7,40,0.1,29,0,23.1,2,2
23.7,40,0.1,29,-1,23.1,2,2
23.7,40,0.1,29,-1,23.1,1,2
23.7,40,0.1,29,-1,23.1,3,2
23.7,40,0.1,29,0,23.1,1,1
23.45,74,0.1,22,-1,23.1,3,1
23.45,74,0.1,22,-1,23.1,1,1
23.45,74,0.1,22,-2,23.1,1,1
23.45,74,0.1,22,0,23.1,1,1
23.45,74,0.1,22,-2,23.1,1,2
23.45,74,0.1,22,-2,23.1,2,2
23.45,74,0.1,22,-1,23.1,2,2
23.45,74,0.1,22,1,23.1,1,1
23.45,74,0.1,22,-1,23.1,1,2
23.45,74,0.1,22,0,23.1,1,2
18.0025,43,0.1,13,-2,23.1,1,1
18.0025,43,0.1,13,-1,23.1,1,1
18.0025,43,0.1,13,-1,23.1,1,2
18.0025,43,0.1,13,0,23.1,1,2
18.0025,43,0.1,13,-2,23.1,1,2
18.0025,43,0.1,13,-1,23.1,3,2
18.0025,43,0.1,13,-1,23.1,2,2
18.0025,43,0.1,13,0,23.1,1,1
24.6,68,0.1,25,0,23.1,1,1
24.6,68,0.1,25,-1,23.1,1,1
24.6,68,0.1,25,0,23.1,1,2
24.6,68,0.1,25,-1,23.1,1,2
24.6,68,0.1,25,0,23.1,3,2
24.6,68,0.1,25,0,23.1,2,2
24.6,68,0.1,25,0,23.1,2,1
19.46666667,49,0.1,15,-1,23.1,1,1
19.46666667,49,0.1,15,-1,23.1,1,2
19.46666667,49,0.1,15,1,23.1,1,1
19.46666667,49,0.1,15,0,23.1,1,1
19.46666667,49,0.1,15,-2,23.1,1,2
19.46666667,49,0.1,15,0,23.1,1,2
19.46666667,49,0.1,15,-2,23.1,1,1
19.46666667,49,0.1,15,-2,23.1,2,1
23.7,15,0.1,45,0,23.1,2,1
23.7,15,0.1,45,0,23.1,2,2
23.7,15,0.1,45,-1,23.1,2,2
23.7,15,0.1,45,-1,23.1,2,1
23.7,15,0.1,45,1,23.1,2,2
23.7,15,0.1,45,2,23.1,2,1
22,61,0.1,21,0,23.1,2,2
22,61,0.1,21,0,23.1,4,2
22,61,0.1,21,0,23.1,2,1
22,61,0.1,21,1,23.1,2,2
23.7,56,0.1,20,1,23.1,2,2
23.7,56,0.1,20,0,23.1,2,2
23.7,56,0.1,20,-1,23.1,2,1
23.7,68,0.1,18,0,23.1,2,1
23.7,68,0.1,18,0,23.1,2,2
23.7,48,0.1,18,0,23.1,5,2
23.7,48,0.1,18,-1,23.1,1,2
23.7,48,0.1,18,0,23.1,1,2
23.7,48,0.1,18,-1,23.1,1,1
23.7,48,0.1,18,0,23.1,1,1
23.7,48,0.1,18,1,23.1,2,2
23.7,48,0.1,18,0,23.1,2,2
23.7,48,0.1,18,0,23.1,2,1
23.7,48,0.1,18,1,23.1,1,2
23.7,48,0.1,18,-1,23.1,2,2
23.7,48,0.1,18,1,23.1,1,1
23.7,42,0.1,18,-1,23.1,1,2
23.7,42,0.1,18,-1,23.1,2,2
23.7,42,0.1,18,1,23.1,1,2
23.7,42,0.1,18,0,23.1,1,1
23.7,42,0.1,18,0,23.1,1,2
23.7,42,0.1,18,0,23.1,2,2
23.7,42,0.1,18,-1,23.1,2,1
23.7,42,0.1,18,0,23.1,2,1
23.7,42,0.1,18,-1,23.1,1,1
23.7,42,0.1,18,1,23.1,2,1
25.6,5,0.1,29,-1,23.1,2,2
25.6,5,0.1,29,0,23.1,1,2
25.6,5,0.1,29,0,23.1,2,2
25.6,5,0.1,29,-1,23.1,2,1
25.6,5,0.1,29,-1,23.1,1,2
25.6,5,0.1,29,0,23.1,1,1
25.6,5,0.1,29,-1,23.1,1,1
25.6,5,0.1,29,0,23.1,2,1
24.1,7,0.1,21,0,23.1,4,1
24.1,7,0.1,21,0,23.1,5,2
24.1,7,0.1,21,0,23.1,2,1
24.1,7,0.1,21,-1,23.1,3,1
24.1,7,0.1,21,0,23.1,2,2
24.1,7,0.1,21,0,23.1,1,1
24.1,7,0.1,21,0,23.1,3,1
24.1,7,0.1,21,0,23.1,1,2
24.1,7,0.1,21,-1,23.1,1,2
24.1,7,0.1,21,-1,23.1,1,1
24.1,7,0.1,21,-1,23.1,2,2
24.1,7,0.1,21,1,23.1,1,1
24.1,7,0.1,21,-1,23.1,2,1
24.1,7,0.1,21,-2,23.1,2,2
25.4,19,0.1,22.5,0,23.1,1,2
25.4,19,0.1,22.5,-1,23.1,1,2
25.4,19,0.1,22.5,0,23.1,1,1
25.4,19,0.1,22.5,-1,23.1,1,1
25.4,19,0.1,22.5,1,23.1,1,2
25.4,19,0.1,22.5,-1,23.1,2,2
25.4,19,0.1,22.5,0,23.1,2,2
25.4,19,0.1,22.5,-1,23.1,2,1
25.4,19,0.1,22.5,0,23.1,2,1
25.4,19,0.1,22.5,1,23.1,2,1
25.9,14,0.1,30,0,23.1,2,1
25.9,14,0.1,30,0,23.1,3,1
25.9,14,0.1,30,0,23.1,1,2
25.9,14,0.1,30,-1,23.1,1,1
25.9,14,0.1,30,-1,23.1,2,1
25.9,14,0.1,30,-1,23.1,1,2
25.9,14,0.1,30,0,23.1,1,1
25.9,14,0.1,30,0,23.1,2,2
24.65,29,0.1,11,0,23.1,3,1
24.65,29,0.1,11,0,23.1,2,1
24.65,29,0.1,11,-1,23.1,1,1
24.65,29,0.1,11,0,23.1,1,2
24.65,29,0.1,11,0,23.1,1,1
24.65,29,0.1,11,-1,23.1,2,2
24.65,29,0.1,11,-1,23.1,1,2
24.65,29,0.1,11,0,23.1,2,2
24.65,29,0.1,11,-1,23.1,2,1
26.7,12,0.1,30,-1,23.1,5,2
26.7,12,0.1,30,-1,23.1,2,2
26.7,12,0.1,30,-1,23.1,2,1
26.7,12,0.1,30,-2,23.1,2,2
26.7,12,0.1,30,0,23.1,2,2
26.7,12,0.1,30,0,23.1,1,2
26.7,12,0.1,30,0,23.1,1,1
26.7,12,0.1,30,1,23.1,2,2
26.7,12,0.1,30,-1,23.1,1,2
26.7,12,0.1,30,0,23.1,2,1
21.4,37,0.1,12,-1,23.1,1,2
21.4,37,0.1,12,-1,23.1,1,1
21.4,37,0.1,12,0,23.1,1,1
21.4,37,0.1,12,0,23.1,1,2
21.4,37,0.1,12,-1,23.1,2,2
21.4,37,0.1,12,-2,23.1,1,1
21.4,37,0.1,12,0,23.1,2,2
21.4,37,0.1,12,0,23.1,2,1
21.4,37,0.1,12,-1,23.1,2,1
21.4,37,0.1,12,-2,23.1,2,1
21.4,37,0.1,12,-1,23.1,3,1
25.2,47,0.1,21.58,0,23.1,2,1
25.2,47,0.1,21.58,0,23.1,1,1
25.2,47,0.1,21.58,0,23.1,1,2
25.2,47,0.1,21.58,-1,23.1,1,2
25.2,47,0.1,21.58,0,23.1,2,2
20.6,53.3,0,10.3,-2,23.1,1,1
20.6,53.3,0,10.3,-1,23.1,1,1
20.6,53.3,0,10.3,-1,23.1,2,1
20.6,53.3,0,10.3,0,23.1,1,1
20.6,53.3,0,10.3,0,23.1,1,2
20.6,53.3,0,10.3,0,23.1,2,2
20.6,53.3,0,10.3,-2,23.1,1,2
20.6,53.3,0,10.3,-1,23.1,1,2
20.6,53.3,0,10.3,-2,23.1,2,1
20.6,53.3,0,10.3,-1,23.1,2,2
20.6,53.3,0,10.3,-2,23.1,2,2
26.63333333,32.6,0,19.4,0,27,1,2
26.63333333,32.6,0,19.4,-1,27,1,2
26.63333333,32.6,0,19.4,-1,27,2,2
26.63333333,32.6,0,19.4,1,27,1,2
21.5,31,0,12,0,21.5,1,2
21.5,31,0,12,-1,21.5,1,2
21.5,31,0,12,1,21.5,1,2
21.5,31,0,12,1,21.5,2,1
21.5,31,0,12,0,21.5,2,1
21.5,31,0,12,0,21.5,2,2
21.5,31,0,12,1,21.5,2,2
21.5,31,0,12,-1,21.5,2,2
21.5,31,0,12,-1,21.5,2,1
23,30.1,0.1,18.1,-1,23.1,1,1
23,30.1,0.1,18.1,0,23.1,1,1
23,30.1,0.1,18.1,0,23.1,3,1
22.4,35,0,14.5,0,23.1,1,1
22.4,35,0,14.5,-1,23.1,1,1
22.4,35,0,14.5,-1,23.1,2,1
22.4,35,0,14.5,0,23.1,2,1
22.4,35,0,14.5,-1,23.1,2,2
22.4,35,0,14.5,0,23.1,1,2
22.4,35,0,14.5,0,23.1,2,2
22.4,35,0,14.5,-1,23.1,1,2
25,25,0.1,33.1,0,23.1,3,2
25,25,0.1,33.1,-1,23.1,2,2
25,25,0.1,33.1,0,23.1,2,2
25,25,0.1,33.1,-1,23.1,3,2
25,25,0.1,33.1,-1,23.1,1,2
25,25,0.1,33.1,-2,23.1,1,1
25,25,0.1,33.1,-1,23.1,2,1
25,25,0.1,33.1,0,23.1,1,2
25,25,0.1,33.1,0,23.1,1,1
33.3,61,0.1,30.5,2,23.1,3,2
33.3,61,0.1,30.5,2,23.1,4,2
33.3,61,0.1,30.5,1,23.1,2,2
33.3,61,0.1,30.5,2,23.1,2,2
33.3,61,0.1,30.5,1,23.1,1,2
33.3,61,0.1,30.5,0,23.1,2,2
33.3,61,0.1,30.5,0,23.1,1,2
33.3,61,0.1,30.5,2,23.1,3,1
33.3,61,0.1,30.5,2,23.1,1,2
23.7,24,0.1,36.7,0,23.1,2,2
23.7,24,0.1,36.7,0,23.1,1,2
23.7,24,0.1,36.7,1,23.1,2,2
23.7,24,0.1,36.7,0,23.1,1,1
23.7,24,0.1,36.7,2,23.1,2,2
23.7,24,0.1,36.7,1,23.1,2,1
23.5,54,0.1,20.4,0,23.1,2,2
23.5,54,0.1,20.4,-1,23.1,1,2
23.5,54,0.1,20.4,0,23.1,1,2
23.5,54,0.1,20.4,-1,23.1,2,2
23.5,54,0.1,20.4,-1,23.1,1,1
23.5,54,0.1,20.4,0,23.1,1,1
20.5,91,0.1,10.7,0,23.1,1,1
20.5,91,0.1,10.7,-1,23.1,1,1
20.5,91,0.1,10.7,-1,23.1,3,1
20.5,91,0.1,10.7,0,23.1,1,2
20.5,91,0.1,10.7,-1,23.1,1,2
20.5,91,0.1,10.7,0,23.1,2,2
23.7,50,0.1,8,-1,23.1,1,1
23.7,50,0.1,8,-1,23.1,2,2
23.7,50,0.1,8,1,23.1,1,1
23.7,50,0.1,8,0,23.1,1,2
23.7,50,0.1,8,0,23.1,1,1
23.7,50,0.1,8,0,23.1,2,2
23.7,50,0.1,8,-1,23.1,3,2
21,42,0.1,15,-1,23.1,2,2
21,42,0.1,15,-1,23.1,1,2
21,42,0.1,15,0,23.1,1,2
21,42,0.1,15,0,23.1,2,2
21,42,0.1,15,0,23.1,3,2
23.7,37,0.1,31,2,23.1,2,1
23.7,37,0.1,31,2,23.1,1,1
23.7,37,0.1,31,-1,23.1,1,1
23.7,37,0.1,31,0,23.1,2,2
23.7,37,0.1,31,1,23.1,1,2
23.7,37,0.1,31,0,23.1,4,2
23.7,37,0.1,31,1,23.1,2,1
23.7,37,0.1,31,0,23.1,2,1
23.7,37,0.1,31,-1,23.1,1,2
23.7,37,0.1,31,0,23.1,1,1
23.7,37,0.1,31,2,23.1,2,2
23.7,37,0.1,31,-1,23.1,2,2
23.7,37,0.1,31,-2,23.1,1,2
23.7,58,0.1,26.5,0,23.1,2,2
23.7,58,0.1,26.5,0,23.1,1,2
23.7,58,0.1,26.5,0,23.1,1,1
23.7,58,0.1,26.5,-1,23.1,1,2
23.7,58,0.1,26.5,1,23.1,2,2
23.7,26,0.1,32,-1,23.1,1,1
23.7,26,0.1,32,0,23.1,1,2
23.7,26,0.1,32,0,23.1,1,1
23.7,26,0.1,32,-1,23.1,1,2
23.7,26,0.1,32,-1,23.1,2,2
23.7,26,0.1,32,1,23.1,1,2
23.7,24,0.1,30,0,23.1,1,2
23.7,24,0.1,30,0,23.1,2,1
23.7,24,0.1,30,1,23.1,2,2
23.7,24,0.1,30,0,23.1,1,1
23.7,24,0.1,30,1,23.1,1,1
23.7,24,0.1,30,1,23.1,1,2
23.7,24,0.1,30,2,23.1,1,2
23.7,19,0.1,36,1,23.1,2,2
23.7,19,0.1,36,0,23.1,1,2
23.7,19,0.1,36,-2,23.1,2,2
23.7,19,0.1,36,-1,23.1,2,2
23.7,19,0.1,36,0,23.1,2,2
23.7,19,0.1,36,0,23.1,1,1
23.7,19,0.1,36,1,23.1,1,2
23.7,19,0.1,36,-1,23.1,1,2
23.7,19,0.1,35,0,23.1,2,2
23.7,19,0.1,35,-1,23.1,2,2
23.7,19,0.1,35,1,23.1,2,2
23.7,19,0.1,35,0,23.1,1,2
23.7,19,0.1,35,1,23.1,1,2
23.7,28,0.1,35,0,23.1,2,2
23.7,28,0.1,35,1,23.1,2,2
23.7,28,0.1,35,0,23.1,1,2
23.7,28,0.1,35,2,23.1,2,2
23.7,28,0.1,35,0,23.1,3,2
23.7,28,0.1,35,1,23.1,2,1
23.7,24,0.1,34,0,23.1,2,1
23.7,24,0.1,34,0,23.1,2,2
23.7,24,0.1,34,-1,23.1,2,1
23.7,24,0.1,34,1,23.1,2,2
23.7,30,0.1,18,0,23.1,2,1
23.7,30,0.1,18,-1,23.1,2,2
23.7,30,0.1,18,-1,23.1,1,1
23.7,30,0.1,18,-1,23.1,2,1
23.7,30,0.1,18,0,23.1,1,1
23.7,30,0.1,18,0,23.1,2,2
23.7,51,0.1,12,-1,23.1,2,2
23.7,51,0.1,12,1,23.1,2,2
23.7,51,0.1,12,0,23.1,2,2
23.7,77,0.1,12,1,23.1,2,2
23.7,77,0.1,12,0,23.1,2,2
23.7,77,0.1,12,1,23.1,1,2
23.7,77,0.1,12,-2,23.1,1,2
23.7,77,0.1,12,-1,23.1,2,2
23.7,77,0.1,12,0,23.1,1,2
23.7,77,0.1,12,2,23.1,2,2
23.7,77,0.1,12,1,23.1,1,1
23.7,77,0.1,12,0,23.1,2,1
23.7,77,0.1,12,0,23.1,1,1
28.3,69,0.2,31,0,23.1,1,1
28.3,69,0.2,31,-1,23.1,1,1
28.3,69,0.2,31,0,23.1,1,2
28.3,69,0.2,31,-2,23.1,1,1
28.3,69,0.2,31,2,23.1,1,1
28.3,69,0.2,31,0,23.1,2,1
28.3,69,0.2,31,-1,23.1,1,2
28.3,69,0.2,31,0,23.1,2,2
22,64,0.1,7,0,23.1,2,1
22,64,0.1,7,0,23.1,1,1
22,64,0.1,7,0,23.1,1,2
22,64,0.1,7,-1,23.1,1,1
22,64,0.1,7,-1,23.1,2,2
22,64,0.1,7,0,23.1,3,1
22,64,0.1,7,-1,23.1,2,1
22,64,0.1,7,2,23.1,1,1
22,64,0.1,7,0,23.1,2,2
22,64,0.1,7,0,23.1,6,1
26.3,54,0.02,22.8,-1,23.1,3,1
26.3,54,0.02,22.8,0,23.1,2,1
26.3,54,0.02,22.8,2,23.1,3,2
26.3,54,0.02,22.8,-1,23.1,3,2
26.3,54,0.02,22.8,2,23.1,3,1
26.3,54,0.02,22.8,0,23.1,3,1
26.3,54,0.02,22.8,1,23.1,4,2
26.3,54,0.02,22.8,0,23.1,4,2
26.3,54,0.02,22.8,1,23.1,3,1
26.3,54,0.02,22.8,0,23.1,4,1
26.45,54,0.03,24,0,23.1,3,1
26.45,54,0.03,24,0,23.1,3,2
26.45,54,0.03,24,0,23.1,2,1
26.45,54,0.03,24,-1,23.1,2,1
26.2,54,0.01,23.6,0,23.1,2,1
26.2,54,0.01,23.6,0,23.1,3,2
26.2,54,0.01,23.6,-1,23.1,2,1
26.2,54,0.01,23.6,1,23.1,2,1
26.2,54,0.01,23.6,-1,23.1,1,1
26.2,54,0.01,23.6,0,23.1,2,2
25.75,54,0,18.5,0,23.1,2,1
25.75,54,0,18.5,0,23.1,3,1
25.75,54,0,18.5,2,23.1,3,1
25.75,54,0,18.5,-1,23.1,2,1
25.75,54,0,18.5,0,23.1,4,1
25.75,54,0,18.5,0,23.1,5,1
25.6,54,0.1,24.7,-1,23.1,1,1
25.6,54,0.1,24.7,-1,23.1,2,2
25.6,54,0.1,24.7,-1,23.1,2,1
25.6,54,0.1,24.7,0,23.1,2,1
25.6,54,0.1,24.7,0,23.1,1,1
25.6,54,0.1,24.7,-1,23.1,1,2
25.6,54,0.1,24.7,1,23.1,2,1
25.2,54,0.1,23.9,-1,23.1,3,2
25.2,54,0.1,23.9,-1,23.1,4,1
25.2,54,0.1,23.9,1,23.1,3,1
25.2,54,0.1,23.9,0,23.1,3,1
25.2,54,0.1,23.9,-1,23.1,3,1
25.2,54,0.1,23.9,0,23.1,3,2
25.2,54,0.1,23.9,0,23.1,6,1
25.2,54,0.1,23.9,0,23.1,4,1
22.4,38,0.05,13.7,-1,23.1,2,1
22.4,38,0.05,13.7,0,23.1,2,1
22.4,38,0.05,13.7,-1,23.1,1,1
22.4,38,0.05,13.7,-1,23.1,2,2
22.4,38,0.05,13.7,0,23.1,2,2
22.4,38,0.05,13.7,-1,23.1,3,1
23.7,44,0.06,20.9,-1,23.1,3,1
23.7,44,0.06,20.9,-2,23.1,2,1
23.7,44,0.06,20.9,-1,23.1,4,1
23.7,44,0.06,20.9,-1,23.1,2,1
23.7,44,0.06,20.9,-2,23.1,3,1
23.7,44,0.06,20.9,0,23.1,3,2
23.3,39,0.09,21.7,0,23.1,2,1
23.3,39,0.09,21.7,-2,23.1,2,1
23.3,39,0.09,21.7,-1,23.1,2,2
23.3,39,0.09,21.7,-1,23.1,2,1
23.3,39,0.09,21.7,0,23.1,3,1
23.3,39,0.09,21.7,-1,23.1,3,2
23.3,39,0.09,21.7,-1,23.1,1,2
22.2,97,0.06,11.6,0,23.1,2,2
22.2,97,0.06,11.6,-1,23.1,2,1
22.2,97,0.06,11.6,-1,23.1,2,2
22.2,97,0.06,11.6,0,23.1,3,1
22.2,97,0.06,11.6,0,23.1,2,1
22.2,97,0.06,11.6,-1,23.1,3,2
22.6,98,0.09,10.4,-1,23.1,2,1
22.6,98,0.09,10.4,-1,23.1,1,1
22.85,39,0.02,6.5,-1,23.1,2,1
22.85,39,0.02,6.5,0,23.1,2,1
22.85,39,0.02,6.5,-1,23.1,3,2
22.85,39,0.02,6.5,0,23.1,3,1
22.85,39,0.02,6.5,-1,23.1,2,2
22.85,39,0.02,6.5,-1,23.1,1,1
22.85,39,0.02,6.5,-1,23.1,3,1
22.85,39,0.02,6.5,0,23.1,2,2
30.01,73.4,0.1,30.17,1,23.1,2,1
30.01,73.4,0.1,30.17,0,23.1,2,2
30.01,73.4,0.1,30.17,-1,23.1,2,2
30.01,73.4,0.1,30.17,-1,23.1,2,1
30.01,73.4,0.1,30.17,0,23.1,2,1
30.01,73.4,0.1,30.17,0,23.1,1,1
30.01,73.4,0.1,30.17,2,23.1,2,2
30.01,73.4,0.1,30.17,0,23.1,1,2
30.01,73.4,0.1,30.17,-1,23.1,1,1
30.01,73.4,0.1,30.17,1,23.1,1,1
30.01,73.4,0.1,30.17,1,23.1,2,2
30.01,73.4,0.1,30.17,2,23.1,1,1
30.01,73.4,0.1,30.17,2,23.1,2,1
30.01625,77,0.27,29.72,0,30,1,1
30.01625,77,0.27,29.72,0,30,2,1
30.01625,77,0.27,29.72,1,30,2,1
30.01625,77,0.27,29.72,0,30,2,2
30.01625,77,0.27,29.72,-1,30,2,2
30.01625,77,0.27,29.72,1,30,2,2
30.01625,77,0.27,29.72,-1,30,2,1
30.01625,77,0.27,29.72,1,30,1,1
30.01625,77,0.27,29.72,1,30,1,2
26.8,69,0.1,29.4,-2,23.1,2,2
26.8,69,0.1,29.4,-1,23.1,1,1
26.8,69,0.1,29.4,-1,23.1,2,1
26.8,69,0.1,29.4,0,23.1,1,1
26.8,69,0.1,29.4,-1,23.1,2,2
26.8,69,0.1,29.4,0,23.1,1,2
26.8,69,0.1,29.4,0,23.1,2,2
26.8,69,0.1,29.4,-1,23.1,1,2
26.8,69,0.1,29.4,-2,23.1,1,2
23.7,79,0.1,27.8,0,23.1,1,2
23.7,79,0.1,27.8,-1,23.1,3,2
23.7,79,0.1,27.8,-1,23.1,1,2
23.7,79,0.1,27.8,-1,23.1,4,1
23.7,79,0.1,27.8,-1,23.1,1,1
23.7,79,0.1,27.8,0,23.1,1,1
23.7,79,0.1,27.8,-1,23.1,2,2
23.7,79,0.1,27.8,0,23.1,2,2
23.7,79,0.1,27.8,0,23.1,2,1
23.7,79,0.1,27.8,-1,23.1,2,1
28.5,86.5,0.1,27.5,0,23.1,2,2
28.5,86.5,0.1,27.5,-1,23.1,3,2
28.5,86.5,0.1,27.5,-1,23.1,2,2
28.5,86.5,0.1,27.5,1,23.1,2,2
28.5,86.5,0.1,27.5,0,23.1,2,1
28.5,86.5,0.1,27.5,1,23.1,3,1
28.5,86.5,0.1,27.5,0,23.1,3,1
28.5,86.5,0.1,27.5,1,23.1,5,1
28.5,86.5,0.1,27.5,0,23.1,3,2
28.5,86.5,0.1,27.5,2,23.1,2,1
25.7,81.5,0.15,27.8,-1,23.1,2,2
25.7,81.5,0.15,27.8,-1,23.1,2,1
25.7,81.5,0.15,27.8,0,23.1,2,1
25.7,81.5,0.15,27.8,0,23.1,3,1
25.7,81.5,0.15,27.8,-1,23.1,1,1
25.7,81.5,0.15,27.8,-1,23.1,3,2
25.7,81.5,0.15,27.8,0,23.1,2,2
25.7,81.5,0.15,27.8,0,23.1,3,2
25.7,81.5,0.15,27.8,1,23.1,2,1
27.4,68,0.1,31.7,-1,23.1,2,1
27.4,68,0.1,31.7,-1,23.1,1,1
27.4,68,0.1,31.7,-1,23.1,1,2
27.4,68,0.1,31.7,0,23.1,1,1
27.4,68,0.1,31.7,-1,23.1,2,2
27.4,68,0.1,31.7,0,23.1,3,1
27.4,68,0.1,31.7,-2,23.1,1,1
27.4,68,0.1,31.7,0,23.1,1,2
27.4,68,0.1,31.7,0,23.1,2,1
23.7,32,0.1,33,0,23.1,2,2
23.7,32,0.1,33,1,23.1,2,1
23.7,32,0.1,33,0,23.1,2,1
23.7,32,0.1,33,0,23.1,3,2
23.7,32,0.1,33,2,23.1,1,2
23.7,32,0.1,33,0,23.1,4,2
23.7,32,0.1,33,0,23.1,5,2
23.7,32,0.1,33,1,23.1,3,2
23.7,32,0.1,33,-1,23.1,2,1
23.7,32,0.1,33,-1,23.1,2,2
23.7,32,0.1,33,1,23.1,1,2
23.7,32,0.1,33,1,23.1,2,2
23.7,32,0.1,33,2,23.1,2,1
23.7,32,0.1,33,0,23.1,3,1
23.7,32,0.1,33,2,23.1,2,2
23.7,32,0.1,33,-1,23.1,3,2
23.7,32,0.1,33,2,23.1,4,2
23.7,22,0.1,36.9,2,23.1,2,2
23.7,22,0.1,36.9,0,23.1,2,1
23.7,22,0.1,36.9,1,23.1,2,2
23.7,22,0.1,36.9,0,23.1,4,2
23.7,22,0.1,36.9,0,23.1,2,2
23.7,22,0.1,36.9,-2,23.1,3,2
23.7,22,0.1,36.9,1,23.1,1,2
23.7,22,0.1,36.9,0,23.1,3,2
23.7,22,0.1,36.9,-1,23.1,3,2
23.7,90,0.1,24.5,0,23.1,3,2
23.7,90,0.1,24.5,-1,23.1,1,1
23.7,90,0.1,24.5,-1,23.1,2,1
23.7,90,0.1,24.5,0,23.1,1,2
23.7,90,0.1,24.5,-1,23.1,1,2
23.7,90,0.1,24.5,0,23.1,1,1
23.7,90,0.1,24.5,-1,23.1,2,2
23.7,90,0.1,24.5,0,23.1,2,2
23.7,90,0.1,24.5,0,23.1,2,1
23.7,90,0.1,24.5,-2,23.1,1,1
23.7,90,0.1,24.5,1,23.1,1,2
23.7,90,0.1,24.5,-1,23.1,5,2
23.7,62.5,0.1,19.94,0,23.1,2,1
23.7,62.5,0.1,19.94,0,23.1,1,1
23.7,62.5,0.1,19.94,-1,23.1,1,1
23.7,62.5,0.1,19.94,0,23.1,1,2
23.7,62.5,0.1,19.94,0,23.1,4,1
23.7,62.5,0.1,19.94,1,23.1,1,2
23.7,62.5,0.1,19.94,-1,23.1,1,2
23.7,62.5,0.1,19.94,0,23.1,2,2
23.7,62.5,0.1,19.94,1,23.1,2,2
23.7,62.5,0.1,19.94,-1,23.1,2,2
23.7,62.5,0.1,19.94,0,23.1,3,2
23.7,62.5,0.1,19.94,-1,23.1,3,2
23.7,62.5,0.1,19.94,2,23.1,2,2
23.7,72,0.1,31,0,23.1,1,2
23.7,72,0.1,31,-1,23.1,1,2
23.7,72,0.1,31,-1,23.1,1,1
23.7,72,0.1,31,-1,23.1,2,2
23.7,72,0.1,31,0,23.1,2,2
23.7,72,0.1,31,1,23.1,2,2
23.7,72,0.1,31,-1,23.1,4,1
23.7,72,0.1,31,-2,23.1,2,1
23.7,72,0.1,31,1,23.1,3,2
23.7,72,0.1,31,2,23.1,3,2
23.7,72,0.1,31,0,23.1,3,2
23.7,72,0.1,31,0,23.1,2,1
23.7,72,0.1,31,-1,23.1,2,1
23.7,72,0.1,31,-1,23.1,3,2
23.7,72,0.1,31,-2,23.1,2,2
23.7,83,0.1,24,0,23.1,2,2
23.7,83,0.1,24,-1,23.1,2,2
23.7,83,0.1,24,0,23.1,3,2
23.7,83,0.1,24,-1,23.1,3,2
23.7,83,0.1,24,2,23.1,2,2
23.7,83,0.1,24,2,23.1,1,2
23.7,83,0.1,24,-1,23.1,2,1
23.7,83,0.1,24,0,23.1,3,1
23.7,83,0.1,24,0,23.1,2,1
23.7,83,0.1,24,1,23.1,2,2
23.7,83,0.1,24,1,23.1,3,2
23.7,100,0.1,7,0,23.1,1,1
23.7,100,0.1,7,-1,23.1,1,2
23.7,100,0.1,7,0,23.1,2,1
23.7,100,0.1,7,-1,23.1,3,2
23.7,100,0.1,7,0,23.1,2,2
23.7,100,0.1,7,0,23.1,1,2
23.7,100,0.1,7,-1,23.1,1,1
23.7,100,0.1,7,-1,23.1,2,1
23.7,100,0.1,7,-2,23.1,1,1
23.7,100,0.1,7,0,23.1,3,2
23.7,100,0.1,7,-1,23.1,2,2
23.7,100,0.1,7,1,23.1,2,2
23.7,100,0.1,7,0,23.1,6,2
23.7,100,0.1,7,1,23.1,1,1
23.7,100,0.1,7,1,23.1,1,2
23.7,100,0.1,7,0,23.1,4,2
23.7,69,0.1,22,-1,23.1,1,1
23.7,69,0.1,22,-1,23.1,2,1
23.7,69,0.1,22,0,23.1,1,1
23.7,69,0.1,22,-1,23.1,2,2
23.7,69,0.1,22,-2,23.1,2,2
23.7,69,0.1,22,0,23.1,2,1
23.7,69,0.1,22,0,23.1,1,2
23.7,69,0.1,22,-1,23.1,1,2
23.7,69,0.1,22,0,23.1,2,2
23.7,69,0.1,14,0,23.1,1,1
23.7,69,0.1,14,-1,23.1,1,1
23.7,69,0.1,14,-1,23.1,1,2
23.7,69,0.1,14,-1,23.1,2,2
23.7,69,0.1,14,-1,23.1,2,1
23.7,69,0.1,14,-2,23.1,2,1
23.7,69,0.1,14,0,23.1,2,1
23.7,75,0.1,32,-1,23.1,2,1
23.7,75,0.1,32,0,23.1,2,1
23.7,75,0.1,32,-1,23.1,2,2
23.7,75,0.1,32,-2,23.1,2,1
23.7,75,0.1,32,-1,23.1,1,1
23.7,75,0.1,32,2,23.1,2,1
23.7,63,0.1,32.8,0,23.1,2,1
23.7,63,0.1,32.8,-1,23.1,2,1
23.7,63,0.1,32.8,-1,23.1,2,2
23.7,63,0.1,32.8,2,23.1,2,1
23.7,63,0.1,32.8,0,23.1,2,2
23.7,20,0.1,35,0,23.1,2,2
23.7,20,0.1,35,0,23.1,2,1
23.7,20,0.1,35,0,23.1,1,1
23.7,20,0.1,35,-1,23.1,2,1
23.7,20,0.1,35,2,23.1,1,1
23.7,20,0.1,35,-1,23.1,2,2
23.7,89,0.1,27.8,-1,23.1,2,2
23.7,89,0.1,27.8,2,23.1,2,1
23.7,89,0.1,27.8,0,23.1,2,2
23.7,89,0.1,27.8,-1,23.1,1,1
23.7,89,0.1,27.8,1,23.1,2,1
23.7,89,0.1,27.8,0,23.1,2,1
23.7,61,0.1,27.2,0,23.1,2,2
23.7,61,0.1,27.2,-1,23.1,2,2
23.7,61,0.1,27.2,0,23.1,1,1
23.7,61,0.1,27.2,0,23.1,2,1
23.7,61,0.1,27.2,-1,23.1,1,1
23.7,61,0.1,27.2,2,23.1,2,1
23.7,61,0.1,27.2,-1,23.1,2,1
23.7,61,0.1,27.2,2,23.1,1,1
26.725,58.3,0.02,19.8,0,26.6,1,1
26.725,58.3,0.02,19.8,2,26.6,1,1
26.725,58.3,0.02,19.8,0,26.6,1,2
26.725,58.3,0.02,19.8,1,26.6,1,1
26.725,58.3,0.02,19.8,0,26.6,2,2
26.725,58.3,0.02,19.8,0,26.6,2,1
25.095,47.2,0.11,22.7,-1,24.9,2,2
25.095,47.2,0.11,22.7,-1,24.9,1,1
25.095,47.2,0.11,22.7,0,24.9,2,2
25.095,47.2,0.11,22.7,0,24.9,1,1
25.095,47.2,0.11,22.7,-2,24.9,2,1
24.75,39.5,0.13,25.8,1,24.7,1,1
24.75,39.5,0.13,25.8,0,24.7,1,1
24.75,39.5,0.13,25.8,-1,24.7,1,2
24.75,39.5,0.13,25.8,0,24.7,2,2
24.75,39.5,0.13,25.8,0,24.7,1,2
28.15,35.1,0.29,30.6,1,27.7,1,2
28.15,35.1,0.29,30.6,0,27.7,1,1
28.15,35.1,0.29,30.6,0,27.7,2,2
28.15,35.1,0.29,30.6,1,27.7,1,1
28.15,35.1,0.29,30.6,2,27.7,1,1
28.15,35.1,0.29,30.6,1,27.7,2,2
28.15,35.1,0.29,30.6,1,27.7,2,1
28.15,35.1,0.29,30.6,0,27.7,1,2
28.15,35.1,0.29,30.6,2,27.7,1,2
24.72,50.4,0.1,22.5,1,23.1,1,1
24.72,50.4,0.1,22.5,0,23.1,2,2
24.72,50.4,0.1,22.5,0,23.1,1,2
24.72,50.4,0.1,22.5,0,23.1,1,1
24.72,50.4,0.1,22.5,1,23.1,1,2
24.72,50.4,0.1,22.5,-1,23.1,1,1
24.72,50.4,0.1,22.5,-1,23.1,2,2
24.72,50.4,0.1,22.5,-1,23.1,1,2
25.11,54.2,0.1,22.2,1,23.1,1,2
25.11,54.2,0.1,22.2,0,23.1,1,2
25.11,54.2,0.1,22.2,0,23.1,2,2
25.11,54.2,0.1,22.2,0,23.1,1,1
25.11,54.2,0.1,22.2,-1,23.1,1,2
25.11,54.2,0.1,22.2,0,23.1,2,1
25.11,54.2,0.1,22.2,1,23.1,2,2
25.11,54.2,0.1,22.2,1,23.1,1,1
25.11,54.2,0.1,22.2,2,23.1,1,1
25.11,54.2,0.1,22.2,-1,23.1,1,1
25.11,54.2,0.1,22.2,0,23.1,3,2
23.7,34,0.1,16,0,23.1,1,1
23.7,34,0.1,16,0,23.1,2,2
23.7,34,0.1,16,1,23.1,1,1
23.7,34,0.1,16,-1,23.1,2,2
23.7,34,0.1,16,0,23.1,1,2
23.7,34,0.1,16,0,23.1,2,1
23.7,34,0.1,16,-1,23.1,3,1
23.7,34,0.1,16,-1,23.1,2,1
23.7,34,0.1,16,1,23.1,2,2
23.7,34,0.1,16,-1,23.1,1,1
23.7,34,0.1,16,0,23.1,3,2
23.7,34,0.1,16,1,23.1,3,2
23.7,63,0.1,14,-1,23.1,1,2
23.7,63,0.1,14,0,23.1,2,2
23.7,63,0.1,14,0,23.1,1,2
23.7,63,0.1,14,-1,23.1,2,2
23.7,63,0.1,14,0,23.1,1,1
23.7,63,0.1,14,0,23.1,5,2
23.7,63,0.1,14,0,23.1,2,1
23.7,63,0.1,14,-1,23.1,1,1
23.7,93,0.1,-2,-1,23.1,2,2
23.7,93,0.1,-2,-1,23.1,1,1
23.7,93,0.1,-2,0,23.1,4,2
23.7,93,0.1,-2,-1,23.1,1,2
23.7,93,0.1,-2,-1,23.1,2,1
23.7,93,0.1,-2,0,23.1,2,2
23.7,93,0.1,-2,-1,23.1,6,2
23.7,93,0.1,-2,0,23.1,1,2
23.7,93,0.1,-2,0,23.1,3,2
23.7,93,0.1,-2,0,23.1,2,1
23.7,67,0.1,-10,0,23.1,1,2
23.7,67,0.1,-10,0,23.1,2,2
23.7,67,0.1,-10,0,23.1,4,1
23.7,67,0.1,-10,0,23.1,3,2
23.7,67,0.1,-10,1,23.1,1,2
23.7,67,0.1,-10,-1,23.1,2,2
23.7,67,0.1,-10,0,23.1,4,2
23.7,67,0.1,-10,0,23.1,5,2
23.7,67,0.1,-10,-1,23.1,3,1
23.7,67,0.1,-10,-1,23.1,1,2
23.7,67,0.1,-10,-1,23.1,3,2
23.7,67,0.1,-10,0,23.1,2,1
23.7,67,0.1,-10,-1,23.1,2,1
23,67,0.1,15,-1,23.1,3,1
23,67,0.1,15,-1,23.1,3,2
23,67,0.1,15,0,23.1,2,1
23,67,0.1,15,0,23.1,2,2
23,67,0.1,15,-1,23.1,1,1
23,67,0.1,15,0,23.1,1,2
23,67,0.1,15,0,23.1,6,1
23,67,0.1,15,-1,23.1,2,2
23,67,0.1,15,0,23.1,3,1
23,67,0.1,15,-1,23.1,4,2
23,67,0.1,15,0,23.1,3,2
23,67,0.1,15,1,23.1,2,2
23,67,0.1,15,-1,23.1,2,1
23,67,0.1,15,1,23.1,3,1
19,78,0.1,8,-1,23.1,2,1
19,78,0.1,8,-1,23.1,6,2
19,78,0.1,8,-1,23.1,3,1
19,78,0.1,8,-1,23.1,1,1
19,78,0.1,8,0,23.1,1,1
19,78,0.1,8,0,23.1,2,2
19,78,0.1,8,-1,23.1,1,2
19,78,0.1,8,0,23.1,2,1
19,78,0.1,8,-1,23.1,2,2
19,78,0.1,8,-1,23.1,4,1
19,78,0.1,8,0,23.1,3,1
19,78,0.1,8,-1,23.1,3,2
19,78,0.1,8,0,23.1,1,2
19,78,0.1,8,-2,23.1,2,1
19,78,0.1,8,-2,23.1,6,1
19,78,0.1,8,0,23.1,3,2
19,78,0.1,8,-1,23.1,4,2
27.36,60.912,0.3,27.65,-1,27.55,1,1
27.36,60.912,0.3,27.65,0,27.55,1,1
27.36,60.912,0.3,27.65,-1,27.55,1,2
27.36,60.912,0.3,27.65,-1,27.55,2,1
27.36,60.912,0.3,27.65,-2,27.55,1,1
27.36,60.912,0.3,27.65,1,27.55,1,1
27.36,60.912,0.3,27.65,-1,27.55,6,1
27.36,60.912,0.3,27.65,-1,27.55,3,1
27.36,60.912,0.3,27.65,-1,27.55,2,2
27.36,60.912,0.3,27.65,-2,27.55,2,1
27.267,59.4,0.7,26.27,-1,27.41,2,1
27.267,59.4,0.7,26.27,0,27.41,2,1
27.267,59.4,0.7,26.27,0,27.41,1,1
27.267,59.4,0.7,26.27,-2,27.41,2,1
27.267,59.4,0.7,26.27,-1,27.41,1,2
27.267,59.4,0.7,26.27,-1,27.41,2,2
27.267,59.4,0.7,26.27,1,27.41,2,1
27.267,59.4,0.7,26.27,-1,27.41,1,1
27.267,59.4,0.7,26.27,0,27.41,1,2
27.267,59.4,0.7,26.27,0,27.41,2,2
27.267,59.4,0.7,26.27,1,27.41,2,2
27.267,59.4,0.7,26.27,1,27.41,1,1
25.9,60.7,0.6,25.08,0,26.72,1,1
25.9,60.7,0.6,25.08,-2,26.72,1,1
25.9,60.7,0.6,25.08,-1,26.72,1,1
25.9,60.7,0.6,25.08,-1,26.72,2,2
25.9,60.7,0.6,25.08,0,26.72,2,1
25.9,60.7,0.6,25.08,0,26.72,2,2
25.9,60.7,0.6,25.08,0,26.72,1,2
25.9,60.7,0.6,25.08,-1,26.72,2,1
25.9,60.7,0.6,25.08,-2,26.72,1,2
25.9,60.7,0.6,25.08,-2,26.72,2,1
25.9,60.7,0.6,25.08,-1,26.72,1,2
19.29,49,0.4,13.18,0,25.4,2,1
19.29,49,0.4,13.18,-1,25.4,2,2
19.29,49,0.4,13.18,-1,25.4,2,1
19.29,49,0.4,13.18,0,25.4,2,2
19.29,49,0.4,13.18,0,25.4,4,1
19.29,49,0.4,13.18,-1,25.4,3,1
19.29,49,0.4,13.18,-2,25.4,2,1
19.29,49,0.4,13.18,-1,25.4,6,1
19.29,49,0.4,13.18,-2,25.4,2,2
29.85,75,0.04,24,-1,23.1,1,1
29.85,75,0.04,24,0,23.1,2,2
29.85,75,0.04,24,-1,23.1,2,1
29.85,75,0.04,24,2,23.1,2,2
29.85,75,0.04,24,2,23.1,3,1
29.85,75,0.04,24,0,23.1,1,1
29.85,75,0.04,24,2,23.1,1,2
29.85,75,0.04,24,0,23.1,1,2
29.85,75,0.04,24,-1,23.1,1,2
29.85,75,0.04,24,2,23.1,1,1
29.85,75,0.04,24,0,23.1,2,1
29.85,75,0.04,24,0,23.1,3,1
29.85,75,0.04,24,1,23.1,2,2
29.85,75,0.04,24,1,23.1,1,2
25.65,78,0.04,24,-1,23.1,2,2
25.65,78,0.04,24,-2,23.1,2,1
25.65,78,0.04,24,-1,23.1,2,1
25.65,78,0.04,24,0,23.1,2,2
25.65,78,0.04,24,-2,23.1,2,2
25.65,78,0.04,24,-1,23.1,1,1
25.65,78,0.04,24,0,23.1,4,2
25.65,78,0.04,24,0,23.1,3,1
25.65,78,0.04,24,1,23.1,3,2
25.65,78,0.04,24,-2,23.1,1,1
25.65,78,0.04,24,-1,23.1,1,2
25.65,78,0.04,24,0,23.1,2,1
25.65,78,0.04,24,1,23.1,2,2
25.65,78,0.04,24,0,23.1,1,1
23.7,72,0.1,20.4,0,23.1,3,2
23.7,72,0.1,20.4,1,23.1,2,1
23.7,72,0.1,20.4,0,23.1,1,1
23.7,72,0.1,20.4,-1,23.1,1,1
23.7,72,0.1,20.4,-1,23.1,2,1
23.7,72,0.1,20.4,0,23.1,2,1
23.7,72,0.1,20.4,-1,23.1,1,2
23.7,72,0.1,20.4,-1,23.1,2,2
23.7,72,0.1,20.4,0,23.1,2,2
23.7,72,0.1,20.4,-1,23.1,3,2
23.7,72,0.1,20.4,-1,23.1,4,2
23.7,72,0.1,20.4,-2,23.1,2,1
23.7,72,0.1,20.4,0,23.1,3,1
23,48,0.1,7.1,0,23.1,4,2
23,48,0.1,7.1,0,23.1,3,1
23,48,0.1,7.1,-1,23.1,4,1
23,48,0.1,7.1,-1,23.1,5,2
23,48,0.1,7.1,-1,23.1,3,2
23,48,0.1,7.1,0,23.1,2,1
23,48,0.1,7.1,-1,23.1,2,1
23,48,0.1,7.1,-2,23.1,2,2
23,48,0.1,7.1,0,23.1,3,2
23,48,0.1,7.1,-1,23.1,2,2
23,48,0.1,7.1,-1,23.1,3,1
23,48,0.1,7.1,0,23.1,2,2
23,48,0.1,7.1,1,23.1,2,2
24.5,76,0.1,23,0,23.1,4,2
24.5,76,0.1,23,-1,23.1,1,1
24.5,76,0.1,23,-1,23.1,1,2
24.5,76,0.1,23,0,23.1,3,1
24.5,76,0.1,23,0,23.1,2,1
24.5,76,0.1,23,-1,23.1,2,2
24.5,76,0.1,23,-1,23.1,2,1
24.5,76,0.1,23,0,23.1,2,2
24.5,76,0.1,23,-1,23.1,3,2
24.5,76,0.1,23,-1,23.1,3,1
24.5,76,0.1,23,0,23.1,3,2
28.3,62.5,0.1,26.4,2,23.1,1,2
28.3,62.5,0.1,26.4,2,23.1,2,2
28.3,62.5,0.1,26.4,0,23.1,1,1
28.3,62.5,0.1,26.4,0,23.1,2,1
28.3,62.5,0.1,26.4,0,23.1,1,2
28.3,62.5,0.1,26.4,1,23.1,2,2
28.3,62.5,0.1,26.4,1,23.1,1,1
28.3,62.5,0.1,26.4,1,23.1,2,1
28.3,62.5,0.1,26.4,2,23.1,1,1
28.3,62.5,0.1,26.4,1,23.1,1,2
28.3,62.5,0.1,26.4,2,23.1,4,1
28.3,62.5,0.1,26.4,2,23.1,2,1
28.3,62.5,0.1,26.4,1,23.1,3,2
28.3,62.5,0.1,26.4,2,23.1,3,2
28.3,62.5,0.1,26.4,0,23.1,6,2
23.7,80,0.1,16,-1,23.1,3,1
23.7,80,0.1,16,0,23.1,2,1
23.7,80,0.1,16,-1,23.1,2,2
23.7,80,0.1,16,-1,23.1,1,1
23.7,80,0.1,16,0,23.1,4,2
23.7,80,0.1,16,-1,23.1,2,1
23.7,80,0.1,16,0,23.1,2,2
23.7,80,0.1,16,-1,23.1,1,2
23.7,80,0.1,16,0,23.1,1,1
23.7,80,0.1,16,-2,23.1,2,2
23.7,80,0.1,16,-2,23.1,2,1
23.7,80,0.1,16,0,23.1,1,2
23.7,80,0.1,16,-1,23.1,4,1
23.7,80,0.1,16,-1,23.1,3,2
23.7,80,0.1,16,-2,23.1,4,2
23.7,80,0.1,16,0,23.1,3,2
23.7,80,0.1,16,0,23.1,3,1
23.7,80,0.1,16,-2,23.1,1,1
23.7,80,0.1,16,-1,23.1,4,2
21.315,99,0.1,7.6,-1,20.3,3,2
21.315,99,0.1,7.6,-1,20.3,2,2
21.315,99,0.1,7.6,0,20.3,2,2
21.315,99,0.1,7.6,1,20.3,4,1
21.315,99,0.1,7.6,0,20.3,3,2
21.315,99,0.1,7.6,0,20.3,1,1
21.315,99,0.1,7.6,-1,20.3,1,1
21.315,99,0.1,7.6,-1,20.3,2,1
21.315,99,0.1,7.6,0,20.3,1,2
21.315,99,0.1,7.6,0,20.3,2,1
21.315,99,0.1,7.6,-2,20.3,4,1
21.315,99,0.1,7.6,-1,20.3,4,2
21.315,99,0.1,7.6,-1,20.3,1,2
21.315,99,0.1,7.6,-2,20.3,2,2
21.315,99,0.1,7.6,0,20.3,4,2
21.315,99,0.1,7.6,-2,20.3,2,1
21.315,99,0.1,7.6,0,20.3,3,1
21.315,99,0.1,7.6,-1,20.3,6,1
21.315,99,0.1,7.6,0,20.3,5,2
21.315,99,0.1,7.6,-1,20.3,6,2
21.8,83,0.1,12.8,-1,20.5,2,2
21.8,83,0.1,12.8,-1,20.5,3,2
21.8,83,0.1,12.8,-1,20.5,3,1
21.8,83,0.1,12.8,0,20.5,2,2
21.8,83,0.1,12.8,0,20.5,1,2
21.8,83,0.1,12.8,-1,20.5,6,2
21.8,83,0.1,12.8,0,20.5,3,1
21.8,83,0.1,12.8,1,20.5,1,1
21.8,83,0.1,12.8,-1,20.5,6,1
21.8,83,0.1,12.8,0,20.5,3,2
21.8,83,0.1,12.8,-1,20.5,2,1
21.8,83,0.1,12.8,0,20.5,2,1
21.8,83,0.1,12.8,1,20.5,1,2
21.8,83,0.1,12.8,0,20.5,1,1
21.8,83,0.1,12.8,-1,20.5,1,1
21.8,83,0.1,12.8,-1,20.5,4,1
21.8,83,0.1,12.8,-1,20.5,1,2
21.8,83,0.1,12.8,2,20.5,1,2
21.8,83,0.1,12.8,0,20.5,6,2
21.8,83,0.1,12.8,0,20.5,4,1
23.7,50,0.1,29.2,0,23.1,3,1
23.7,50,0.1,29.2,0,23.1,2,1
23.7,50,0.1,29.2,0,23.1,2,2
23.7,50,0.1,29.2,0,23.1,4,1
23.7,50,0.1,29.2,-1,23.1,2,1
23.7,50,0.1,29.2,-1,23.1,2,2
23.7,50,0.1,29.2,-1,23.1,6,2
23.7,50,0.1,29.2,-1,23.1,4,2
23.7,50,0.1,29.2,-2,23.1,2,1
23.7,50,0.1,29.2,-1,23.1,3,2
23.7,50,0.1,29.2,-1,23.1,6,1
23.7,50,0.1,29.2,-2,23.1,4,2
23.7,50,0.1,29.2,-1,23.1,3,1
23.7,83,0.1,17.2,-1,23.1,2,2
23.7,83,0.1,17.2,0,23.1,4,1
23.7,83,0.1,17.2,0,23.1,2,2
23.7,83,0.1,17.2,0,23.1,2,1
23.7,83,0.1,17.2,-2,23.1,4,1
23.7,83,0.1,17.2,-1,23.1,3,2
23.7,83,0.1,17.2,-1,23.1,3,1
23.7,83,0.1,17.2,-1,23.1,2,1
23.7,83,0.1,17.2,0,23.1,3,2
23.7,83,0.1,17.2,0,23.1,3,1
23.7,83,0.1,17.2,1,23.1,2,2
23.7,83,0.1,17.2,-1,23.1,4,2
23.7,83,0.1,17.2,-2,23.1,2,1
23.7,83,0.1,17.2,-2,23.1,3,2
23.7,54,0.1,18,-1,23.1,2,1
23.7,54,0.1,18,0,23.1,4,1
23.7,54,0.1,18,-1,23.1,4,2
23.7,54,0.1,18,0,23.1,2,1
23.7,54,0.1,18,-1,23.1,2,2
23.7,54,0.1,18,0,23.1,2,2
23.7,54,0.1,18,0,23.1,1,1
23.7,54,0.1,18,-1,23.1,3,2
23.7,54,0.1,18,0,23.1,4,2
23.7,54,0.1,18,-1,23.1,3,1
